"Date","Open","High","Low","Close","Volume","MACD ‌macd‌ (12,26,9)","Signal ‌macd‌ (12,26,9)","‌macd‌ (12,26,9)_hist","MA ‌ma‌ (50,ma,0,n)","RSI ‌rsi‌ (2)","MA ‌ma‌ (200,ma,0)","MA ‌ma‌ (20,ma,0)","StoRSI ‌dsStoRSI‌ (14,C,80,20,y)","Index ‌Neg Vol‌ (255,ema)","MA ‌Neg Vol‌ (255,ema)","RSI ‌rsi‌ (14)"
"Mon Oct 24 2022 00:00:00 GMT+0530 (India Standard Time)","808.00","810.00","802.00","805.50","665021.00","-16.31","-17.00","0.69","850.44","48.03","773.08","811.14","73.98","89.24","86.05","44.45"
"Tue Oct 25 2022 00:00:00 GMT+0530 (India Standard Time)","806.70","812.75","797.10","800.35","4485050.00","-15.79","-16.76","0.96","850.59","31.36","773.39","807.99","63.74","89.24","86.08","43.24"
"Thu Oct 27 2022 00:00:00 GMT+0530 (India Standard Time)","805.00","824.00","795.00","821.25","7110289.00","-13.55","-16.12","2.57","851.25","82.02","773.72","806.84","100.00","89.24","86.10","49.25"
"Fri Oct 28 2022 00:00:00 GMT+0530 (India Standard Time)","824.00","834.80","817.30","820.30","6898541.00","-11.70","-15.23","3.53","851.17","76.86","774.12","806.50","98.12","89.13","86.12","49.00"
"Mon Oct 31 2022 00:00:00 GMT+0530 (India Standard Time)","824.00","831.00","819.50","823.55","4487537.00","-9.87","-14.16","4.29","851.15","83.82","774.56","806.86","100.00","89.49","86.15","49.95"
"Tue Nov 01 2022 00:00:00 GMT+0530 (India Standard Time)","827.70","844.90","823.55","841.80","7769108.00","-6.86","-12.70","5.84","851.32","96.30","775.07","807.92","100.00","89.49","86.18","55.02"
"Wed Nov 02 2022 00:00:00 GMT+0530 (India Standard Time)","850.00","850.00","829.00","833.40","11859603.00","-5.10","-11.18","6.08","850.55","56.31","775.42","810.37","86.35","89.49","86.20","52.39"
"Thu Nov 03 2022 00:00:00 GMT+0530 (India Standard Time)","825.00","837.80","823.50","833.85","6632872.00","-3.63","-9.67","6.04","850.42","58.17","775.77","810.91","87.03","89.53","86.23","52.52"
"Fri Nov 04 2022 00:00:00 GMT+0530 (India Standard Time)","837.00","867.00","832.00","862.90","11128361.00","-0.11","-7.76","7.65","851.03","93.56","776.22","812.85","100.00","89.53","86.25","60.15"
"Mon Nov 07 2022 00:00:00 GMT+0530 (India Standard Time)","867.20","869.00","845.55","853.00","7995787.00","1.85","-5.84","7.69","851.37","59.34","776.58","814.65","80.20","88.51","86.27","56.80"
"Wed Nov 09 2022 00:00:00 GMT+0530 (India Standard Time)","859.50","901.00","859.00","890.80","20088415.00","6.39","-3.39","9.78","852.86","89.28","777.14","818.79","100.00","88.51","86.29","64.85"
"Thu Nov 10 2022 00:00:00 GMT+0530 (India Standard Time)","894.00","898.00","876.30","893.45","9906420.00","10.08","-0.70","10.78","853.98","90.28","777.80","823.59","100.00","88.77","86.31","65.33"
"Fri Nov 11 2022 00:00:00 GMT+0530 (India Standard Time)","905.00","907.80","890.80","894.50","8777095.00","12.94","2.03","10.91","855.14","90.96","778.55","828.12","100.00","88.87","86.33","65.54"
"Mon Nov 14 2022 00:00:00 GMT+0530 (India Standard Time)","895.00","907.50","885.00","895.05","7653024.00","15.08","4.64","10.44","856.20","91.57","779.33","833.63","100.00","88.93","86.35","65.65"
"Tue Nov 15 2022 00:00:00 GMT+0530 (India Standard Time)","898.90","915.50","895.00","906.90","10675723.00","17.52","7.22","10.31","857.58","97.84","780.25","839.98","100.00","88.93","86.37","68.10"
"Wed Nov 16 2022 00:00:00 GMT+0530 (India Standard Time)","915.00","916.00","874.40","887.35","11504802.00","17.68","9.31","8.37","858.29","28.32","781.17","845.03","59.93","88.93","86.39","60.45"
"Thu Nov 17 2022 00:00:00 GMT+0530 (India Standard Time)","886.00","897.70","880.50","890.85","5190475.00","17.89","11.02","6.86","859.09","42.86","782.07","849.08","64.32","89.28","86.41","61.28"
"Fri Nov 18 2022 00:00:00 GMT+0530 (India Standard Time)","892.05","894.90","879.60","888.90","5384458.00","17.68","12.36","5.33","859.86","34.96","782.97","853.27","58.21","89.28","86.43","60.51"
"Mon Nov 21 2022 00:00:00 GMT+0530 (India Standard Time)","885.00","888.00","869.00","871.60","6108453.00","15.95","13.07","2.87","859.79","8.19","783.78","855.85","10.42","89.28","86.46","54.03"
"Tue Nov 22 2022 00:00:00 GMT+0530 (India Standard Time)","871.60","885.75","870.50","882.45","5466001.00","15.27","13.51","1.75","859.74","53.17","784.61","859.89","30.18","90.39","86.49","57.13"
"Wed Nov 23 2022 00:00:00 GMT+0530 (India Standard Time)","885.45","887.50","866.65","873.60","5319949.00","13.86","13.58","0.27","859.07","29.55","785.28","863.29","9.06","89.48","86.51","53.93"
"Thu Nov 24 2022 00:00:00 GMT+0530 (India Standard Time)","873.90","882.50","868.30","876.65","5111180.00","12.83","13.43","-0.60","857.84","46.07","785.94","867.11","6.62","89.80","86.54","54.87"
"Fri Nov 25 2022 00:00:00 GMT+0530 (India Standard Time)","877.00","881.00","872.10","879.60","5079099.00","12.12","13.17","-1.05","856.45","62.89","786.67","870.02","13.23","90.10","86.56","55.81"
"Mon Nov 28 2022 00:00:00 GMT+0530 (India Standard Time)","876.00","885.25","873.50","878.60","4168244.00","11.35","12.81","-1.46","855.07","51.91","787.43","872.94","10.27","90.00","86.59","55.39"
"Tue Nov 29 2022 00:00:00 GMT+0530 (India Standard Time)","878.00","891.80","874.65","878.20","3663099.00","10.58","12.36","-1.78","853.26","45.55","788.25","875.67","9.01","89.96","86.62","55.21"
"Wed Nov 30 2022 00:00:00 GMT+0530 (India Standard Time)","878.90","884.15","873.30","881.00","3797377.00","10.08","11.91","-1.82","852.12","79.95","789.06","877.63","16.52","89.96","86.64","56.27"
"Thu Dec 01 2022 00:00:00 GMT+0530 (India Standard Time)","884.75","896.50","882.00","890.55","4491806.00","10.34","11.59","-1.25","850.74","96.22","789.85","880.49","41.31","89.96","86.67","59.78"
"Fri Dec 02 2022 00:00:00 GMT+0530 (India Standard Time)","894.00","903.60","884.25","888.20","6279538.00","10.23","11.32","-1.09","849.10","68.76","790.64","883.21","32.51","89.96","86.70","58.54"
"Mon Dec 05 2022 00:00:00 GMT+0530 (India Standard Time)","891.60","896.50","878.55","893.15","3966501.00","10.43","11.14","-0.71","848.30","85.82","791.48","884.72","88.11","90.46","86.72","60.41"
"Tue Dec 06 2022 00:00:00 GMT+0530 (India Standard Time)","893.80","902.30","886.00","896.45","4836193.00","10.73","11.06","-0.33","847.30","91.79","792.49","886.89","100.00","90.46","86.75","61.65"
"Wed Dec 07 2022 00:00:00 GMT+0530 (India Standard Time)","897.80","902.50","884.80","886.75","2867882.00","10.06","10.86","-0.80","846.76","26.40","793.32","886.69","27.83","89.48","86.77","56.08"
"Thu Dec 08 2022 00:00:00 GMT+0530 (India Standard Time)","888.00","898.50","887.35","892.90","2822061.00","9.92","10.67","-0.75","847.35","61.33","794.08","886.66","60.89","90.10","86.80","58.63"
"Fri Dec 09 2022 00:00:00 GMT+0530 (India Standard Time)","896.05","912.00","882.20","890.75","6979639.00","9.53","10.44","-0.92","848.28","46.05","794.86","886.48","44.63","90.10","86.83","57.38"
"Mon Dec 12 2022 00:00:00 GMT+0530 (India Standard Time)","892.05","894.85","878.55","881.30","3412185.00","8.35","10.02","-1.67","849.36","14.43","795.63","885.79","0","89.14","86.84","52.10"
"Tue Dec 13 2022 00:00:00 GMT+0530 (India Standard Time)","884.95","898.00","881.30","894.80","3821073.00","8.41","9.70","-1.29","850.93","71.11","796.55","885.18","62.18","89.14","86.86","58.04"
"Wed Dec 14 2022 00:00:00 GMT+0530 (India Standard Time)","897.20","908.50","891.65","900.55","4930906.00","8.83","9.53","-0.70","852.53","81.53","797.52","885.84","85.81","89.14","86.88","60.30"
"Thu Dec 15 2022 00:00:00 GMT+0530 (India Standard Time)","900.25","906.95","880.35","883.95","3679459.00","7.72","9.17","-1.44","854.52","26.45","798.41","885.50","0","87.50","86.89","51.65"
"Fri Dec 16 2022 00:00:00 GMT+0530 (India Standard Time)","882.95","890.95","854.40","860.45","7791763.00","4.90","8.31","-3.42","855.27","9.08","799.44","884.08","0","87.50","86.89","42.39"
"Mon Dec 19 2022 00:00:00 GMT+0530 (India Standard Time)","860.45","896.00","859.60","892.85","5205837.00","5.21","7.69","-2.48","856.64","67.65","800.43","885.14","62.89","90.79","86.92","54.50"
"Tue Dec 20 2022 00:00:00 GMT+0530 (India Standard Time)","894.10","895.30","871.30","884.25","4023275.00","4.71","7.10","-2.38","857.99","50.41","801.31","885.23","46.85","89.92","86.94","51.41"
"Wed Dec 21 2022 00:00:00 GMT+0530 (India Standard Time)","887.00","893.00","851.55","857.65","4660583.00","2.15","6.11","-3.96","858.98","19.57","802.05","884.43","4.45","89.92","86.97","43.25"
"Thu Dec 22 2022 00:00:00 GMT+0530 (India Standard Time)","864.70","874.30","845.55","856.90","5517570.00","0.05","4.90","-4.84","860.17","18.91","802.80","883.44","3.37","89.92","86.99","43.04"
"Fri Dec 23 2022 00:00:00 GMT+0530 (India Standard Time)","853.00","853.95","790.20","794.10","9112806.00","-6.60","2.60","-9.20","859.97","2.87","803.27","879.17","0","89.92","87.01","30.04"
"Mon Dec 26 2022 00:00:00 GMT+0530 (India Standard Time)","798.00","812.00","785.30","806.05","7205540.00","-10.78","-0.08","-10.70","860.40","26.57","803.91","875.54","13.48","91.27","87.05","34.11"
"Tue Dec 27 2022 00:00:00 GMT+0530 (India Standard Time)","810.10","821.20","798.10","817.15","4872234.00","-13.05","-2.67","-10.38","861.14","49.48","804.55","872.49","25.48","92.53","87.09","37.75"
"Wed Dec 28 2022 00:00:00 GMT+0530 (India Standard Time)","815.75","817.00","808.80","810.35","3624974.00","-15.22","-5.18","-10.04","861.62","35.80","805.03","868.96","21.10","91.76","87.13","36.42"
"Thu Dec 29 2022 00:00:00 GMT+0530 (India Standard Time)","807.00","822.50","799.55","819.55","5308353.00","-16.02","-7.35","-8.67","861.82","63.27","805.48","865.41","31.32","91.76","87.16","39.51"
"Fri Dec 30 2022 00:00:00 GMT+0530 (India Standard Time)","822.45","826.75","815.60","818.10","3252956.00","-16.57","-9.19","-7.38","862.08","55.75","805.92","861.90","30.25","91.60","87.20","39.19"
"Mon Jan 02 2023 00:00:00 GMT+0530 (India Standard Time)","823.00","826.75","816.30","822.30","2042294.00","-16.48","-10.65","-5.83","862.12","73.80","806.38","858.36","35.25","92.07","87.23","40.70"
"Tue Jan 03 2023 00:00:00 GMT+0530 (India Standard Time)","822.25","826.40","817.80","820.45","2166531.00","-16.37","-11.80","-4.58","862.50","54.29","806.87","854.56","41.66","92.07","87.27","40.23"
"Wed Jan 04 2023 00:00:00 GMT+0530 (India Standard Time)","820.80","822.00","806.50","810.00","3260112.00","-16.93","-12.82","-4.11","862.59","13.62","807.31","850.72","30.76","92.07","87.31","37.56"
"Thu Jan 05 2023 00:00:00 GMT+0530 (India Standard Time)","814.05","821.60","797.00","819.60","3119740.00","-16.41","-13.54","-2.87","862.97","63.65","807.70","847.05","46.46","93.16","87.36","41.40"
"Fri Jan 06 2023 00:00:00 GMT+0530 (India Standard Time)","819.90","824.40","803.50","806.10","2892006.00","-16.90","-14.21","-2.68","862.67","24.21","808.06","842.82","36.67","91.62","87.39","37.87"
"Mon Jan 09 2023 00:00:00 GMT+0530 (India Standard Time)","810.45","820.25","809.10","816.65","2040072.00","-16.24","-14.62","-1.62","862.60","61.50","808.45","839.59","90.83","92.82","87.43","42.03"
"Tue Jan 10 2023 00:00:00 GMT+0530 (India Standard Time)","817.00","820.65","781.10","796.40","4545808.00","-17.16","-15.13","-2.03","862.05","21.29","808.76","834.67","52.97","92.82","87.47","36.92"
"Wed Jan 11 2023 00:00:00 GMT+0530 (India Standard Time)","800.00","803.10","789.05","796.45","3618663.00","-17.68","-15.64","-2.04","861.15","21.54","809.07","829.47","57.58","92.83","87.52","36.94"
"Thu Jan 12 2023 00:00:00 GMT+0530 (India Standard Time)","796.70","799.45","786.10","792.95","2670641.00","-18.16","-16.14","-2.02","860.34","14.85","809.32","824.92","24.63","92.42","87.55","36.07"
"Fri Jan 13 2023 00:00:00 GMT+0530 (India Standard Time)","795.60","800.25","786.00","794.65","4059998.00","-18.20","-16.55","-1.64","859.55","34.59","809.61","821.63","13.16","92.42","87.59","36.85"
"Mon Jan 16 2023 00:00:00 GMT+0530 (India Standard Time)","797.00","797.50","784.40","787.05","3601251.00","-18.63","-16.97","-1.66","858.04","11.26","809.74","816.34","0","91.54","87.62","34.79"
"Tue Jan 17 2023 00:00:00 GMT+0530 (India Standard Time)","788.35","791.45","778.10","784.75","2948618.00","-18.93","-17.36","-1.57","856.67","7.99","809.82","811.36","0","91.27","87.65","34.17"
"Wed Jan 18 2023 00:00:00 GMT+0530 (India Standard Time)","784.00","795.85","776.60","786.50","5585785.00","-18.82","-17.65","-1.16","854.59","36.16","809.88","807.80","12.09","91.27","87.68","35.12"
"Thu Jan 19 2023 00:00:00 GMT+0530 (India Standard Time)","783.95","783.95","771.75","776.05","5086667.00","-19.34","-17.99","-1.35","852.24","7.77","809.84","803.76","0","90.06","87.70","32.14"
"Fri Jan 20 2023 00:00:00 GMT+0530 (India Standard Time)","776.00","786.60","772.45","774.45","3328697.00","-19.67","-18.33","-1.34","849.84","6.26","809.62","802.78","0","89.87","87.72","31.69"
"Mon Jan 23 2023 00:00:00 GMT+0530 (India Standard Time)","778.35","778.35","762.40","769.05","4283589.00","-20.12","-18.69","-1.44","847.32","2.71","809.22","800.93","0","89.87","87.73","30.18"
"Tue Jan 24 2023 00:00:00 GMT+0530 (India Standard Time)","769.15","774.00","758.00","761.20","3011438.00","-20.88","-19.12","-1.76","844.40","1.02","808.78","798.13","0","88.95","87.74","28.08"
"Wed Jan 25 2023 00:00:00 GMT+0530 (India Standard Time)","753.00","756.90","706.00","713.15","17085455.00","-25.07","-20.31","-4.76","840.92","0.12","808.26","793.27","0","88.95","87.75","19.24"
"Fri Jan 27 2023 00:00:00 GMT+0530 (India Standard Time)","699.00","699.85","537.00","596.95","64194046.00","-37.33","-23.72","-13.62","835.04","0.02","807.04","782.14","0","88.95","87.76","10.58"
"Mon Jan 30 2023 00:00:00 GMT+0530 (India Standard Time)","620.00","656.60","566.95","597.00","58256575.00","-46.51","-28.28","-18.24","829.20","0.09","805.76","771.09","0.07","88.96","87.77","10.59"
"Tue Jan 31 2023 00:00:00 GMT+0530 (India Standard Time)","600.00","626.90","588.10","612.65","33272489.00","-51.93","-33.01","-18.92","824.02","30.44","804.59","760.60","22.35","91.29","87.80","16.47"
"Wed Feb 01 2023 00:00:00 GMT+0530 (India Standard Time)","627.00","629.00","459.50","495.15","46557720.00","-64.95","-39.39","-25.55","816.28","5.47","802.87","744.34","0.68","91.29","87.82","10.76"
"Thu Feb 02 2023 00:00:00 GMT+0530 (India Standard Time)","510.00","534.00","424.05","462.45","115517458.00","-77.02","-46.92","-30.10","808.05","3.76","800.97","726.96","0","91.29","87.85","9.74"
"Fri Feb 03 2023 00:00:00 GMT+0530 (India Standard Time)","459.00","507.00","395.10","498.85","89662866.00","-82.70","-54.08","-28.62","800.50","43.31","799.36","710.92","36.08","98.48","87.93","18.90"
"Mon Feb 06 2023 00:00:00 GMT+0530 (India Standard Time)","498.00","548.70","476.70","545.45","38363919.00","-82.48","-59.76","-22.73","793.82","72.38","797.95","697.89","75.30","107.68","88.09","28.85"
"Tue Feb 07 2023 00:00:00 GMT+0530 (India Standard Time)","550.00","598.45","543.00","553.15","46650736.00","-80.76","-63.96","-16.81","787.31","76.38","796.47","684.72","81.29","107.68","88.24","30.37"
"Wed Feb 08 2023 00:00:00 GMT+0530 (India Standard Time)","564.00","605.00","563.00","599.25","31111885.00","-74.82","-66.13","-8.69","781.73","91.36","795.09","674.86","100.00","116.65","88.46","38.80"
"Thu Feb 09 2023 00:00:00 GMT+0530 (India Standard Time)","587.25","589.00","546.20","582.30","22494005.00","-70.66","-67.04","-3.62","775.75","62.30","793.71","664.15","93.89","113.35","88.66","37.03"
"Fri Feb 10 2023 00:00:00 GMT+0530 (India Standard Time)","573.60","599.90","560.00","583.95","12527188.00","-66.46","-66.92","0.46","769.62","64.50","792.08","653.70","94.92","113.68","88.85","37.33"
"Mon Feb 13 2023 00:00:00 GMT+0530 (India Standard Time)","587.90","596.10","537.40","553.70","19528545.00","-64.83","-66.50","1.67","762.93","20.55","790.41","641.65","83.86","113.68","89.05","34.11"
"Tue Feb 14 2023 00:00:00 GMT+0530 (India Standard Time)","551.00","581.25","538.30","565.10","17976429.00","-61.91","-65.58","3.68","756.37","47.51","788.80","630.56","91.52","116.02","89.26","36.34"
"Wed Feb 15 2023 00:00:00 GMT+0530 (India Standard Time)","567.80","578.85","561.90","569.05","9259895.00","-58.59","-64.19","5.59","749.82","57.50","787.36","619.77","94.25","116.83","89.47","37.13"
"Thu Feb 16 2023 00:00:00 GMT+0530 (India Standard Time)","580.00","590.80","573.30","577.20","9909820.00","-54.68","-62.28","7.61","743.63","76.20","785.97","609.31","100.00","116.83","89.69","38.82"
"Fri Feb 17 2023 00:00:00 GMT+0530 (India Standard Time)","579.00","586.00","569.10","578.65","8880620.00","-50.87","-60.00","9.13","737.35","79.42","784.80","599.44","100.00","117.12","89.90","39.14"
"Mon Feb 20 2023 00:00:00 GMT+0530 (India Standard Time)","567.30","581.65","560.00","579.70","9507162.00","-47.23","-57.45","10.22","731.13","82.79","783.64","589.70","100.00","117.12","90.11","39.38"
"Tue Feb 21 2023 00:00:00 GMT+0530 (India Standard Time)","585.00","593.80","579.20","583.20","7702230.00","-43.56","-54.67","11.11","725.16","91.78","782.50","580.41","100.00","117.83","90.33","40.23"
"Wed Feb 22 2023 00:00:00 GMT+0530 (India Standard Time)","583.50","583.55","540.00","547.10","10994235.00","-43.06","-52.35","9.29","718.21","7.80","781.27","569.70","74.46","117.83","90.55","34.79"
"Thu Feb 23 2023 00:00:00 GMT+0530 (India Standard Time)","539.50","558.15","533.65","551.85","10711597.00","-41.80","-50.24","8.43","711.24","25.69","780.18","561.64","62.92","118.85","90.77","36.01"
"Fri Feb 24 2023 00:00:00 GMT+0530 (India Standard Time)","557.00","565.90","543.20","558.90","8631548.00","-39.78","-48.15","8.37","704.73","52.85","779.18","559.73","76.16","120.37","91.00","37.88"
"Mon Feb 27 2023 00:00:00 GMT+0530 (India Standard Time)","559.00","571.95","553.10","562.00","8484384.00","-37.49","-46.02","8.52","698.77","64.32","778.42","557.98","75.43","121.04","91.23","38.73"
"Tue Feb 28 2023 00:00:00 GMT+0530 (India Standard Time)","563.00","614.45","551.95","592.45","25360275.00","-32.85","-43.38","10.54","692.76","93.83","777.85","556.97","100.00","121.04","91.47","46.46"
"Wed Mar 01 2023 00:00:00 GMT+0530 (India Standard Time)","598.00","616.00","594.60","602.10","18661166.00","-28.06","-40.32","12.26","687.11","95.95","777.30","562.32","100.00","123.01","91.71","48.67"
"Thu Mar 02 2023 00:00:00 GMT+0530 (India Standard Time)","603.95","625.00","585.60","622.90","21080489.00","-22.33","-36.72","14.39","682.42","98.37","776.69","570.34","100.00","123.01","91.96","53.16"
"Fri Mar 03 2023 00:00:00 GMT+0530 (India Standard Time)","663.00","704.00","650.55","684.65","42832968.00","-12.67","-31.91","19.24","678.97","99.64","776.32","579.63","100.00","123.01","92.20","63.39"
"Mon Mar 06 2023 00:00:00 GMT+0530 (India Standard Time)","690.00","722.75","681.10","690.75","37435406.00","-4.46","-26.42","21.96","676.91","99.69","776.11","586.90","100.00","124.10","92.45","64.22"
"Wed Mar 08 2023 00:00:00 GMT+0530 (India Standard Time)","700.00","715.00","682.00","712.05","20232587.00","3.72","-20.39","24.11","675.03","99.84","775.83","594.84","100.00","127.93","92.73","67.04"
"Thu Mar 09 2023 00:00:00 GMT+0530 (India Standard Time)","713.90","716.60","686.00","697.25","17041388.00","8.90","-14.53","23.44","672.63","59.76","775.55","599.74","88.44","125.27","92.98","63.31"
"Fri Mar 10 2023 00:00:00 GMT+0530 (India Standard Time)","684.80","701.75","680.65","697.80","12138642.00","12.91","-9.04","21.95","670.38","60.93","775.28","605.52","88.69","125.37","93.23","63.39"
"Mon Mar 13 2023 00:00:00 GMT+0530 (India Standard Time)","703.70","710.55","677.15","681.20","9693337.00","14.58","-4.32","18.90","667.61","22.17","775.14","610.38","75.46","122.39","93.46","59.12"
"Tue Mar 14 2023 00:00:00 GMT+0530 (India Standard Time)","681.20","684.55","638.60","654.50","18147337.00","13.59","-0.74","14.32","664.34","7.28","774.91","615.42","56.32","122.39","93.69","52.95"
"Wed Mar 15 2023 00:00:00 GMT+0530 (India Standard Time)","661.55","687.85","657.25","679.35","15514873.00","14.64","2.34","12.30","661.48","58.80","774.79","621.13","68.96","127.04","93.95","57.41"
"Thu Mar 16 2023 00:00:00 GMT+0530 (India Standard Time)","686.90","692.35","675.15","679.60","12992236.00","15.31","4.93","10.38","658.66","59.25","774.51","626.66","67.12","127.08","94.21","57.45"
"Fri Mar 17 2023 00:00:00 GMT+0530 (India Standard Time)","688.50","691.75","671.30","680.35","7625895.00","15.73","7.09","8.64","656.07","61.79","774.22","631.82","66.63","127.22","94.46","57.59"
"Mon Mar 20 2023 00:00:00 GMT+0530 (India Standard Time)","671.00","677.75","659.30","666.75","5250369.00","14.79","8.63","6.16","653.01","18.98","773.87","636.22","37.14","124.68","94.70","54.10"
"Tue Mar 21 2023 00:00:00 GMT+0530 (India Standard Time)","671.50","674.40","661.20","664.80","5011027.00","13.73","9.65","4.08","650.19","15.83","773.45","640.48","26.85","124.31","94.93","53.60"
"Wed Mar 22 2023 00:00:00 GMT+0530 (India Standard Time)","669.90","671.90","654.15","657.15","4457720.00","12.13","10.15","1.99","647.00","6.88","773.03","644.18","0","122.88","95.15","51.58"
"Thu Mar 23 2023 00:00:00 GMT+0530 (India Standard Time)","655.00","667.35","652.05","654.95","4491324.00","10.57","10.23","0.34","644.17","5.19","772.60","649.57","0","122.88","95.37","50.99"
"Fri Mar 24 2023 00:00:00 GMT+0530 (India Standard Time)","658.20","660.65","633.95","638.00","6072701.00","7.87","9.76","-1.89","641.00","1.09","772.12","653.88","0","122.88","95.58","46.53"
"Mon Mar 27 2023 00:00:00 GMT+0530 (India Standard Time)","638.00","644.85","625.50","629.10","5621870.00","4.96","8.80","-3.84","637.72","0.59","771.62","657.39","0","121.17","95.78","44.34"
"Tue Mar 28 2023 00:00:00 GMT+0530 (India Standard Time)","622.60","627.80","571.55","593.40","19860622.00","-0.23","6.99","-7.22","633.70","0.13","770.91","658.96","0","121.17","95.98","36.85"
"Wed Mar 29 2023 00:00:00 GMT+0530 (India Standard Time)","593.35","642.55","590.10","636.65","17057169.00","-0.84","5.43","-6.27","630.69","65.57","770.46","661.17","42.98","130.00","96.25","48.26"
"Fri Mar 31 2023 00:00:00 GMT+0530 (India Standard Time)","643.90","655.40","627.35","631.90","9466910.00","-1.69","4.00","-5.69","627.63","57.32","770.15","662.66","46.68","129.03","96.50","47.25"
"Mon Apr 03 2023 00:00:00 GMT+0530 (India Standard Time)","638.55","639.00","622.15","627.80","6072184.00","-2.66","2.67","-5.33","624.46","47.09","769.76","662.90","45.78","128.19","96.75","46.35"
"Wed Apr 05 2023 00:00:00 GMT+0530 (India Standard Time)","626.90","639.80","625.05","636.75","6622367.00","-2.68","1.60","-4.28","621.67","70.26","769.43","660.51","56.88","128.19","97.00","48.65"
"Thu Apr 06 2023 00:00:00 GMT+0530 (India Standard Time)","637.00","651.35","631.55","641.60","7094042.00","-2.28","0.82","-3.10","619.02","79.83","769.23","658.05","62.93","128.19","97.24","49.90"
"Mon Apr 10 2023 00:00:00 GMT+0530 (India Standard Time)","646.00","657.00","643.00","652.00","4254629.00","-1.10","0.44","-1.54","616.67","91.53","769.14","655.05","75.83","130.27","97.50","52.58"
"Tue Apr 11 2023 00:00:00 GMT+0530 (India Standard Time)","655.00","660.25","647.40","653.95","3798770.00","-0.02","0.35","-0.37","614.53","93.04","769.10","652.88","94.10","130.66","97.76","53.09"
"Wed Apr 12 2023 00:00:00 GMT+0530 (India Standard Time)","656.00","662.00","650.00","657.75","4271203.00","1.14","0.51","0.63","613.42","95.90","768.94","650.88","100.00","130.66","98.01","54.11"
"Thu Apr 13 2023 00:00:00 GMT+0530 (India Standard Time)","659.70","664.90","653.40","661.65","3306659.00","2.34","0.87","1.47","614.72","97.77","768.91","649.90","100.00","131.44","98.27","55.20"
"Mon Apr 17 2023 00:00:00 GMT+0530 (India Standard Time)","663.00","666.70","658.00","664.70","2731225.00","3.50","1.40","2.10","616.07","98.70","768.85","650.41","100.00","132.04","98.54","56.07"
"Tue Apr 18 2023 00:00:00 GMT+0530 (India Standard Time)","668.00","671.40","651.05","658.55","2964854.00","3.88","1.89","1.98","616.99","36.81","768.71","649.37","88.14","132.04","98.80","53.79"
"Wed Apr 19 2023 00:00:00 GMT+0530 (India Standard Time)","659.00","665.00","654.90","658.40","2683546.00","4.11","2.34","1.78","620.25","35.72","768.57","648.31","87.84","132.01","99.06","53.73"
"Thu Apr 20 2023 00:00:00 GMT+0530 (India Standard Time)","663.00","678.50","661.20","666.10","5009410.00","4.87","2.84","2.03","624.33","84.12","768.51","647.60","100.00","132.01","99.32","56.31"
"Fri Apr 21 2023 00:00:00 GMT+0530 (India Standard Time)","668.00","670.60","658.65","661.60","1982614.00","5.05","3.28","1.76","627.58","44.74","768.43","647.34","80.86","131.12","99.57","54.40"
"Mon Apr 24 2023 00:00:00 GMT+0530 (India Standard Time)","665.10","672.75","656.00","671.30","3357178.00","5.90","3.81","2.09","630.10","81.69","768.42","647.67","100.00","131.12","99.81","57.73"
"Tue Apr 25 2023 00:00:00 GMT+0530 (India Standard Time)","675.00","682.50","668.85","671.45","4814190.00","6.52","4.35","2.17","632.46","82.06","768.39","648.38","100.00","131.12","100.06","57.78"
"Wed Apr 26 2023 00:00:00 GMT+0530 (India Standard Time)","671.00","671.60","662.10","664.70","3373385.00","6.39","4.76","1.63","633.77","29.06","768.30","648.87","64.88","129.80","100.29","54.57"
"Thu Apr 27 2023 00:00:00 GMT+0530 (India Standard Time)","667.90","668.20","657.20","659.75","3197568.00","5.81","4.97","0.85","635.32","14.93","768.21","649.96","30.20","128.84","100.51","52.28"
"Fri Apr 28 2023 00:00:00 GMT+0530 (India Standard Time)","666.20","683.00","662.15","681.30","6162262.00","7.02","5.38","1.64","637.27","83.75","768.14","652.57","100.00","128.84","100.73","60.13"
"Tue May 02 2023 00:00:00 GMT+0530 (India Standard Time)","683.80","685.90","672.60","681.50","5563089.00","7.90","5.88","2.02","639.82","83.99","768.03","656.97","100.00","128.87","100.95","60.19"
"Wed May 03 2023 00:00:00 GMT+0530 (India Standard Time)","675.00","684.85","656.75","669.65","5645727.00","7.56","6.22","1.34","641.92","30.51","767.80","658.62","27.90","128.87","101.17","54.49"
"Thu May 04 2023 00:00:00 GMT+0530 (India Standard Time)","670.00","682.00","667.70","679.75","5124811.00","8.01","6.58","1.43","644.13","66.68","767.55","661.01","73.93","130.82","101.40","58.13"
"Fri May 05 2023 00:00:00 GMT+0530 (India Standard Time)","682.80","693.60","677.50","683.90","5193692.00","8.60","6.98","1.62","646.26","76.66","767.31","663.82","92.03","130.82","101.63","59.56"
"Mon May 08 2023 00:00:00 GMT+0530 (India Standard Time)","684.70","690.65","678.60","685.10","3671007.00","9.06","7.40","1.66","648.39","80.11","767.11","666.24","97.42","131.05","101.86","59.99"
"Tue May 09 2023 00:00:00 GMT+0530 (India Standard Time)","685.10","695.90","684.50","690.50","4029312.00","9.75","7.87","1.88","650.61","91.46","766.94","668.68","100.00","131.05","102.09","61.93"
"Wed May 10 2023 00:00:00 GMT+0530 (India Standard Time)","692.00","692.40","685.55","691.00","1794579.00","10.22","8.34","1.88","652.76","92.28","766.74","670.63","100.00","131.14","102.32","62.12"
"Thu May 11 2023 00:00:00 GMT+0530 (India Standard Time)","694.00","714.00","692.25","708.80","5979387.00","11.89","9.05","2.84","656.00","99.01","766.58","673.37","100.00","131.14","102.54","68.03"
"Fri May 12 2023 00:00:00 GMT+0530 (India Standard Time)","712.00","712.00","695.05","700.00","4025355.00","12.36","9.71","2.65","658.96","53.17","766.34","675.49","66.87","129.51","102.75","62.81"
"Mon May 15 2023 00:00:00 GMT+0530 (India Standard Time)","699.80","701.70","687.50","694.05","2616737.00","12.11","10.19","1.92","661.66","32.70","766.09","677.11","45.77","128.41","102.95","59.49"
"Tue May 16 2023 00:00:00 GMT+0530 (India Standard Time)","694.05","698.80","685.30","687.00","1403759.00","11.22","10.39","0.82","664.16","17.10","765.75","678.22","21.88","127.11","103.14","55.73"
"Wed May 17 2023 00:00:00 GMT+0530 (India Standard Time)","687.25","691.95","682.55","684.60","2295396.00","10.20","10.36","-0.16","666.01","12.91","765.41","679.52","13.86","127.11","103.33","54.46"
"Thu May 18 2023 00:00:00 GMT+0530 (India Standard Time)","689.70","689.70","661.30","664.95","4405410.00","7.72","9.83","-2.11","667.26","2.57","764.98","679.85","0","127.11","103.52","45.40"
"Fri May 19 2023 00:00:00 GMT+0530 (India Standard Time)","664.00","694.15","659.50","688.10","6340270.00","7.53","9.37","-1.84","668.57","66.25","764.68","680.95","42.08","127.11","103.70","54.92"
"Mon May 22 2023 00:00:00 GMT+0530 (India Standard Time)","698.90","753.40","693.15","729.70","30204070.00","10.62","9.62","1.00","669.47","89.92","764.52","684.36","92.34","127.11","103.88","66.29"
"Tue May 23 2023 00:00:00 GMT+0530 (India Standard Time)","744.30","785.65","730.00","734.05","39497528.00","13.26","10.35","2.92","670.34","91.21","764.37","687.49","96.46","127.11","104.06","67.23"
"Wed May 24 2023 00:00:00 GMT+0530 (India Standard Time)","739.00","739.00","708.75","718.25","12809164.00","13.92","11.06","2.86","670.46","47.28","764.14","689.83","67.48","124.37","104.22","60.67"
"Thu May 25 2023 00:00:00 GMT+0530 (India Standard Time)","717.00","727.00","705.60","724.50","7458008.00","14.78","11.81","2.97","671.00","61.82","763.76","692.82","74.42","125.45","104.39","62.24"
"Fri May 26 2023 00:00:00 GMT+0530 (India Standard Time)","729.10","730.35","720.60","726.85","4507617.00","15.47","12.54","2.93","671.59","68.38","763.38","696.18","77.07","125.86","104.56","62.84"
"Mon May 29 2023 00:00:00 GMT+0530 (India Standard Time)","731.00","740.00","728.05","737.50","4302323.00","16.69","13.37","3.32","672.71","87.64","763.03","698.99","88.89","127.71","104.74","65.51"
"Tue May 30 2023 00:00:00 GMT+0530 (India Standard Time)","740.00","742.35","727.65","734.05","4785799.00","17.17","14.13","3.04","674.30","62.84","762.67","701.62","81.80","127.71","104.92","63.91"
"Wed May 31 2023 00:00:00 GMT+0530 (India Standard Time)","736.00","749.00","721.30","738.85","13649365.00","17.74","14.85","2.89","675.49","79.21","762.31","705.08","90.66","127.71","105.09","65.19"
"Thu Jun 01 2023 00:00:00 GMT+0530 (India Standard Time)","730.50","744.95","729.00","732.05","3771760.00","17.44","15.37","2.07","676.54","35.24","761.96","707.69","75.35","126.53","105.26","61.85"
"Fri Jun 02 2023 00:00:00 GMT+0530 (India Standard Time)","738.00","744.00","734.00","736.60","5554473.00","17.37","15.77","1.60","677.67","62.84","761.69","710.33","81.58","126.53","105.43","63.20"
"Mon Jun 05 2023 00:00:00 GMT+0530 (India Standard Time)","738.00","744.00","735.00","738.80","5166097.00","17.29","16.07","1.22","679.11","73.69","761.42","713.01","84.65","126.91","105.60","63.87"
"Tue Jun 06 2023 00:00:00 GMT+0530 (India Standard Time)","742.90","747.00","740.00","745.40","5492469.00","17.56","16.37","1.19","680.72","90.44","761.21","715.76","93.84","126.91","105.76","65.88"
"Wed Jun 07 2023 00:00:00 GMT+0530 (India Standard Time)","750.00","751.00","741.95","743.75","2129238.00","17.44","16.58","0.85","682.45","68.60","760.80","718.39","81.19","126.63","105.93","64.91"
"Thu Jun 08 2023 00:00:00 GMT+0530 (India Standard Time)","744.95","749.00","733.00","736.40","2141709.00","16.56","16.58","-0.02","684.08","21.77","760.36","719.77","0","126.63","106.09","60.62"
"Fri Jun 09 2023 00:00:00 GMT+0530 (India Standard Time)","738.00","742.00","733.00","734.95","1335172.00","15.57","16.38","-0.81","686.02","17.15","759.87","721.52","0","126.38","106.25","59.79"
"Mon Jun 12 2023 00:00:00 GMT+0530 (India Standard Time)","735.20","746.55","733.55","742.10","4571836.00","15.18","16.14","-0.96","688.28","73.21","759.22","723.92","45.15","126.38","106.40","62.54"
"Tue Jun 13 2023 00:00:00 GMT+0530 (India Standard Time)","741.00","742.40","735.05","737.85","3636359.00","14.37","15.78","-1.42","691.17","40.57","758.71","726.47","2.09","125.65","106.55","59.91"
"Wed Jun 14 2023 00:00:00 GMT+0530 (India Standard Time)","736.35","742.75","735.80","739.35","3900945.00","13.68","15.36","-1.68","693.22","54.80","758.25","729.20","12.42","125.65","106.70","60.54"
"Thu Jun 15 2023 00:00:00 GMT+0530 (India Standard Time)","737.30","748.70","737.00","739.50","6448934.00","13.01","14.89","-1.89","695.37","56.86","757.76","732.93","13.51","125.65","106.85","60.61"
"Fri Jun 16 2023 00:00:00 GMT+0530 (India Standard Time)","741.00","749.70","740.80","747.40","6800269.00","12.96","14.50","-1.55","697.77","92.58","757.42","735.90","69.98","125.65","107.00","64.05"
"Mon Jun 19 2023 00:00:00 GMT+0530 (India Standard Time)","749.90","749.90","731.00","735.65","5256363.00","11.83","13.97","-2.14","699.74","26.73","756.91","736.19","0","123.68","107.13","56.19"
"Tue Jun 20 2023 00:00:00 GMT+0530 (India Standard Time)","738.00","742.00","730.20","737.80","6753358.00","10.99","13.37","-2.39","701.67","41.87","756.42","736.38","10.68","123.68","107.26","57.22"
"Wed Jun 21 2023 00:00:00 GMT+0530 (India Standard Time)","739.90","753.25","733.30","749.45","9312613.00","11.13","12.93","-1.79","703.62","82.05","755.95","737.94","64.13","123.68","107.39","62.40"
"Thu Jun 22 2023 00:00:00 GMT+0530 (India Standard Time)","755.00","758.00","741.00","745.60","10061086.00","10.81","12.50","-1.69","705.45","56.32","755.49","739.00","37.53","123.68","107.51","59.82"
"Fri Jun 23 2023 00:00:00 GMT+0530 (India Standard Time)","741.00","741.00","703.00","714.30","15398550.00","7.94","11.59","-3.65","706.58","9.23","754.80","738.37","0","123.68","107.64","43.93"
"Mon Jun 26 2023 00:00:00 GMT+0530 (India Standard Time)","710.00","726.30","705.10","724.40","5696079.00","6.40","10.55","-4.15","707.84","41.04","754.17","737.71","22.59","125.43","107.78","48.67"
"Tue Jun 27 2023 00:00:00 GMT+0530 (India Standard Time)","724.35","730.45","716.00","720.25","6935089.00","4.80","9.40","-4.60","708.95","31.87","753.52","737.02","14.83","125.43","107.92","46.91"
"Wed Jun 28 2023 00:00:00 GMT+0530 (India Standard Time)","722.95","759.00","721.80","756.50","17910387.00","6.37","8.80","-2.42","710.91","86.11","752.93","737.91","81.65","125.43","108.05","60.36"
"Fri Jun 30 2023 00:00:00 GMT+0530 (India Standard Time)","752.80","759.90","738.00","739.25","6629272.00","6.16","8.27","-2.11","712.52","48.99","752.20","738.27","47.19","122.57","108.17","53.42"
"Mon Jul 03 2023 00:00:00 GMT+0530 (India Standard Time)","744.50","747.45","732.70","737.40","2808490.00","5.78","7.77","-1.99","713.95","44.84","751.35","738.31","43.72","122.26","108.28","52.72"
"Tue Jul 04 2023 00:00:00 GMT+0530 (India Standard Time)","740.05","751.00","735.00","741.70","3263045.00","5.75","7.37","-1.61","715.55","60.42","750.37","738.45","51.17","122.26","108.39","54.23"
"Wed Jul 05 2023 00:00:00 GMT+0530 (India Standard Time)","741.00","746.90","734.05","742.75","2212779.00","5.75","7.04","-1.29","716.98","65.21","749.34","738.32","53.06","122.43","108.50","54.60"
"Thu Jul 06 2023 00:00:00 GMT+0530 (India Standard Time)","742.40","745.90","738.20","740.05","1949877.00","5.47","6.73","-1.26","718.35","40.18","748.30","738.13","46.97","121.99","108.60","53.38"
"Fri Jul 07 2023 00:00:00 GMT+0530 (India Standard Time)","739.95","740.00","716.20","718.70","4248724.00","3.49","6.08","-2.59","719.43","5.68","747.05","737.25","4.87","121.99","108.71","44.83"
"Mon Jul 10 2023 00:00:00 GMT+0530 (India Standard Time)","722.00","730.00","708.00","720.10","5135483.00","2.00","5.27","-3.26","720.64","15.23","745.96","736.51","8.21","121.99","108.81","45.44"
"Tue Jul 11 2023 00:00:00 GMT+0530 (India Standard Time)","723.95","732.45","719.05","729.90","2716491.00","1.60","4.53","-2.93","721.61","64.92","744.81","735.90","31.18","123.65","108.92","49.69"
"Wed Jul 12 2023 00:00:00 GMT+0530 (India Standard Time)","731.85","732.45","722.00","724.20","1349350.00","0.81","3.79","-2.98","722.47","38.60","743.58","735.21","21.01","122.68","109.03","47.38"
"Thu Jul 13 2023 00:00:00 GMT+0530 (India Standard Time)","724.95","729.25","715.00","717.20","1378288.00","-0.38","2.95","-3.33","723.42","19.34","742.50","734.11","4.32","122.68","109.14","44.64"
"Fri Jul 14 2023 00:00:00 GMT+0530 (India Standard Time)","718.65","727.45","714.70","726.10","2043145.00","-0.59","2.25","-2.84","724.34","64.45","741.40","733.44","25.86","122.68","109.24","48.70"
"Mon Jul 17 2023 00:00:00 GMT+0530 (India Standard Time)","730.20","742.80","730.10","731.05","2683898.00","-0.36","1.72","-2.08","725.29","78.08","740.48","732.62","39.61","122.68","109.35","50.86"
"Tue Jul 18 2023 00:00:00 GMT+0530 (India Standard Time)","731.00","747.50","725.60","728.15","4464508.00","-0.40","1.30","-1.70","726.15","53.87","739.81","732.24","31.23","122.68","109.45","49.55"
"Wed Jul 19 2023 00:00:00 GMT+0530 (India Standard Time)","731.90","735.45","729.00","731.40","1039827.00","-0.17","1.00","-1.18","726.97","72.79","739.24","731.92","64.60","123.23","109.56","51.08"
"Thu Jul 20 2023 00:00:00 GMT+0530 (India Standard Time)","733.45","735.95","728.10","732.45","1423489.00","0.09","0.82","-0.73","727.79","78.49","738.77","731.07","69.72","123.23","109.67","51.59"
"Fri Jul 21 2023 00:00:00 GMT+0530 (India Standard Time)","728.80","735.35","726.30","728.45","1491198.00","-0.02","0.65","-0.67","728.19","30.24","738.33","730.22","48.48","123.23","109.77","49.47"
"Mon Jul 24 2023 00:00:00 GMT+0530 (India Standard Time)","730.00","740.25","728.45","735.30","1919024.00","0.44","0.61","-0.17","728.89","77.54","737.90","731.27","84.16","123.23","109.88","53.03"
"Tue Jul 25 2023 00:00:00 GMT+0530 (India Standard Time)","737.65","752.00","733.15","749.25","3210148.00","1.91","0.87","1.04","730.00","94.03","737.73","732.51","100.00","123.23","109.98","59.31"
"Wed Jul 26 2023 00:00:00 GMT+0530 (India Standard Time)","752.95","765.40","745.00","752.65","5868377.00","3.30","1.36","1.95","731.31","95.60","737.38","734.13","100.00","123.23","110.09","60.69"
"Thu Jul 27 2023 00:00:00 GMT+0530 (India Standard Time)","753.90","758.85","741.90","748.75","2243079.00","4.05","1.90","2.16","732.59","59.58","737.00","733.74","84.80","122.59","110.18","58.25"
"Fri Jul 28 2023 00:00:00 GMT+0530 (India Standard Time)","750.00","760.80","743.10","755.70","3257195.00","5.15","2.55","2.60","734.41","82.75","736.69","734.56","100.00","122.59","110.28","61.24"
"Mon Jul 31 2023 00:00:00 GMT+0530 (India Standard Time)","758.65","780.00","754.40","777.85","5854918.00","7.71","3.58","4.13","736.20","96.29","736.54","736.59","100.00","122.59","110.38","68.89"
"Tue Aug 01 2023 00:00:00 GMT+0530 (India Standard Time)","778.95","781.00","761.60","765.35","2590545.00","8.64","4.59","4.05","736.92","51.05","736.38","737.77","69.58","120.62","110.46","61.51"
"Wed Aug 02 2023 00:00:00 GMT+0530 (India Standard Time)","767.00","773.90","751.55","761.45","3017482.00","8.95","5.46","3.49","737.46","39.48","736.17","738.70","52.87","120.62","110.54","59.37"
"Thu Aug 03 2023 00:00:00 GMT+0530 (India Standard Time)","761.45","779.50","753.40","773.35","4135776.00","10.04","6.38","3.67","738.57","74.61","736.11","740.37","72.44","120.62","110.62","63.53"
"Fri Aug 04 2023 00:00:00 GMT+0530 (India Standard Time)","776.45","779.90","768.75","775.25","2758619.00","10.94","7.29","3.65","739.58","78.58","736.09","743.20","75.69","120.92","110.70","64.17"
"Mon Aug 07 2023 00:00:00 GMT+0530 (India Standard Time)","777.05","794.65","771.20","791.40","4175164.00","12.80","8.39","4.41","740.87","94.14","736.12","746.76","100.00","120.92","110.78","69.07"
"Tue Aug 08 2023 00:00:00 GMT+0530 (India Standard Time)","793.75","805.00","764.30","784.20","11993737.00","13.54","9.42","4.12","741.81","57.13","735.99","749.48","78.29","120.92","110.86","64.81"
"Wed Aug 09 2023 00:00:00 GMT+0530 (India Standard Time)","792.70","806.85","784.00","791.10","7007648.00","14.52","10.44","4.08","742.95","75.55","735.92","752.82","89.02","121.98","110.94","66.92"
"Thu Aug 10 2023 00:00:00 GMT+0530 (India Standard Time)","793.00","819.80","792.00","802.80","8064730.00","16.05","11.56","4.49","744.23","90.05","735.83","757.10","100.00","121.98","111.03","70.17"
"Fri Aug 11 2023 00:00:00 GMT+0530 (India Standard Time)","806.90","810.45","794.25","801.05","9040236.00","16.93","12.64","4.29","745.61","76.48","735.83","760.85","90.82","121.98","111.11","69.08"
"Mon Aug 14 2023 00:00:00 GMT+0530 (India Standard Time)","781.00","794.20","771.10","787.15","17841454.00","16.32","13.37","2.94","746.62","22.54","735.74","763.65","22.59","121.98","111.20","60.94"
"Wed Aug 16 2023 00:00:00 GMT+0530 (India Standard Time)","786.00","786.00","772.45","776.10","11481440.00","14.77","13.65","1.12","747.36","10.62","735.61","766.05","0","120.27","111.27","55.36"
"Thu Aug 17 2023 00:00:00 GMT+0530 (India Standard Time)","778.00","813.60","776.85","809.65","14011644.00","16.06","14.13","1.93","748.65","78.77","735.56","769.96","69.46","120.27","111.34","65.65"
"Fri Aug 18 2023 00:00:00 GMT+0530 (India Standard Time)","807.00","849.60","804.30","835.90","22502392.00","18.99","15.11","3.88","750.49","90.32","735.63","775.14","100.00","120.27","111.41","71.23"
"Mon Aug 21 2023 00:00:00 GMT+0530 (India Standard Time)","840.10","864.10","838.50","858.15","17432300.00","22.84","16.65","6.19","752.93","94.96","735.81","781.62","100.00","123.47","111.50","74.95"
"Tue Aug 22 2023 00:00:00 GMT+0530 (India Standard Time)","863.90","869.00","853.35","854.50","8037324.00","25.31","18.38","6.92","755.32","82.05","735.87","787.58","91.46","122.95","111.59","73.28"
"Wed Aug 23 2023 00:00:00 GMT+0530 (India Standard Time)","858.55","862.45","820.10","825.70","4748732.00","24.65","19.64","5.01","756.99","26.08","735.83","791.40","31.83","118.80","111.65","61.59"
"Thu Aug 24 2023 00:00:00 GMT+0530 (India Standard Time)","834.00","844.40","820.20","822.35","4692796.00","23.59","20.43","3.16","758.68","22.51","735.78","794.89","25.67","118.32","111.70","60.39"
"Fri Aug 25 2023 00:00:00 GMT+0530 (India Standard Time)","823.00","830.40","803.50","806.60","4442243.00","21.23","20.59","0.65","760.02","9.84","735.49","797.78","0","116.05","111.74","54.94"
"Mon Aug 28 2023 00:00:00 GMT+0530 (India Standard Time)","816.00","824.00","798.50","807.45","5067265.00","19.21","20.31","-1.10","761.38","15.00","735.27","800.37","1.17","116.05","111.77","55.18"
"Tue Aug 29 2023 00:00:00 GMT+0530 (India Standard Time)","809.50","830.80","800.05","823.55","5935085.00","18.70","19.99","-1.29","762.91","73.19","734.93","802.65","22.71","116.05","111.80","59.49"
"Wed Aug 30 2023 00:00:00 GMT+0530 (India Standard Time)","828.00","833.00","816.60","818.70","8592012.00","17.69","19.53","-1.84","764.57","51.82","734.56","805.32","13.72","116.05","111.84","57.69"
"Thu Aug 31 2023 00:00:00 GMT+0530 (India Standard Time)","803.90","810.90","787.70","792.20","9998925.00","14.59","18.54","-3.95","765.66","12.36","734.04","806.86","0","116.05","111.87","48.97"
"Fri Sep 01 2023 00:00:00 GMT+0530 (India Standard Time)","780.00","808.00","779.65","799.50","11900199.00","12.57","17.35","-4.78","766.66","38.26","733.57","808.17","8.43","116.05","111.90","51.16"
"Mon Sep 04 2023 00:00:00 GMT+0530 (India Standard Time)","807.55","811.75","795.55","801.05","12522148.00","10.97","16.07","-5.10","767.77","45.15","733.04","809.46","10.25","116.05","111.93","51.63"
"Tue Sep 05 2023 00:00:00 GMT+0530 (India Standard Time)","805.00","810.90","797.50","804.95","10483413.00","9.91","14.84","-4.93","769.58","64.86","732.63","810.13","15.03","116.62","111.97","52.87"
"Wed Sep 06 2023 00:00:00 GMT+0530 (India Standard Time)","806.00","808.50","800.45","807.05","6729598.00","9.13","13.70","-4.57","771.23","74.67","732.21","811.28","17.69","116.92","112.01","53.56"
"Thu Sep 07 2023 00:00:00 GMT+0530 (India Standard Time)","809.70","812.95","805.05","809.90","9787939.00","8.64","12.69","-4.05","773.02","85.59","731.81","812.22","21.43","116.92","112.05","54.54"
"Fri Sep 08 2023 00:00:00 GMT+0530 (India Standard Time)","810.90","828.80","810.15","825.00","11683222.00","9.36","12.02","-2.66","774.39","97.41","731.58","813.33","42.90","116.92","112.09","59.40"
"Mon Sep 11 2023 00:00:00 GMT+0530 (India Standard Time)","840.00","887.20","835.00","882.45","20638175.00","14.40","12.50","1.91","777.26","99.64","731.58","817.40","100.00","116.92","112.12","71.76"
"Tue Sep 12 2023 00:00:00 GMT+0530 (India Standard Time)","889.50","889.50","853.05","858.75","8036897.00","16.30","13.26","3.04","779.69","58.23","731.50","820.98","62.48","113.78","112.14","63.21"
"Wed Sep 13 2023 00:00:00 GMT+0530 (India Standard Time)","859.00","867.20","843.15","849.70","7180448.00","16.88","13.98","2.90","781.85","44.20","731.37","824.66","49.52","112.58","112.14","60.26"
"Thu Sep 14 2023 00:00:00 GMT+0530 (India Standard Time)","854.05","857.85","841.00","849.80","6234825.00","17.15","14.62","2.53","783.99","44.50","731.22","826.66","49.62","112.60","112.14","60.28"
"Fri Sep 15 2023 00:00:00 GMT+0530 (India Standard Time)","846.00","854.60","841.50","845.65","4013431.00","16.83","15.06","1.77","786.10","30.91","731.06","827.15","43.21","112.05","112.14","58.82"
"Mon Sep 18 2023 00:00:00 GMT+0530 (India Standard Time)","848.05","848.05","828.15","831.25","2801202.00","15.24","15.10","0.15","788.35","9.91","730.82","825.81","21.79","110.14","112.13","53.94"
"Wed Sep 20 2023 00:00:00 GMT+0530 (India Standard Time)","832.00","837.60","815.00","818.05","3016411.00","12.77","14.63","-1.86","790.31","4.41","730.51","823.98","3.86","110.14","112.11","49.85"
"Thu Sep 21 2023 00:00:00 GMT+0530 (India Standard Time)","821.15","842.40","820.00","831.10","6437320.00","11.73","14.05","-2.32","792.33","54.41","730.21","824.25","17.08","110.14","112.10","53.59"
"Fri Sep 22 2023 00:00:00 GMT+0530 (India Standard Time)","833.90","838.70","822.10","827.05","3156509.00","10.46","13.33","-2.87","794.39","41.08","729.90","824.49","11.13","109.60","112.08","52.29"
"Mon Sep 25 2023 00:00:00 GMT+0530 (India Standard Time)","828.70","831.70","818.95","825.65","2395763.00","9.23","12.51","-3.28","796.56","35.12","729.57","825.44","8.99","109.42","112.06","51.82"
"Tue Sep 26 2023 00:00:00 GMT+0530 (India Standard Time)","826.10","831.00","819.00","821.35","1569635.00","7.82","11.57","-3.75","798.46","18.58","729.19","826.13","2.17","108.85","112.03","50.32"
"Wed Sep 27 2023 00:00:00 GMT+0530 (India Standard Time)","825.80","833.00","821.50","830.70","2463842.00","7.37","10.73","-3.36","800.46","73.29","728.91","826.49","16.51","108.85","112.01","53.47"
"Thu Sep 28 2023 00:00:00 GMT+0530 (India Standard Time)","833.25","841.35","819.15","823.10","5057959.00","6.33","9.85","-3.52","802.36","35.03","728.56","826.71","3.70","108.85","111.98","50.66"
"Fri Sep 29 2023 00:00:00 GMT+0530 (India Standard Time)","826.50","832.50","822.30","825.15","1468496.00","5.61","9.01","-3.40","804.23","49.31","728.23","828.36","7.09","109.12","111.96","51.40"
"Tue Oct 03 2023 00:00:00 GMT+0530 (India Standard Time)","826.00","836.75","824.25","831.40","2453090.00","5.48","8.30","-2.82","806.21","78.33","727.98","829.96","28.71","109.12","111.94","53.69"
"Wed Oct 04 2023 00:00:00 GMT+0530 (India Standard Time)","830.95","845.45","819.35","824.60","4096647.00","4.77","7.59","-2.83","808.13","34.88","727.63","831.13","9.92","109.12","111.92","50.88"
"Thu Oct 05 2023 00:00:00 GMT+0530 (India Standard Time)","830.85","832.00","820.25","825.20","2083505.00","4.21","6.92","-2.71","809.93","40.68","727.26","832.15","12.24","109.20","111.89","51.13"
"Fri Oct 06 2023 00:00:00 GMT+0530 (India Standard Time)","830.00","836.50","826.40","830.75","1877058.00","4.16","6.36","-2.20","811.56","77.61","726.99","833.33","39.76","109.93","111.88","53.42"
"Mon Oct 09 2023 00:00:00 GMT+0530 (India Standard Time)","815.00","818.80","785.00","790.05","5994282.00","0.83","5.26","-4.43","812.31","7.66","726.64","832.34","0","109.93","111.86","38.99"
"Tue Oct 10 2023 00:00:00 GMT+0530 (India Standard Time)","800.55","823.70","800.55","819.50","7591327.00","0.56","4.32","-3.76","813.72","59.93","726.27","832.06","72.18","109.93","111.85","49.60"
"Wed Oct 11 2023 00:00:00 GMT+0530 (India Standard Time)","827.40","827.40","812.35","814.85","3281387.00","-0.03","3.45","-3.48","814.91","50.84","725.92","828.68","62.49","109.31","111.83","48.17"
"Thu Oct 12 2023 00:00:00 GMT+0530 (India Standard Time)","818.55","823.25","812.55","814.95","2563606.00","-0.48","2.66","-3.14","815.65","51.16","725.71","826.49","62.72","109.32","111.81","48.21"
"Fri Oct 13 2023 00:00:00 GMT+0530 (India Standard Time)","812.00","824.80","805.85","813.75","3801000.00","-0.92","1.95","-2.87","816.62","44.27","725.49","824.69","59.93","109.32","111.79","47.80"
"Mon Oct 16 2023 00:00:00 GMT+0530 (India Standard Time)","818.50","818.50","803.25","805.65","2664794.00","-1.91","1.17","-3.08","817.50","15.72","725.55","822.49","40.97","108.23","111.76","45.01"
"Tue Oct 17 2023 00:00:00 GMT+0530 (India Standard Time)","812.00","814.40","804.00","805.10","2162192.00","-2.70","0.40","-3.10","818.14","14.45","725.55","820.46","39.67","108.16","111.73","44.82"
"Wed Oct 18 2023 00:00:00 GMT+0530 (India Standard Time)","808.95","809.05","795.40","798.60","2271927.00","-3.81","-0.44","-3.37","818.60","4.98","725.46","818.83","24.04","108.16","111.71","42.52"
"Thu Oct 19 2023 00:00:00 GMT+0530 (India Standard Time)","796.75","797.30","787.45","792.85","2862500.00","-5.09","-1.37","-3.72","818.63","2.30","725.37","817.57","10.57","108.16","111.68","40.54"
"Fri Oct 20 2023 00:00:00 GMT+0530 (India Standard Time)","791.80","803.00","788.65","793.65","2434862.00","-5.98","-2.29","-3.68","818.82","15.01","725.24","815.69","13.37","108.27","111.65","40.96"
"Mon Oct 23 2023 00:00:00 GMT+0530 (India Standard Time)","793.65","795.80","769.90","771.45","2002377.00","-8.37","-3.51","-4.86","818.43","1.83","725.00","812.91","0","105.24","111.60","33.93"
"Wed Oct 25 2023 00:00:00 GMT+0530 (India Standard Time)","772.50","783.35","761.05","769.10","2581498.00","-10.34","-4.88","-5.47","817.75","1.54","724.74","810.09","0","105.24","111.55","33.28"
"Thu Oct 26 2023 00:00:00 GMT+0530 (India Standard Time)","764.00","771.80","754.50","770.35","3855358.00","-11.67","-6.24","-5.43","817.14","15.62","724.49","807.54","3.60","105.24","111.50","34.01"
"Fri Oct 27 2023 00:00:00 GMT+0530 (India Standard Time)","774.90","786.40","773.05","782.40","2995404.00","-11.61","-7.31","-4.30","817.04","77.53","724.35","805.12","45.44","106.89","111.47","40.70"
"Mon Oct 30 2023 00:00:00 GMT+0530 (India Standard Time)","785.90","794.40","779.80","785.00","3522068.00","-11.23","-8.09","-3.13","817.22","82.94","724.18","803.22","53.80","106.89","111.43","42.06"
"Tue Oct 31 2023 00:00:00 GMT+0530 (India Standard Time)","789.80","791.10","782.50","784.75","2825760.00","-10.82","-8.64","-2.18","816.72","79.27","724.07","801.20","58.14","106.85","111.40","41.96"
"Wed Nov 01 2023 00:00:00 GMT+0530 (India Standard Time)","784.75","790.50","767.20","769.10","2693768.00","-11.63","-9.24","-2.39","815.39","12.13","723.83","798.08","19.32","104.72","111.34","36.17"
"Thu Nov 02 2023 00:00:00 GMT+0530 (India Standard Time)","776.90","783.50","772.05","774.30","1741799.00","-11.71","-9.73","-1.98","813.71","43.78","723.72","795.57","40.57","105.43","111.30","39.17"
"Fri Nov 03 2023 00:00:00 GMT+0530 (India Standard Time)","780.00","798.80","777.30","795.40","4310765.00","-9.96","-9.78","-0.18","812.53","85.67","723.72","794.08","100.00","105.43","111.25","49.55"
"Mon Nov 06 2023 00:00:00 GMT+0530 (India Standard Time)","801.50","806.25","799.30","802.50","2270316.00","-7.91","-9.40","1.50","812.07","90.45","723.76","792.66","100.00","106.37","111.21","52.49"
"Tue Nov 07 2023 00:00:00 GMT+0530 (India Standard Time)","803.00","808.40","796.00","797.55","2394891.00","-6.60","-8.84","2.24","811.57","61.71","723.78","793.04","88.55","106.37","111.17","50.29"
"Wed Nov 08 2023 00:00:00 GMT+0530 (India Standard Time)","802.00","823.80","800.05","818.70","5123208.00","-3.82","-7.84","4.02","811.81","89.69","723.94","793.00","100.00","106.37","111.14","58.33"
"Thu Nov 09 2023 00:00:00 GMT+0530 (India Standard Time)","825.00","827.70","798.10","806.20","4982049.00","-2.59","-6.79","4.20","811.79","48.12","724.04","792.57","78.28","104.75","111.09","52.89"
"Fri Nov 10 2023 00:00:00 GMT+0530 (India Standard Time)","808.00","818.80","806.20","808.60","3903183.00","-1.41","-5.71","4.30","811.49","55.96","724.16","792.25","81.84","105.06","111.04","53.78"
"Sun Nov 12 2023 00:00:00 GMT+0530 (India Standard Time)","816.70","816.70","811.00","812.25","265239.00","-0.18","-4.61","4.43","811.36","69.83","724.34","792.17","87.38","105.53","111.00","55.17"
"Mon Nov 13 2023 00:00:00 GMT+0530 (India Standard Time)","810.00","828.00","807.50","809.85","1050882.00","0.60","-3.56","4.16","811.71","49.38","724.51","792.38","82.28","105.53","110.95","54.02"
"Wed Nov 15 2023 00:00:00 GMT+0530 (India Standard Time)","818.00","818.00","809.05","810.75","1694698.00","1.27","-2.60","3.87","811.94","58.50","724.72","792.67","82.29","105.53","110.91","54.40"
"Thu Nov 16 2023 00:00:00 GMT+0530 (India Standard Time)","814.40","818.40","808.10","813.60","1689762.00","2.01","-1.67","3.69","812.19","80.61","724.98","793.42","87.98","105.90","110.87","55.66"
"Fri Nov 17 2023 00:00:00 GMT+0530 (India Standard Time)","811.70","821.95","809.05","810.05","3218979.00","2.29","-0.88","3.17","812.29","34.64","725.47","794.28","78.99","105.90","110.83","53.67"
"Mon Nov 20 2023 00:00:00 GMT+0530 (India Standard Time)","810.05","816.00","801.10","803.60","3227659.00","1.96","-0.31","2.28","812.22","11.27","726.50","794.77","63.14","105.90","110.80","50.16"
"Tue Nov 21 2023 00:00:00 GMT+0530 (India Standard Time)","805.00","814.90","799.30","801.35","3643664.00","1.51","0.05","1.45","812.05","7.67","727.52","796.27","51.07","105.90","110.76","48.95"
"Wed Nov 22 2023 00:00:00 GMT+0530 (India Standard Time)","804.00","804.95","788.55","791.90","3212329.00","0.38","0.12","0.26","811.39","2.08","728.42","797.41","0","104.65","110.71","44.16"
"Thu Nov 23 2023 00:00:00 GMT+0530 (India Standard Time)","795.00","804.70","791.45","793.10","3776615.00","-0.42","0.01","-0.43","809.60","17.37","729.91","798.55","5.21","104.65","110.66","44.90"
"Fri Nov 24 2023 00:00:00 GMT+0530 (India Standard Time)","795.90","802.95","785.00","795.55","4421350.00","-0.84","-0.16","-0.68","808.34","49.55","731.57","799.20","16.19","104.65","110.62","46.45"
"Tue Nov 28 2023 00:00:00 GMT+0530 (India Standard Time)","806.00","854.40","806.00","837.70","15929818.00","2.20","0.31","1.89","808.10","96.50","733.27","801.84","100.00","104.65","110.57","64.84"
"Wed Nov 29 2023 00:00:00 GMT+0530 (India Standard Time)","850.00","850.00","833.30","835.55","8057644.00","4.39","1.13","3.26","807.81","88.13","734.72","804.38","94.20","104.39","110.52","63.64"
"Thu Nov 30 2023 00:00:00 GMT+0530 (India Standard Time)","839.00","839.00","823.00","825.50","5998210.00","5.25","1.95","3.30","807.41","48.68","736.08","807.20","67.96","103.13","110.46","58.22"
"Fri Dec 01 2023 00:00:00 GMT+0530 (India Standard Time)","839.20","839.20","825.50","827.80","2932775.00","6.05","2.77","3.28","807.34","57.40","737.22","809.87","72.12","103.42","110.41","59.08"
"Mon Dec 04 2023 00:00:00 GMT+0530 (India Standard Time)","865.00","883.35","858.50","878.65","11064795.00","10.66","4.35","6.31","808.55","95.00","738.71","814.04","100.00","103.42","110.35","72.54"
"Tue Dec 05 2023 00:00:00 GMT+0530 (India Standard Time)","884.00","1024.30","880.00","1013.10","46564412.00","24.88","8.46","16.42","812.19","99.12","740.85","824.57","100.00","103.42","110.30","85.82"
"Wed Dec 06 2023 00:00:00 GMT+0530 (India Standard Time)","1045.00","1082.50","1008.10","1017.95","41008947.00","36.12","13.99","22.13","816.01","99.17","743.17","835.59","100.00","103.91","110.25","86.08"
"Thu Dec 07 2023 00:00:00 GMT+0530 (India Standard Time)","1029.00","1058.75","1021.65","1039.65","14840081.00","46.25","20.44","25.81","820.29","99.45","745.55","846.63","100.00","106.13","110.22","87.21"
"Fri Dec 08 2023 00:00:00 GMT+0530 (India Standard Time)","1048.00","1055.00","992.30","1022.95","12202462.00","52.33","26.82","25.51","824.32","65.67","747.82","857.47","87.17","104.42","110.17","81.69"
"Mon Dec 11 2023 00:00:00 GMT+0530 (India Standard Time)","1026.80","1048.00","1015.65","1031.90","7889666.00","57.21","32.90","24.31","828.35","74.83","750.09","868.64","88.67","105.34","110.13","82.34"
"Tue Dec 12 2023 00:00:00 GMT+0530 (India Standard Time)","1037.05","1048.45","1023.25","1041.95","4902289.00","61.18","38.55","22.62","832.72","84.26","752.41","880.12","90.35","106.36","110.10","83.06"
"Wed Dec 13 2023 00:00:00 GMT+0530 (India Standard Time)","1045.00","1075.00","1028.80","1063.50","8151639.00","65.31","43.90","21.41","837.49","93.96","754.82","892.81","93.63","106.36","110.08","84.52"
"Thu Dec 14 2023 00:00:00 GMT+0530 (India Standard Time)","1080.00","1089.90","1063.00","1074.70","8004131.00","68.70","48.86","19.83","842.36","96.32","757.28","906.00","95.14","107.48","110.06","85.23"
"Fri Dec 15 2023 00:00:00 GMT+0530 (India Standard Time)","1079.00","1086.50","1067.05","1078.55","11672787.00","70.88","53.27","17.61","847.43","97.10","759.94","919.25","94.02","107.48","110.04","85.48"
"Mon Dec 18 2023 00:00:00 GMT+0530 (India Standard Time)","1079.00","1102.40","1072.75","1094.30","5448342.00","73.03","57.22","15.81","852.82","98.94","762.65","933.46","97.47","109.05","110.03","86.48"
"Tue Dec 19 2023 00:00:00 GMT+0530 (India Standard Time)","1095.00","1099.00","1068.60","1074.00","5993252.00","72.27","60.23","12.04","857.68","37.56","765.23","946.98","71.47","109.05","110.02","78.94"
"Wed Dec 20 2023 00:00:00 GMT+0530 (India Standard Time)","1078.00","1083.85","1005.00","1012.15","8467564.00","65.91","61.37","4.55","862.12","7.86","767.48","957.52","8.19","109.05","110.01","61.38"
"Thu Dec 21 2023 00:00:00 GMT+0530 (India Standard Time)","996.15","1028.00","989.25","1018.95","5352057.00","60.73","61.24","-0.51","866.11","21.51","769.61","968.88","3.84","109.79","110.01","62.37"
"Fri Dec 22 2023 00:00:00 GMT+0530 (India Standard Time)","1034.00","1050.95","1019.00","1027.50","5252106.00","56.65","60.32","-3.67","870.37","42.81","771.74","980.60","8.73","110.71","110.02","63.64"
"Tue Dec 26 2023 00:00:00 GMT+0530 (India Standard Time)","1034.10","1041.00","1026.10","1028.75","2176775.00","52.91","58.84","-5.93","874.64","47.01","773.77","992.26","9.47","110.84","110.02","63.83"
"Wed Dec 27 2023 00:00:00 GMT+0530 (India Standard Time)","1037.00","1037.05","1018.00","1024.40","2803997.00","49.03","56.88","-7.84","878.85","31.10","775.46","1001.59","4.69","110.84","110.03","62.59"
"Thu Dec 28 2023 00:00:00 GMT+0530 (India Standard Time)","1029.55","1031.20","1014.65","1016.95","4865603.00","44.84","54.47","-9.63","883.08","14.40","777.10","1010.66","0","110.84","110.04","60.44"
"Fri Dec 29 2023 00:00:00 GMT+0530 (India Standard Time)","1021.80","1034.90","1017.60","1024.35","2429250.00","41.64","51.90","-10.27","887.47","58.58","778.66","1020.60","5.40","111.65","110.05","61.84"
"Mon Jan 01 2024 00:00:00 GMT+0530 (India Standard Time)","1026.55","1057.95","1023.00","1047.85","3989711.00","40.53","49.63","-9.10","892.45","90.32","780.41","1031.61","21.26","111.65","110.06","65.98"
"Tue Jan 02 2024 00:00:00 GMT+0530 (India Standard Time)","1047.85","1082.90","1031.10","1078.40","6344621.00","41.63","48.03","-6.40","898.16","96.76","782.31","1041.59","38.46","111.65","110.07","70.46"
"Wed Jan 03 2024 00:00:00 GMT+0530 (India Standard Time)","1105.00","1144.00","1062.75","1094.25","33060778.00","43.29","47.08","-3.79","904.17","98.09","784.38","1045.65","46.24","111.65","110.08","72.48"
"Thu Jan 04 2024 00:00:00 GMT+0530 (India Standard Time)","1117.00","1131.00","1103.55","1123.20","9771995.00","46.40","46.94","-0.54","911.21","99.23","786.72","1050.91","58.79","114.60","110.12","75.75"
"Fri Jan 05 2024 00:00:00 GMT+0530 (India Standard Time)","1129.10","1160.00","1125.40","1154.25","10622789.00","50.79","47.71","3.07","918.91","99.66","789.10","1056.64","70.02","114.60","110.16","78.67"
"Mon Jan 08 2024 00:00:00 GMT+0530 (India Standard Time)","1160.00","1182.00","1152.00","1168.85","8760094.00","54.81","49.13","5.68","926.88","99.78","791.54","1063.94","100.00","116.05","110.20","79.90"
"Tue Jan 09 2024 00:00:00 GMT+0530 (India Standard Time)","1182.00","1229.90","1178.50","1197.10","14701104.00","59.59","51.22","8.37","935.18","99.91","794.13","1072.20","100.00","116.05","110.25","82.06"
"Wed Jan 10 2024 00:00:00 GMT+0530 (India Standard Time)","1220.00","1220.00","1197.00","1214.35","7036728.00","64.03","53.79","10.25","943.76","99.94","796.86","1080.82","100.00","117.72","110.31","83.24"
"Thu Jan 11 2024 00:00:00 GMT+0530 (India Standard Time)","1221.00","1223.60","1200.00","1202.95","3721202.00","65.88","56.20","9.67","952.13","64.74","799.56","1087.79","83.67","116.62","110.35","79.51"
"Fri Jan 12 2024 00:00:00 GMT+0530 (India Standard Time)","1210.40","1218.75","1201.05","1207.10","3912779.00","66.90","58.34","8.56","960.89","71.94","802.31","1094.41","85.21","116.62","110.40","79.87"
"Mon Jan 15 2024 00:00:00 GMT+0530 (India Standard Time)","1214.00","1215.35","1189.10","1203.10","2825654.00","66.62","60.00","6.62","969.46","51.62","805.05","1100.64","79.06","116.23","110.45","78.46"
"Tue Jan 16 2024 00:00:00 GMT+0530 (India Standard Time)","1203.60","1212.00","1186.80","1193.35","3173587.00","64.86","60.97","3.89","977.42","21.72","807.82","1105.59","63.88","116.23","110.49","75.00"
"Wed Jan 17 2024 00:00:00 GMT+0530 (India Standard Time)","1180.00","1204.70","1159.45","1166.85","5268593.00","60.63","60.90","-0.27","984.71","5.24","810.51","1110.23","21.42","116.23","110.54","66.43"
"Thu Jan 18 2024 00:00:00 GMT+0530 (India Standard Time)","1171.05","1184.30","1143.45","1154.05","5918594.00","55.61","59.84","-4.24","991.84","3.02","813.31","1117.33","0","116.23","110.58","62.70"
"Fri Jan 19 2024 00:00:00 GMT+0530 (India Standard Time)","1162.25","1166.80","1150.00","1152.45","2732559.00","50.91","58.06","-7.15","998.51","2.73","815.89","1124.00","0","116.07","110.63","62.23"
"Sat Jan 20 2024 00:00:00 GMT+0530 (India Standard Time)","1158.90","1198.75","1150.00","1193.00","2521107.00","49.88","56.42","-6.54","1006.25","83.37","818.70","1132.28","30.55","120.16","110.70","68.65"
"Tue Jan 23 2024 00:00:00 GMT+0530 (India Standard Time)","1199.15","1207.20","1130.25","1137.10","7201014.00","44.05","53.95","-9.90","1012.82","25.37","821.25","1137.69","0","120.16","110.77","54.82"
"Wed Jan 24 2024 00:00:00 GMT+0530 (India Standard Time)","1138.00","1146.75","1118.35","1120.60","18373913.00","37.66","50.69","-13.03","1018.99","17.99","823.66","1142.50","0","120.16","110.85","51.52"
"Thu Jan 25 2024 00:00:00 GMT+0530 (India Standard Time)","1122.15","1155.75","1111.60","1146.30","4305042.00","34.28","47.41","-13.13","1025.72","56.99","826.19","1148.97","14.02","122.91","110.94","55.96"
"Mon Jan 29 2024 00:00:00 GMT+0530 (India Standard Time)","1155.00","1204.90","1151.00","1196.65","6768033.00","35.25","44.98","-9.72","1033.43","84.98","828.91","1157.59","36.52","122.91","111.04","63.10"
"Tue Jan 30 2024 00:00:00 GMT+0530 (India Standard Time)","1200.00","1217.20","1181.00","1187.35","4683729.00","34.88","42.96","-8.08","1040.91","68.51","831.58","1164.56","30.31","121.96","111.12","61.13"
"Wed Jan 31 2024 00:00:00 GMT+0530 (India Standard Time)","1195.80","1214.25","1191.65","1207.65","5510242.00","35.80","41.53","-5.73","1048.86","82.94","834.33","1171.02","43.29","121.96","111.21","63.79"
"Thu Feb 01 2024 00:00:00 GMT+0530 (India Standard Time)","1213.60","1239.50","1200.30","1218.85","7433628.00","37.01","40.62","-3.61","1057.17","88.67","837.11","1177.25","48.28","121.96","111.29","65.20"
"Fri Feb 02 2024 00:00:00 GMT+0530 (India Standard Time)","1233.05","1287.50","1231.70","1261.45","10450227.00","40.93","40.68","0.25","1066.37","96.81","840.10","1184.17","68.60","121.96","111.37","70.00"
"Mon Feb 05 2024 00:00:00 GMT+0530 (India Standard Time)","1269.50","1291.25","1248.85","1258.55","5611298.00","43.31","41.21","2.10","1075.70","88.18","843.10","1189.38","75.73","121.68","111.45","69.30"
"Tue Feb 06 2024 00:00:00 GMT+0530 (India Standard Time)","1266.00","1284.60","1248.85","1273.10","4408002.00","45.84","42.14","3.70","1085.30","93.76","846.17","1194.59","100.00","123.08","111.54","70.88"
"Wed Feb 07 2024 00:00:00 GMT+0530 (India Standard Time)","1280.00","1286.35","1252.15","1255.65","3359763.00","45.91","42.89","3.02","1094.50","43.97","849.12","1197.52","77.25","121.39","111.62","66.47"
"Thu Feb 08 2024 00:00:00 GMT+0530 (India Standard Time)","1264.05","1264.50","1236.75","1245.20","3354609.00","44.60","43.23","1.37","1102.65","26.88","852.04","1199.06","64.01","120.38","111.69","63.91"
"Fri Feb 09 2024 00:00:00 GMT+0530 (India Standard Time)","1252.60","1275.50","1232.10","1271.50","3538164.00","45.17","43.62","1.55","1111.37","75.27","855.04","1202.49","81.64","120.38","111.76","67.32"
"Mon Feb 12 2024 00:00:00 GMT+0530 (India Standard Time)","1278.00","1279.75","1243.90","1249.35","2204823.00","43.33","43.56","-0.23","1119.85","35.59","857.93","1204.60","54.17","118.29","111.81","62.00"
"Tue Feb 13 2024 00:00:00 GMT+0530 (India Standard Time)","1249.95","1271.00","1226.65","1264.80","2245009.00","42.63","43.38","-0.74","1128.59","62.89","860.93","1207.69","65.16","118.29","111.86","64.13"
"Wed Feb 14 2024 00:00:00 GMT+0530 (India Standard Time)","1261.95","1281.55","1248.65","1267.85","3382943.00","41.84","43.07","-1.23","1136.37","68.20","863.97","1211.41","57.61","118.29","111.91","64.56"
"Thu Feb 15 2024 00:00:00 GMT+0530 (India Standard Time)","1275.00","1277.55","1262.10","1267.05","3382824.00","40.68","42.59","-1.91","1141.45","63.44","866.90","1216.42","32.95","118.21","111.96","64.34"
"Fri Feb 16 2024 00:00:00 GMT+0530 (India Standard Time)","1269.80","1311.00","1265.55","1306.85","5476230.00","42.48","42.57","-0.09","1147.23","95.41","870.02","1224.06","88.10","118.21","112.01","69.72"
"Mon Feb 19 2024 00:00:00 GMT+0530 (India Standard Time)","1313.40","1327.00","1302.15","1307.00","2700240.00","43.42","42.74","0.68","1152.58","95.44","873.21","1231.79","87.14","118.23","112.06","69.74"
"Tue Feb 20 2024 00:00:00 GMT+0530 (India Standard Time)","1311.00","1312.90","1293.70","1300.50","1856718.00","43.15","42.82","0.32","1158.13","60.89","876.31","1237.17","65.33","117.64","112.10","67.80"
"Wed Feb 21 2024 00:00:00 GMT+0530 (India Standard Time)","1304.80","1315.00","1281.45","1291.00","2770510.00","41.68","42.59","-0.91","1163.31","29.58","879.35","1244.86","33.35","117.64","112.14","64.96"
"Thu Feb 22 2024 00:00:00 GMT+0530 (India Standard Time)","1296.00","1317.00","1281.00","1310.95","2556009.00","41.65","42.40","-0.76","1168.69","77.71","882.48","1254.38","67.49","119.46","112.20","67.99"
"Fri Feb 23 2024 00:00:00 GMT+0530 (India Standard Time)","1312.05","1332.00","1298.00","1320.70","2924829.00","41.92","42.31","-0.38","1173.83","86.64","885.63","1263.10","83.19","119.46","112.26","69.39"
"Mon Feb 26 2024 00:00:00 GMT+0530 (India Standard Time)","1320.00","1343.00","1316.75","1338.15","2802425.00","43.06","42.46","0.60","1179.10","94.51","888.87","1270.17","100.00","121.03","112.33","71.75"
"Tue Feb 27 2024 00:00:00 GMT+0530 (India Standard Time)","1336.85","1339.20","1314.25","1329.45","2197456.00","42.76","42.52","0.24","1184.12","59.54","891.97","1277.28","70.64","120.25","112.39","68.89"
"Wed Feb 28 2024 00:00:00 GMT+0530 (India Standard Time)","1334.50","1334.90","1295.15","1299.50","2121625.00","39.65","41.94","-2.30","1188.22","16.78","894.97","1281.87","0","117.54","112.43","60.02"
"Thu Feb 29 2024 00:00:00 GMT+0530 (India Standard Time)","1300.00","1329.90","1293.05","1320.50","2672239.00","38.44","41.24","-2.81","1193.15","58.54","898.10","1286.96","30.20","117.54","112.47","63.56"
"Fri Mar 01 2024 00:00:00 GMT+0530 (India Standard Time)","1335.00","1349.00","1312.40","1322.10","3301090.00","37.17","40.43","-3.25","1199.35","61.48","901.27","1289.99","32.44","117.54","112.51","63.82"
"Sat Mar 02 2024 00:00:00 GMT+0530 (India Standard Time)","1326.90","1346.90","1325.00","1338.30","386697.00","37.05","39.75","-2.70","1205.74","84.20","904.54","1293.97","54.94","118.98","112.56","66.47"
"Mon Mar 04 2024 00:00:00 GMT+0530 (India Standard Time)","1345.25","1356.55","1336.40","1342.60","2170214.00","36.88","39.18","-2.30","1212.04","87.97","907.93","1297.45","60.78","118.98","112.61","67.15"
"Tue Mar 05 2024 00:00:00 GMT+0530 (India Standard Time)","1344.05","1354.95","1334.00","1338.30","1815438.00","35.98","38.54","-2.56","1218.23","59.56","911.18","1301.58","48.46","118.60","112.65","65.70"
"Wed Mar 06 2024 00:00:00 GMT+0530 (India Standard Time)","1342.70","1344.60","1304.00","1324.80","2758443.00","33.79","37.59","-3.80","1224.24","19.67","914.16","1305.56","10.46","118.60","112.70","61.24"
"Thu Mar 07 2024 00:00:00 GMT+0530 (India Standard Time)","1329.80","1335.35","1315.00","1325.45","1640786.00","31.74","36.42","-4.68","1230.41","24.54","917.11","1308.26","11.62","118.66","112.75","61.38"
"Mon Mar 11 2024 00:00:00 GMT+0530 (India Standard Time)","1331.00","1342.35","1322.05","1326.95","2217673.00","29.89","35.12","-5.22","1236.46","41.03","920.16","1312.14","14.46","118.66","112.79","61.71"
"Tue Mar 12 2024 00:00:00 GMT+0530 (India Standard Time)","1335.00","1346.95","1293.45","1301.30","3139768.00","26.06","33.30","-7.24","1241.53","4.84","923.04","1313.96","0","118.66","112.84","53.24"
"Wed Mar 13 2024 00:00:00 GMT+0530 (India Standard Time)","1307.00","1308.00","1188.10","1209.55","8670336.00","15.44","29.73","-14.29","1244.16","0.66","925.46","1311.05","0","118.66","112.89","34.82"
"Thu Mar 14 2024 00:00:00 GMT+0530 (India Standard Time)","1210.00","1276.00","1195.70","1267.85","7195603.00","11.59","26.10","-14.51","1247.63","52.63","928.11","1311.09","33.78","124.38","112.97","47.30"
"Fri Mar 15 2024 00:00:00 GMT+0530 (India Standard Time)","1273.80","1288.85","1256.65","1283.00","4024586.00","9.66","22.81","-13.16","1250.82","62.75","930.85","1309.90","44.48","125.86","113.08","49.98"
"Mon Mar 18 2024 00:00:00 GMT+0530 (India Standard Time)","1250.00","1270.05","1227.25","1266.60","4858444.00","6.72","19.60","-12.88","1253.07","42.90","933.49","1307.88","38.23","125.86","113.18","47.18"
"Tue Mar 19 2024 00:00:00 GMT+0530 (India Standard Time)","1271.05","1272.85","1237.25","1241.20","2311324.00","2.32","16.14","-13.82","1254.52","21.67","936.04","1304.91","25.77","123.34","113.25","43.15"
"Wed Mar 20 2024 00:00:00 GMT+0530 (India Standard Time)","1248.00","1252.95","1230.20","1245.40","2772098.00","-0.82","12.75","-13.57","1255.48","32.69","938.58","1302.63","28.40","123.34","113.33","44.01"
"Thu Mar 21 2024 00:00:00 GMT+0530 (India Standard Time)","1260.00","1268.70","1251.30","1262.45","3155563.00","-1.91","9.81","-11.73","1256.45","68.57","941.20","1300.21","39.04","123.34","113.41","47.45"
"Fri Mar 22 2024 00:00:00 GMT+0530 (India Standard Time)","1262.45","1289.10","1255.05","1281.60","3076926.00","-1.22","7.61","-8.83","1258.02","85.70","943.88","1298.25","50.29","125.21","113.50","51.08"
"Tue Mar 26 2024 00:00:00 GMT+0530 (India Standard Time)","1281.60","1314.00","1281.00","1304.20","3610644.00","1.14","6.31","-5.17","1259.96","93.75","946.68","1296.55","65.45","125.21","113.60","55.03"
"Wed Mar 27 2024 00:00:00 GMT+0530 (India Standard Time)","1315.00","1343.00","1312.10","1322.80","4938400.00","4.46","5.94","-1.48","1262.35","96.75","949.61","1296.22","86.33","125.21","113.69","58.04"
"Thu Mar 28 2024 00:00:00 GMT+0530 (India Standard Time)","1334.00","1358.70","1314.00","1341.85","4188741.00","8.53","6.46","2.07","1265.32","98.36","952.65","1298.34","97.05","127.01","113.79","60.92"
"Mon Apr 01 2024 00:00:00 GMT+0530 (India Standard Time)","1356.80","1381.75","1350.25","1375.90","3251462.00","14.34","8.04","6.30","1269.51","99.41","955.82","1301.11","100.00","130.23","113.92","65.48"
"Tue Apr 02 2024 00:00:00 GMT+0530 (India Standard Time)","1397.80","1424.95","1388.20","1404.15","5769001.00","20.98","10.63","10.35","1274.51","99.71","959.15","1305.21","100.00","130.23","114.05","68.74"
"Wed Apr 03 2024 00:00:00 GMT+0530 (India Standard Time)","1399.85","1402.00","1389.20","1397.20","2727582.00","25.39","13.58","11.81","1279.40","79.56","962.44","1308.16","95.05","129.59","114.17","67.06"
"Thu Apr 04 2024 00:00:00 GMT+0530 (India Standard Time)","1408.60","1408.60","1362.25","1366.85","4197697.00","26.13","16.09","10.04","1282.88","28.77","965.58","1309.37","66.45","129.59","114.29","60.16"
"Fri Apr 05 2024 00:00:00 GMT+0530 (India Standard Time)","1367.00","1381.90","1357.35","1375.55","1853120.00","27.11","18.29","8.82","1287.65","47.86","968.72","1311.23","71.25","130.41","114.41","61.39"
"Mon Apr 08 2024 00:00:00 GMT+0530 (India Standard Time)","1381.95","1381.95","1337.00","1348.65","14038860.00","25.42","19.72","5.70","1292.21","18.01","971.78","1312.43","48.93","130.41","114.54","55.67"
"Tue Apr 09 2024 00:00:00 GMT+0530 (India Standard Time)","1356.15","1364.90","1346.10","1356.50","1935801.00","24.44","20.66","3.78","1296.41","39.89","974.87","1313.98","53.85","131.17","114.67","56.93"
"Wed Apr 10 2024 00:00:00 GMT+0530 (India Standard Time)","1359.00","1359.90","1348.20","1352.30","3984001.00","23.05","21.14","1.91","1299.53","31.03","977.89","1315.25","48.55","131.17","114.80","56.02"
"Fri Apr 12 2024 00:00:00 GMT+0530 (India Standard Time)","1350.00","1358.40","1341.00","1344.20","2183230.00","21.06","21.12","-0.07","1302.66","16.71","980.88","1317.39","31.73","130.39","114.92","54.20"
"Mon Apr 15 2024 00:00:00 GMT+0530 (India Standard Time)","1320.00","1335.00","1308.60","1315.55","3372368.00","16.97","20.29","-3.32","1304.82","3.92","983.89","1322.69","0","130.39","115.04","48.25"
"Tue Apr 16 2024 00:00:00 GMT+0530 (India Standard Time)","1302.00","1322.00","1294.40","1304.35","2696593.00","12.68","18.77","-6.09","1306.53","2.45","986.79","1324.52","0","129.28","115.15","46.12"
"Thu Apr 18 2024 00:00:00 GMT+0530 (India Standard Time)","1315.95","1336.50","1291.00","1295.55","6219274.00","8.47","16.71","-8.24","1307.21","1.54","989.66","1325.14","0","129.28","115.26","44.46"
"Fri Apr 19 2024 00:00:00 GMT+0530 (India Standard Time)","1280.00","1316.00","1270.00","1310.00","3899281.00","6.23","14.62","-8.38","1308.24","55.58","992.43","1327.31","13.70","130.72","115.38","47.79"
"Mon Apr 22 2024 00:00:00 GMT+0530 (India Standard Time)","1321.10","1331.00","1315.00","1321.10","8903130.00","5.29","12.75","-7.46","1309.20","75.90","995.34","1331.31","23.85","130.72","115.50","50.25"
"Tue Apr 23 2024 00:00:00 GMT+0530 (India Standard Time)","1321.10","1338.55","1318.90","1322.10","3847872.00","4.57","11.12","-6.54","1310.53","77.74","998.26","1335.14","24.78","130.82","115.62","50.48"
"Wed Apr 24 2024 00:00:00 GMT+0530 (India Standard Time)","1331.00","1332.90","1318.05","1320.50","2553035.00","3.83","9.66","-5.83","1312.04","62.50","1001.16","1338.04","24.88","130.66","115.74","50.08"
"Thu Apr 25 2024 00:00:00 GMT+0530 (India Standard Time)","1320.50","1336.95","1316.80","1330.55","6097087.00","4.01","8.53","-4.52","1313.22","89.17","1004.10","1340.49","48.00","130.66","115.86","52.58"
"Fri Apr 26 2024 00:00:00 GMT+0530 (India Standard Time)","1340.00","1341.60","1321.10","1324.60","2565490.00","3.63","7.55","-3.92","1314.72","48.41","1007.02","1341.51","38.39","130.08","115.97","50.96"
"Mon Apr 29 2024 00:00:00 GMT+0530 (India Standard Time)","1334.30","1335.75","1307.00","1317.25","2191564.00","2.70","6.58","-3.88","1315.77","22.73","1010.01","1341.23","35.94","129.35","116.07","48.94"
"Tue Apr 30 2024 00:00:00 GMT+0530 (India Standard Time)","1323.55","1334.65","1316.25","1324.90","2321071.00","2.55","5.77","-3.22","1316.91","63.28","1013.04","1340.39","53.31","129.35","116.18","51.11"
"Thu May 02 2024 00:00:00 GMT+0530 (India Standard Time)","1333.95","1348.70","1306.55","1338.80","7991511.00","3.52","5.32","-1.80","1318.35","87.37","1016.08","1338.53","89.98","129.35","116.28","54.86"
"Fri May 03 2024 00:00:00 GMT+0530 (India Standard Time)","1353.00","1354.00","1310.45","1320.30","3528822.00","2.76","4.81","-2.05","1318.62","31.81","1019.06","1334.34","47.76","127.57","116.37","49.43"
"Mon May 06 2024 00:00:00 GMT+0530 (India Standard Time)","1322.50","1322.50","1257.00","1289.95","4000668.00","-0.29","3.79","-4.08","1318.28","10.31","1021.93","1328.98","0","127.57","116.45","42.07"
"Tue May 07 2024 00:00:00 GMT+0530 (India Standard Time)","1291.10","1301.15","1265.00","1287.65","3474340.00","-2.86","2.46","-5.32","1318.02","9.35","1024.73","1325.02","0","127.34","116.54","41.56"
"Wed May 08 2024 00:00:00 GMT+0530 (India Standard Time)","1293.35","1293.70","1269.05","1277.25","1627418.00","-5.67","0.83","-6.50","1317.74","5.08","1027.46","1320.10","0","126.31","116.62","39.27"
"Thu May 09 2024 00:00:00 GMT+0530 (India Standard Time)","1279.00","1285.80","1240.00","1244.55","2591646.00","-10.41","-1.41","-9.00","1316.42","1.31","1030.05","1314.90","0","126.31","116.69","33.08"
"Fri May 10 2024 00:00:00 GMT+0530 (India Standard Time)","1250.00","1278.70","1245.75","1266.75","2022402.00","-12.24","-3.58","-8.66","1315.34","50.83","1032.72","1310.41","31.74","128.56","116.78","39.99"
"Mon May 13 2024 00:00:00 GMT+0530 (India Standard Time)","1267.00","1313.00","1261.65","1306.40","2495810.00","-10.37","-4.94","-5.43","1314.70","82.39","1035.59","1308.12","77.41","128.56","116.88","49.94"
"Tue May 14 2024 00:00:00 GMT+0530 (India Standard Time)","1306.40","1339.90","1285.25","1331.25","2989543.00","-6.80","-5.31","-1.49","1314.74","90.24","1038.61","1307.47","100.00","128.56","116.97","54.98"
"Wed May 15 2024 00:00:00 GMT+0530 (India Standard Time)","1337.85","1353.95","1333.00","1337.85","2189768.00","-3.41","-4.93","1.52","1315.51","92.11","1041.62","1308.58","100.00","129.20","117.06","56.23"
"Thu May 16 2024 00:00:00 GMT+0530 (India Standard Time)","1352.20","1366.75","1310.50","1345.05","4822618.00","-0.13","-3.97","3.84","1316.00","94.44","1044.60","1310.62","100.00","129.20","117.16","57.63"
"Fri May 17 2024 00:00:00 GMT+0530 (India Standard Time)","1330.00","1343.30","1321.15","1335.70","1945123.00","1.69","-2.84","4.53","1316.27","53.49","1047.51","1312.63","90.00","128.30","117.25","55.17"
"Sat May 18 2024 00:00:00 GMT+0530 (India Standard Time)","1342.00","1345.20","1335.10","1340.20","192526.00","3.46","-1.58","5.04","1316.31","67.19","1050.47","1314.13","93.94","128.74","117.34","56.14"
"Tue May 21 2024 00:00:00 GMT+0530 (India Standard Time)","1344.00","1398.80","1333.00","1385.50","4200578.00","8.42","0.42","8.00","1317.16","95.26","1053.62","1317.36","100.00","128.74","117.42","64.46"
"Wed May 22 2024 00:00:00 GMT+0530 (India Standard Time)","1394.35","1394.35","1364.20","1378.20","1878562.00","11.62","2.66","8.96","1317.96","74.67","1056.62","1320.16","93.45","128.06","117.51","62.41"
"Thu May 23 2024 00:00:00 GMT+0530 (India Standard Time)","1384.00","1448.80","1369.90","1443.35","7821034.00","19.20","5.97","13.23","1320.33","94.79","1060.01","1326.30","100.00","128.06","117.59","71.23"
"Fri May 24 2024 00:00:00 GMT+0530 (India Standard Time)","1435.00","1444.95","1382.15","1416.10","19100263.00","22.74","9.32","13.42","1322.15","56.95","1063.29","1330.58","82.16","128.06","117.67","64.42"
"Mon May 27 2024 00:00:00 GMT+0530 (India Standard Time)","1445.00","1457.05","1423.60","1431.65","5517078.00","26.50","12.76","13.74","1324.24","70.42","1066.58","1335.93","87.33","129.46","117.76","66.39"
"Tue May 28 2024 00:00:00 GMT+0530 (India Standard Time)","1438.00","1438.00","1398.00","1400.50","4070886.00","26.66","15.54","11.12","1326.22","31.25","1069.70","1340.10","68.73","126.65","117.83","59.30"
"Wed May 29 2024 00:00:00 GMT+0530 (India Standard Time)","1406.00","1427.85","1382.90","1410.00","3214475.00","27.24","17.88","9.36","1330.23","48.66","1072.80","1344.35","66.23","127.51","117.91","60.68"
"Thu May 30 2024 00:00:00 GMT+0530 (India Standard Time)","1410.00","1413.65","1373.65","1383.50","3477661.00","25.26","19.36","5.91","1332.55","20.16","1075.79","1346.59","24.10","127.51","117.98","55.07"
"Fri May 31 2024 00:00:00 GMT+0530 (India Standard Time)","1391.00","1451.00","1391.00","1437.40","8238969.00","27.73","21.03","6.70","1335.63","76.40","1079.02","1352.44","47.13","127.51","118.06","62.63"
"Mon Jun 03 2024 00:00:00 GMT+0530 (India Standard Time)","1549.00","1621.40","1535.00","1583.95","23398347.00","41.04","25.03","16.01","1341.98","95.11","1082.93","1367.14","100.00","127.51","118.13","74.97"
"Tue Jun 04 2024 00:00:00 GMT+0530 (India Standard Time)","1558.00","1558.00","1188.00","1248.95","52109624.00","24.27","24.88","-0.61","1342.14","20.56","1085.17","1365.21","0","127.51","118.20","41.35"
"Wed Jun 05 2024 00:00:00 GMT+0530 (India Standard Time)","1281.00","1368.00","1160.60","1354.60","20879925.00","19.29","23.76","-4.47","1344.32","46.84","1088.01","1369.07","23.06","138.29","118.36","49.11"
"Thu Jun 06 2024 00:00:00 GMT+0530 (India Standard Time)","1384.00","1404.00","1344.80","1352.95","12153840.00","15.03","22.02","-6.98","1346.13","46.36","1090.89","1374.49","22.73","138.12","118.52","49.00"
"Fri Jun 07 2024 00:00:00 GMT+0530 (India Standard Time)","1357.70","1385.00","1355.05","1378.85","5884018.00","13.59","20.33","-6.74","1348.08","59.40","1093.74","1380.10","28.21","140.77","118.69","50.84"
"Mon Jun 10 2024 00:00:00 GMT+0530 (India Standard Time)","1404.00","1415.35","1381.25","1384.05","4843234.00","12.72","18.81","-6.09","1349.67","63.01","1096.48","1383.98","29.35","141.30","118.87","51.22"
"Tue Jun 11 2024 00:00:00 GMT+0530 (India Standard Time)","1391.00","1418.80","1384.05","1403.45","4122878.00","13.45","17.74","-4.29","1351.29","77.76","1099.20","1387.59","33.73","143.28","119.06","52.69"
"Wed Jun 12 2024 00:00:00 GMT+0530 (India Standard Time)","1411.75","1414.45","1390.60","1393.95","3258265.00","13.10","16.81","-3.71","1352.33","55.92","1101.90","1390.40","31.27","142.31","119.24","51.87"
"Thu Jun 13 2024 00:00:00 GMT+0530 (India Standard Time)","1403.60","1411.00","1388.05","1404.45","2839159.00","13.52","16.15","-2.63","1352.90","72.81","1104.80","1393.37","33.90","143.38","119.43","52.75"
"Fri Jun 14 2024 00:00:00 GMT+0530 (India Standard Time)","1409.00","1442.00","1395.45","1430.70","5651491.00","15.79","16.08","-0.29","1353.43","90.67","1107.84","1398.12","40.50","143.38","119.61","54.97"
"Tue Jun 18 2024 00:00:00 GMT+0530 (India Standard Time)","1447.00","1458.60","1434.05","1445.00","5651898.00","18.52","16.57","1.96","1354.39","94.56","1111.03","1403.36","44.10","143.38","119.80","56.18"
"Wed Jun 19 2024 00:00:00 GMT+0530 (India Standard Time)","1446.00","1452.00","1420.45","1448.40","4484742.00","20.73","17.40","3.33","1356.02","95.46","1114.23","1406.50","44.99","143.72","119.99","56.48"
"Thu Jun 20 2024 00:00:00 GMT+0530 (India Standard Time)","1459.30","1476.80","1444.10","1469.40","4905603.00","23.90","18.70","5.20","1357.89","98.51","1117.46","1411.06","50.61","143.72","120.17","58.37"
"Fri Jun 21 2024 00:00:00 GMT+0530 (India Standard Time)","1479.95","1498.90","1470.00","1485.50","25891893.00","27.39","20.44","6.95","1360.63","99.27","1120.80","1413.17","54.90","143.72","120.36","59.81"
"Mon Jun 24 2024 00:00:00 GMT+0530 (India Standard Time)","1474.85","1479.65","1450.20","1460.25","3009931.00","27.80","21.91","5.89","1362.71","38.31","1124.14","1415.38","82.10","141.28","120.52","56.51"
"Tue Jun 25 2024 00:00:00 GMT+0530 (India Standard Time)","1466.15","1468.90","1437.00","1456.15","3343186.00","27.48","23.02","4.45","1364.78","31.94","1127.42","1416.60","64.45","141.28","120.68","55.97"
"Wed Jun 26 2024 00:00:00 GMT+0530 (India Standard Time)","1458.90","1474.50","1451.05","1467.80","3217949.00","27.84","23.99","3.85","1367.25","65.00","1130.75","1419.97","76.03","142.41","120.85","57.22"
"Thu Jun 27 2024 00:00:00 GMT+0530 (India Standard Time)","1475.60","1494.00","1459.00","1485.50","7803408.00","29.22","25.03","4.19","1370.65","85.87","1134.16","1423.74","92.31","142.41","121.02","59.12"
"Fri Jun 28 2024 00:00:00 GMT+0530 (India Standard Time)","1480.00","1494.00","1445.00","1478.10","11534763.00","29.38","25.90","3.48","1374.13","57.30","1137.51","1428.47","78.46","142.41","121.19","57.96"
"Mon Jul 01 2024 00:00:00 GMT+0530 (India Standard Time)","1483.00","1491.40","1471.60","1474.50","3372730.00","28.88","26.50","2.38","1377.71","43.29","1140.84","1430.33","69.28","142.06","121.35","57.37"
"Tue Jul 02 2024 00:00:00 GMT+0530 (India Standard Time)","1479.50","1489.60","1455.05","1474.85","5368562.00","28.19","26.83","1.35","1381.00","45.86","1144.08","1424.87","69.85","142.06","121.51","57.42"
"Wed Jul 03 2024 00:00:00 GMT+0530 (India Standard Time)","1479.80","1514.00","1470.80","1510.65","4435563.00","30.18","27.50","2.68","1384.80","94.74","1147.23","1437.96","100.00","145.51","121.70","61.89"
"Thu Jul 04 2024 00:00:00 GMT+0530 (India Standard Time)","1514.65","1520.00","1494.35","1503.65","2980840.00","30.84","28.17","2.67","1388.43","70.02","1150.45","1445.41","80.65","144.83","121.88","60.55"
"Fri Jul 05 2024 00:00:00 GMT+0530 (India Standard Time)","1508.00","1509.50","1493.90","1500.45","2111633.00","30.75","28.69","2.06","1392.03","56.53","1153.70","1452.78","66.62","144.52","122.06","59.91"
"Mon Jul 08 2024 00:00:00 GMT+0530 (India Standard Time)","1496.00","1501.05","1469.00","1475.30","2177821.00","28.32","28.61","-0.29","1394.92","14.04","1156.83","1457.61","0","144.52","122.23","55.01"
"Tue Jul 09 2024 00:00:00 GMT+0530 (India Standard Time)","1480.00","1503.95","1475.00","1478.00","2256634.00","26.31","28.15","-1.84","1397.99","25.98","1159.99","1462.30","6.13","144.52","122.41","55.43"
"Wed Jul 10 2024 00:00:00 GMT+0530 (India Standard Time)","1492.00","1494.45","1460.00","1487.80","2082079.00","25.22","27.56","-2.35","1401.40","63.15","1163.28","1466.52","29.03","145.48","122.59","57.00"
"Thu Jul 11 2024 00:00:00 GMT+0530 (India Standard Time)","1495.00","1498.50","1477.90","1483.85","1765496.00","23.76","26.80","-3.04","1404.58","44.95","1166.60","1471.02","16.51","145.10","122.76","56.14"
"Fri Jul 12 2024 00:00:00 GMT+0530 (India Standard Time)","1490.00","1497.00","1481.15","1486.70","2018935.00","22.57","25.96","-3.38","1407.54","61.12","1169.88","1475.13","23.91","145.10","122.94","56.65"
"Mon Jul 15 2024 00:00:00 GMT+0530 (India Standard Time)","1494.00","1505.00","1485.30","1495.05","1913095.00","22.05","25.18","-3.12","1411.03","85.71","1173.22","1478.35","46.17","145.91","123.12","58.18"
"Tue Jul 16 2024 00:00:00 GMT+0530 (India Standard Time)","1496.00","1510.60","1493.25","1499.05","2170314.00","21.71","24.48","-2.77","1415.21","91.10","1176.59","1481.05","57.05","145.91","123.30","58.93"
"Thu Jul 18 2024 00:00:00 GMT+0530 (India Standard Time)","1490.00","1504.25","1472.20","1493.90","3263419.00","20.79","23.75","-2.96","1419.34","46.21","1179.95","1483.32","36.31","145.91","123.47","57.50"
"Fri Jul 19 2024 00:00:00 GMT+0530 (India Standard Time)","1492.55","1502.20","1465.50","1469.30","2568243.00","17.87","22.57","-4.70","1423.18","8.10","1183.15","1483.32","0","143.51","123.63","51.13"
"Mon Jul 22 2024 00:00:00 GMT+0530 (India Standard Time)","1470.00","1475.00","1442.55","1467.35","1721261.00","15.22","21.10","-5.88","1427.64","7.16","1186.37","1482.41","0","143.32","123.78","50.65"
"Tue Jul 23 2024 00:00:00 GMT+0530 (India Standard Time)","1468.00","1517.00","1419.00","1507.35","5987213.00","16.16","20.11","-3.95","1432.45","83.84","1189.78","1484.76","75.33","143.32","123.93","59.12"
"Wed Jul 24 2024 00:00:00 GMT+0530 (India Standard Time)","1508.00","1513.55","1480.00","1484.80","2201442.00","14.91","19.07","-4.16","1436.02","43.41","1193.04","1486.20","29.18","141.17","124.07","53.54"
"Thu Jul 25 2024 00:00:00 GMT+0530 (India Standard Time)","1471.00","1499.45","1466.85","1487.00","2211808.00","13.94","18.04","-4.10","1439.13","48.28","1196.36","1487.16","36.12","141.17","124.20","54.00"
"Fri Jul 26 2024 00:00:00 GMT+0530 (India Standard Time)","1495.90","1547.90","1490.00","1542.75","4500728.00","17.47","17.93","-0.46","1443.23","90.35","1199.94","1490.02","100.00","141.17","124.34","63.71"
"Mon Jul 29 2024 00:00:00 GMT+0530 (India Standard Time)","1547.90","1559.00","1540.00","1548.70","1928637.00","20.51","18.45","2.06","1447.30","91.78","1203.53","1493.55","100.00","141.72","124.47","64.57"
"Tue Jul 30 2024 00:00:00 GMT+0530 (India Standard Time)","1554.60","1556.90","1536.00","1546.25","2800881.00","22.46","19.25","3.21","1451.51","81.81","1207.32","1497.14","95.18","141.72","124.61","63.90"
"Wed Jul 31 2024 00:00:00 GMT+0530 (India Standard Time)","1557.00","1577.90","1547.00","1569.90","2622023.00","25.62","20.52","5.10","1456.11","94.13","1211.07","1501.89","100.00","143.89","124.76","67.42"
"Thu Aug 01 2024 00:00:00 GMT+0530 (India Standard Time)","1580.95","1604.95","1568.50","1590.15","7160588.00","29.42","22.30","7.12","1460.20","97.28","1214.94","1505.87","100.00","143.89","124.91","70.11"
"Fri Aug 02 2024 00:00:00 GMT+0530 (India Standard Time)","1579.95","1599.70","1550.20","1588.00","4313297.00","31.89","24.22","7.67","1464.40","87.32","1218.81","1510.08","96.63","143.69","125.05","69.45"
"Mon Aug 05 2024 00:00:00 GMT+0530 (India Standard Time)","1540.00","1563.45","1471.55","1493.85","7147230.00","25.95","24.57","1.39","1465.41","8.76","1222.21","1509.75","0","143.69","125.20","48.20"
"Tue Aug 06 2024 00:00:00 GMT+0530 (India Standard Time)","1524.90","1539.75","1488.10","1494.10","3159971.00","21.02","23.86","-2.83","1466.97","9.20","1225.65","1510.69","0.21","143.72","125.34","48.25"
"Wed Aug 07 2024 00:00:00 GMT+0530 (India Standard Time)","1520.00","1547.85","1514.20","1543.80","2258441.00","20.89","23.26","-2.38","1469.21","68.59","1229.35","1513.98","37.45","148.50","125.52","56.41"
"Thu Aug 08 2024 00:00:00 GMT+0530 (India Standard Time)","1538.00","1556.00","1513.80","1519.00","2468123.00","18.56","22.32","-3.76","1471.58","41.50","1232.95","1515.54","17.34","148.50","125.70","52.00"
"Fri Aug 09 2024 00:00:00 GMT+0530 (India Standard Time)","1541.50","1543.50","1519.00","1533.80","1503033.00","17.71","21.40","-3.69","1474.05","60.24","1236.65","1518.04","27.81","149.94","125.89","54.30"
"Mon Aug 12 2024 00:00:00 GMT+0530 (India Standard Time)","1500.00","1524.25","1457.35","1501.40","9230512.00","14.26","19.97","-5.71","1476.41","25.07","1240.19","1518.78","2.71","149.94","126.08","48.80"
"Tue Aug 13 2024 00:00:00 GMT+0530 (India Standard Time)","1505.85","1517.45","1479.50","1483.45","2485446.00","9.96","17.97","-8.01","1477.33","15.22","1243.75","1518.20","0","148.15","126.25","46.02"
"Wed Aug 14 2024 00:00:00 GMT+0530 (India Standard Time)","1488.00","1488.00","1452.00","1461.95","2648057.00","4.76","15.33","-10.57","1474.89","7.84","1247.21","1516.34","0","148.15","126.42","42.87"
"Fri Aug 16 2024 00:00:00 GMT+0530 (India Standard Time)","1471.20","1497.20","1457.05","1493.45","1985315.00","3.15","12.89","-9.74","1479.78","61.93","1250.83","1516.32","20.45","151.34","126.62","48.44"
"Mon Aug 19 2024 00:00:00 GMT+0530 (India Standard Time)","1500.95","1507.00","1490.00","1496.45","1343387.00","2.09","10.73","-8.64","1482.62","65.76","1254.40","1517.68","22.32","151.65","126.81","48.95"
"Tue Aug 20 2024 00:00:00 GMT+0530 (India Standard Time)","1504.95","1510.00","1486.30","1492.55","990643.00","0.92","8.77","-7.85","1485.41","52.13","1257.94","1518.94","19.86","151.25","127.01","48.28"
"Wed Aug 21 2024 00:00:00 GMT+0530 (India Standard Time)","1499.10","1517.00","1492.55","1503.50","1551436.00","0.87","7.19","-6.32","1487.91","77.88","1261.53","1518.74","27.40","151.25","127.20","50.33"
"Thu Aug 22 2024 00:00:00 GMT+0530 (India Standard Time)","1507.00","1509.50","1490.40","1492.30","1442064.00","-0.07","5.74","-5.81","1490.07","37.08","1265.15","1519.12","20.14","150.12","127.37","48.22"
"Fri Aug 23 2024 00:00:00 GMT+0530 (India Standard Time)","1493.00","1503.00","1486.10","1491.30","1181075.00","-0.89","4.41","-5.30","1491.83","33.91","1268.73","1519.33","38.12","150.02","127.55","48.03"
"Mon Aug 26 2024 00:00:00 GMT+0530 (India Standard Time)","1495.50","1497.00","1480.00","1482.55","1087057.00","-2.22","3.09","-5.30","1493.60","13.58","1272.17","1516.32","25.20","149.14","127.72","46.28"
"Tue Aug 27 2024 00:00:00 GMT+0530 (India Standard Time)","1484.90","1496.90","1475.60","1478.35","910064.00","-3.57","1.76","-5.32","1495.08","8.62","1275.55","1512.81","18.89","148.72","127.88","45.42"
"Wed Aug 28 2024 00:00:00 GMT+0530 (India Standard Time)","1479.40","1486.40","1467.00","1469.80","1225101.00","-5.27","0.35","-5.62","1495.86","3.47","1278.91","1508.98","6.90","148.72","128.05","43.66"
"Thu Aug 29 2024 00:00:00 GMT+0530 (India Standard Time)","1472.05","1483.00","1452.60","1476.05","3359850.00","-6.04","-0.93","-5.11","1496.48","48.49","1282.20","1504.29","21.56","148.72","128.21","45.33"
"Fri Aug 30 2024 00:00:00 GMT+0530 (India Standard Time)","1480.95","1487.00","1466.00","1481.90","1996592.00","-6.11","-1.96","-4.15","1497.15","72.50","1285.57","1498.88","54.33","149.31","128.37","46.92"
"Mon Sep 02 2024 00:00:00 GMT+0530 (India Standard Time)","1490.00","1499.50","1478.80","1494.50","2054244.00","-5.09","-2.59","-2.50","1497.65","90.86","1289.00","1494.20","99.31","149.31","128.54","50.28"
"Tue Sep 03 2024 00:00:00 GMT+0530 (India Standard Time)","1494.50","1498.10","1476.60","1479.55","882478.00","-5.43","-3.16","-2.27","1497.53","35.16","1292.34","1493.49","48.94","147.82","128.69","46.52"
"Wed Sep 04 2024 00:00:00 GMT+0530 (India Standard Time)","1472.00","1475.15","1461.05","1472.10","1122071.00","-6.22","-3.77","-2.45","1497.77","21.83","1295.65","1492.39","16.03","147.82","128.84","44.73"
"Thu Sep 05 2024 00:00:00 GMT+0530 (India Standard Time)","1476.75","1476.80","1463.00","1465.55","959956.00","-7.30","-4.48","-2.82","1497.96","13.09","1298.93","1488.47","0","147.16","128.98","43.15"
"Fri Sep 06 2024 00:00:00 GMT+0530 (India Standard Time)","1465.60","1468.75","1427.55","1442.40","3340767.00","-9.90","-5.56","-4.34","1497.45","3.42","1302.07","1484.64","0","147.16","129.12","38.05"
"Mon Sep 09 2024 00:00:00 GMT+0530 (India Standard Time)","1431.00","1441.60","1411.00","1435.90","1621371.00","-12.35","-6.92","-5.43","1496.46","2.42","1305.20","1479.75","0","146.50","129.26","36.73"
"Tue Sep 10 2024 00:00:00 GMT+0530 (India Standard Time)","1439.00","1464.00","1435.00","1453.40","1542798.00","-12.73","-8.08","-4.65","1495.96","62.16","1308.45","1477.35","42.50","148.28","129.41","42.49"
"Wed Sep 11 2024 00:00:00 GMT+0530 (India Standard Time)","1454.95","1457.85","1425.10","1430.60","1637596.00","-14.70","-9.41","-5.30","1495.09","23.95","1311.59","1474.71","6.99","148.28","129.55","37.68"
"Thu Sep 12 2024 00:00:00 GMT+0530 (India Standard Time)","1444.00","1475.00","1440.20","1472.60","4003674.00","-12.73","-10.07","-2.66","1495.04","76.71","1315.00","1475.24","91.36","148.28","129.70","49.11"
"Fri Sep 13 2024 00:00:00 GMT+0530 (India Standard Time)","1472.95","1475.65","1450.00","1452.10","1683544.00","-12.67","-10.59","-2.08","1493.87","45.73","1318.29","1473.17","59.49","146.22","129.83","44.79"
"Mon Sep 16 2024 00:00:00 GMT+0530 (India Standard Time)","1455.10","1461.15","1438.80","1440.70","1673805.00","-13.39","-11.15","-2.24","1492.61","31.56","1321.52","1470.38","42.95","145.07","129.95","42.55"
"Tue Sep 17 2024 00:00:00 GMT+0530 (India Standard Time)","1442.80","1445.00","1420.10","1426.60","1321316.00","-14.93","-11.91","-3.02","1491.13","17.87","1324.46","1467.09","23.32","143.65","130.06","39.89"
"Wed Sep 18 2024 00:00:00 GMT+0530 (India Standard Time)","1430.00","1439.25","1415.05","1428.80","1421406.00","-15.79","-12.68","-3.11","1490.20","27.66","1327.43","1463.35","27.93","143.65","130.16","40.52"
"Thu Sep 19 2024 00:00:00 GMT+0530 (India Standard Time)","1433.00","1438.00","1394.45","1408.20","2072872.00","-17.93","-13.73","-4.19","1488.81","8.55","1330.34","1459.15","0","143.65","130.27","36.67"
"Fri Sep 20 2024 00:00:00 GMT+0530 (India Standard Time)","1418.95","1453.05","1409.20","1438.70","4407151.00","-16.96","-14.38","-2.58","1487.83","69.97","1333.40","1456.52","66.88","143.65","130.37","44.99"
"Mon Sep 23 2024 00:00:00 GMT+0530 (India Standard Time)","1448.00","1458.95","1443.85","1456.15","1139915.00","-14.62","-14.43","-0.20","1487.27","83.02","1336.28","1455.20","100.00","145.39","130.49","49.11"
"Tue Sep 24 2024 00:00:00 GMT+0530 (India Standard Time)","1456.15","1465.85","1447.00","1456.65","1537307.00","-12.58","-14.06","1.48","1486.67","83.43","1338.50","1454.11","100.00","145.39","130.61","49.23"
"Wed Sep 25 2024 00:00:00 GMT+0530 (India Standard Time)","1459.00","1464.00","1438.20","1452.55","1227806.00","-11.17","-13.48","2.31","1485.82","59.66","1340.68","1453.25","92.18","144.98","130.72","48.24"
"Thu Sep 26 2024 00:00:00 GMT+0530 (India Standard Time)","1456.85","1475.75","1448.00","1472.60","2066994.00","-8.33","-12.45","4.12","1485.29","89.35","1342.84","1453.08","100.00","144.98","130.83","53.16"
"Fri Sep 27 2024 00:00:00 GMT+0530 (India Standard Time)","1485.00","1485.00","1452.45","1456.70","2694100.00","-7.29","-11.42","4.13","1484.55","41.23","1345.01","1451.82","75.79","144.98","130.94","49.17"
"Mon Sep 30 2024 00:00:00 GMT+0530 (India Standard Time)","1456.70","1468.75","1444.00","1448.20","2042408.00","-7.06","-10.55","3.49","1484.13","26.16","1347.09","1449.50","63.43","144.14","131.04","47.14"
"Tue Oct 01 2024 00:00:00 GMT+0530 (India Standard Time)","1448.20","1472.85","1448.00","1467.50","1687795.00","-5.26","-9.49","4.23","1484.13","72.24","1349.22","1448.90","92.93","146.06","131.16","52.00"
"Thu Oct 03 2024 00:00:00 GMT+0530 (India Standard Time)","1452.75","1469.00","1414.20","1425.20","3967953.00","-7.17","-9.03","1.86","1482.49","19.34","1351.03","1446.56","36.67","146.06","131.28","42.72"
"Fri Oct 04 2024 00:00:00 GMT+0530 (India Standard Time)","1424.80","1446.40","1404.20","1413.70","2611371.00","-9.50","-9.12","-0.38","1481.06","13.83","1352.72","1443.96","23.81","144.88","131.38","40.60"
"Mon Oct 07 2024 00:00:00 GMT+0530 (India Standard Time)","1410.00","1423.90","1337.00","1355.20","4531821.00","-15.88","-10.47","-5.41","1478.43","3.55","1354.11","1439.60","0","144.88","131.49","31.92"
"Tue Oct 08 2024 00:00:00 GMT+0530 (India Standard Time)","1342.00","1424.35","1342.00","1418.55","3031170.00","-15.65","-11.51","-4.14","1475.94","63.05","1355.73","1438.74","63.96","151.65","131.65","45.51"
"Wed Oct 09 2024 00:00:00 GMT+0530 (India Standard Time)","1424.75","1432.95","1404.35","1408.15","1507508.00","-16.12","-12.43","-3.69","1473.13","52.43","1357.40","1436.47","56.66","150.54","131.79","43.96"
"Thu Oct 10 2024 00:00:00 GMT+0530 (India Standard Time)","1417.00","1430.05","1406.85","1417.20","1628495.00","-15.58","-13.06","-2.52","1470.55","63.21","1359.42","1435.80","64.82","150.54","131.94","45.69"
"Fri Oct 11 2024 00:00:00 GMT+0530 (India Standard Time)","1415.20","1426.85","1405.20","1408.25","1158809.00","-15.69","-13.59","-2.11","1467.32","43.64","1361.37","1432.59","57.96","149.59","132.08","44.23"
"Mon Oct 14 2024 00:00:00 GMT+0530 (India Standard Time)","1418.00","1426.00","1407.15","1410.30","762384.00","-15.44","-13.96","-1.48","1463.72","50.64","1363.28","1430.50","60.01","149.81","132.22","44.67"
"Tue Oct 15 2024 00:00:00 GMT+0530 (India Standard Time)","1415.95","1424.70","1407.00","1420.30","1018477.00","-14.27","-14.02","-0.25","1460.37","77.68","1365.24","1429.48","70.27","149.81","132.35","46.85"
"Wed Oct 16 2024 00:00:00 GMT+0530 (India Standard Time)","1418.00","1418.40","1392.00","1403.80","1450465.00","-14.50","-14.12","-0.39","1458.57","27.67","1367.14","1428.34","55.84","149.81","132.49","43.78"
"Thu Oct 17 2024 00:00:00 GMT+0530 (India Standard Time)","1403.80","1408.00","1387.55","1394.70","1418861.00","-15.25","-14.34","-0.91","1456.58","16.18","1369.03","1426.63","50.92","148.84","132.62","42.14"
"Fri Oct 18 2024 00:00:00 GMT+0530 (India Standard Time)","1389.00","1410.55","1376.00","1405.60","1290065.00","-14.79","-14.43","-0.36","1453.82","57.98","1370.93","1426.50","64.19","150.00","132.75","44.81"
"Mon Oct 21 2024 00:00:00 GMT+0530 (India Standard Time)","1409.90","1412.90","1371.30","1375.50","1644382.00","-16.66","-14.88","-1.78","1450.95","15.44","1372.57","1423.34","37.31","150.00","132.89","39.41"
"Tue Oct 22 2024 00:00:00 GMT+0530 (India Standard Time)","1374.70","1387.10","1353.90","1362.85","2467299.00","-18.95","-15.69","-3.26","1447.53","9.55","1373.99","1418.68","36.54","150.00","133.02","37.37"
"Wed Oct 23 2024 00:00:00 GMT+0530 (India Standard Time)","1362.80","1370.80","1335.20","1340.45","1916219.00","-22.31","-17.02","-5.30","1444.31","4.06","1375.22","1412.87","14.07","147.53","133.14","34.02"
"Thu Oct 24 2024 00:00:00 GMT+0530 (India Standard Time)","1345.00","1359.00","1336.20","1354.40","1115993.00","-23.58","-18.33","-5.25","1441.73","44.08","1376.38","1407.96","39.16","149.07","133.26","37.77"
"Fri Oct 25 2024 00:00:00 GMT+0530 (India Standard Time)","1360.00","1368.00","1304.15","1318.70","2078274.00","-27.15","-20.09","-7.06","1438.86","14.06","1377.20","1400.26","0","149.07","133.38","32.66"
"Mon Oct 28 2024 00:00:00 GMT+0530 (India Standard Time)","1326.85","1364.10","1303.15","1352.20","2126411.00","-26.97","-21.47","-5.50","1436.04","62.28","1378.12","1395.04","57.07","149.07","133.51","40.76"
"Tue Oct 29 2024 00:00:00 GMT+0530 (India Standard Time)","1364.70","1377.45","1322.00","1372.70","3790528.00","-24.88","-22.15","-2.73","1433.56","77.63","1379.00","1391.26","87.72","149.07","133.63","45.11"
"Wed Oct 30 2024 00:00:00 GMT+0530 (India Standard Time)","1379.95","1414.90","1358.05","1396.20","2526884.00","-21.09","-21.94","0.85","1431.63","88.43","1379.91","1387.70","100.00","151.62","133.77","49.67"
"Thu Oct 31 2024 00:00:00 GMT+0530 (India Standard Time)","1407.95","1408.00","1372.10","1375.95","1891761.00","-19.49","-21.45","1.96","1429.08","48.27","1380.77","1385.24","79.09","149.42","133.89","46.11"
"Fri Nov 01 2024 00:00:00 GMT+0530 (India Standard Time)","1386.50","1397.95","1378.40","1394.40","243881.00","-16.55","-20.47","3.92","1427.13","71.69","1381.71","1384.27","99.89","151.43","134.03","49.65"
"Mon Nov 04 2024 00:00:00 GMT+0530 (India Standard Time)","1394.20","1395.00","1336.00","1349.25","1700308.00","-17.65","-19.91","2.25","1424.28","22.29","1382.44","1383.97","56.84","151.43","134.16","42.33"
"Tue Nov 05 2024 00:00:00 GMT+0530 (India Standard Time)","1350.00","1353.05","1295.90","1329.35","4852958.00","-19.91","-19.91","0","1421.22","13.87","1383.12","1379.51","40.56","151.43","134.30","39.56"
"Wed Nov 06 2024 00:00:00 GMT+0530 (India Standard Time)","1330.00","1382.00","1315.20","1370.00","3645515.00","-18.20","-19.57","1.36","1419.05","66.14","1384.13","1377.61","85.26","156.06","134.47","47.16"
"Thu Nov 07 2024 00:00:00 GMT+0530 (India Standard Time)","1372.95","1372.95","1350.00","1353.10","1292794.00","-18.01","-19.25","1.25","1416.72","43.96","1385.13","1374.40","70.48","154.13","134.62","44.65"
"Fri Nov 08 2024 00:00:00 GMT+0530 (India Standard Time)","1353.10","1367.30","1338.60","1362.10","1400491.00","-16.93","-18.79","1.86","1414.44","58.71","1386.18","1372.09","80.14","154.13","134.77","46.29"
"Mon Nov 11 2024 00:00:00 GMT+0530 (India Standard Time)","1355.10","1357.95","1339.05","1347.90","1269498.00","-17.03","-18.44","1.41","1411.76","32.07","1386.95","1368.97","67.07","152.52","134.91","44.07"
"Tue Nov 12 2024 00:00:00 GMT+0530 (India Standard Time)","1348.05","1354.80","1320.00","1326.00","1038042.00","-18.66","-18.48","-0.18","1408.39","13.37","1387.90","1364.26","47.94","150.05","135.03","40.81"
"Wed Nov 13 2024 00:00:00 GMT+0530 (India Standard Time)","1322.00","1329.25","1284.85","1287.90","1437072.00","-22.76","-19.34","-3.42","1404.56","4.41","1388.73","1358.46","18.79","150.05","135.15","35.85"
"Thu Nov 14 2024 00:00:00 GMT+0530 (India Standard Time)","1289.95","1296.65","1260.65","1264.55","2963013.00","-27.58","-20.99","-6.59","1400.41","2.42","1389.32","1351.96","0","150.05","135.26","33.19"
"Mon Nov 18 2024 00:00:00 GMT+0530 (India Standard Time)","1264.00","1288.90","1261.30","1279.30","1445637.00","-29.86","-22.76","-7.10","1396.68","37.83","1389.74","1345.64","19.50","151.80","135.39","36.40"
"Tue Nov 19 2024 00:00:00 GMT+0530 (India Standard Time)","1285.00","1321.45","1282.00","1289.65","2631778.00","-30.49","-24.31","-6.18","1393.63","58.81","1390.25","1341.35","33.03","151.80","135.52","38.63"
"Thu Nov 21 2024 00:00:00 GMT+0530 (India Standard Time)","1160.70","1160.70","995.65","1114.65","46926687.00","-44.59","-28.36","-16.22","1387.20","4.74","1389.78","1328.94","0","151.80","135.65","23.58"
"Fri Nov 22 2024 00:00:00 GMT+0530 (India Standard Time)","1072.60","1155.90","1054.00","1136.75","27086168.00","-53.36","-33.36","-20.00","1380.87","22.69","1389.37","1318.75","14.75","154.81","135.80","27.43"
"Mon Nov 25 2024 00:00:00 GMT+0530 (India Standard Time)","1185.00","1191.40","1139.70","1166.80","10532688.00","-57.23","-38.14","-19.10","1375.59","48.89","1388.90","1309.37","37.43","158.90","135.98","32.41"
"Tue Nov 26 2024 00:00:00 GMT+0530 (India Standard Time)","1172.05","1174.45","1119.35","1128.85","5802555.00","-62.64","-43.04","-19.60","1368.72","26.34","1388.25","1299.88","25.70","153.73","136.12","29.64"
"Wed Nov 27 2024 00:00:00 GMT+0530 (India Standard Time)","1102.00","1231.70","1102.00","1199.95","24434211.00","-60.49","-46.53","-13.96","1363.67","73.00","1387.89","1292.27","69.54","153.73","136.26","39.98"
"Thu Nov 28 2024 00:00:00 GMT+0530 (India Standard Time)","1196.65","1226.90","1163.15","1167.60","15602469.00","-60.70","-49.36","-11.34","1358.21","46.31","1387.45","1282.01","60.39","149.59","136.36","37.29"
"Fri Nov 29 2024 00:00:00 GMT+0530 (India Standard Time)","1175.00","1215.60","1168.90","1190.05","9412850.00","-58.38","-51.17","-7.21","1353.48","64.38","1387.17","1271.71","73.59","152.46","136.49","40.29"
"Mon Dec 02 2024 00:00:00 GMT+0530 (India Standard Time)","1201.90","1220.90","1189.40","1215.80","6941125.00","-53.84","-51.70","-2.14","1349.22","79.90","1386.89","1263.70","97.81","155.76","136.64","43.62"
"Tue Dec 03 2024 00:00:00 GMT+0530 (India Standard Time)","1226.95","1309.50","1220.00","1288.65","16753958.00","-43.87","-50.14","6.27","1346.83","94.20","1387.09","1258.41","100.00","155.76","136.79","51.81"
"Wed Dec 04 2024 00:00:00 GMT+0530 (India Standard Time)","1301.00","1301.00","1262.00","1269.55","4874025.00","-37.07","-47.52","10.45","1343.45","68.61","1387.11","1254.42","92.77","153.45","136.92","49.77"
"Thu Dec 05 2024 00:00:00 GMT+0530 (India Standard Time)","1274.00","1284.80","1254.20","1277.05","4369917.00","-30.73","-44.16","13.44","1339.87","74.13","1387.16","1251.81","95.69","154.36","137.05","50.59"
"Fri Dec 06 2024 00:00:00 GMT+0530 (India Standard Time)","1279.00","1282.50","1256.10","1259.05","2232531.00","-26.84","-40.70","13.86","1335.91","40.20","1387.12","1246.26","88.41","152.18","137.17","48.53"
"Mon Dec 09 2024 00:00:00 GMT+0530 (India Standard Time)","1257.80","1277.55","1249.00","1266.85","2849557.00","-22.87","-37.13","14.26","1332.20","57.18","1386.92","1241.95","91.80","152.18","137.29","49.49"
"Tue Dec 10 2024 00:00:00 GMT+0530 (India Standard Time)","1272.90","1272.90","1244.40","1248.75","2406907.00","-20.94","-33.89","12.95","1327.72","24.67","1386.63","1236.28","84.01","150.01","137.39","47.29"
"Wed Dec 11 2024 00:00:00 GMT+0530 (India Standard Time)","1254.10","1258.35","1230.75","1233.80","2595435.00","-20.38","-31.19","10.81","1323.26","12.72","1386.29","1230.58","74.11","150.01","137.49","45.50"
"Thu Dec 12 2024 00:00:00 GMT+0530 (India Standard Time)","1233.80","1268.00","1223.45","1244.00","5457302.00","-18.90","-28.73","9.83","1319.18","47.45","1386.06","1226.48","78.21","150.01","137.58","46.98"
"Fri Dec 13 2024 00:00:00 GMT+0530 (India Standard Time)","1241.95","1262.00","1230.00","1259.95","2818291.00","-16.25","-26.24","9.99","1315.03","76.59","1385.80","1225.08","88.68","151.93","137.70","49.30"
"Mon Dec 16 2024 00:00:00 GMT+0530 (India Standard Time)","1258.00","1261.85","1240.95","1243.15","1337624.00","-15.33","-24.06","8.73","1311.39","35.33","1385.42","1224.01","66.64","149.91","137.79","46.97"
"Tue Dec 17 2024 00:00:00 GMT+0530 (India Standard Time)","1235.10","1259.50","1229.05","1231.90","2684726.00","-15.33","-22.31","6.98","1307.75","20.52","1384.88","1221.64","55.97","149.91","137.89","45.42"
"Wed Dec 18 2024 00:00:00 GMT+0530 (India Standard Time)","1236.00","1238.90","1207.25","1210.05","1931870.00","-16.90","-21.23","4.33","1304.85","7.81","1384.29","1217.66","19.06","147.25","137.96","42.49"
"Thu Dec 19 2024 00:00:00 GMT+0530 (India Standard Time)","1187.50","1209.00","1185.00","1205.00","1541271.00","-18.34","-20.65","2.31","1300.58","6.07","1383.81","1222.18","0","146.63","138.03","41.81"
"Fri Dec 20 2024 00:00:00 GMT+0530 (India Standard Time)","1205.00","1215.90","1176.20","1182.45","3045185.00","-21.06","-20.73","-0.33","1296.06","2.03","1383.12","1224.46","0","146.63","138.09","38.86"
"Mon Dec 23 2024 00:00:00 GMT+0530 (India Standard Time)","1189.95","1199.00","1174.25","1191.80","1540796.00","-22.20","-21.03","-1.18","1291.56","36.87","1382.47","1225.71","15.94","147.79","138.17","40.73"
"Tue Dec 24 2024 00:00:00 GMT+0530 (India Standard Time)","1198.00","1203.10","1180.00","1182.20","1380778.00","-23.61","-21.54","-2.07","1287.04","21.31","1381.69","1228.38","4.58","146.60","138.24","39.40"
"Thu Dec 26 2024 00:00:00 GMT+0530 (India Standard Time)","1187.00","1249.00","1182.55","1243.95","3827047.00","-19.52","-21.14","1.62","1283.71","87.76","1381.20","1230.58","100.00","146.60","138.30","50.59"
"Fri Dec 27 2024 00:00:00 GMT+0530 (India Standard Time)","1248.45","1250.95","1225.75","1230.70","2595142.00","-17.15","-20.34","3.19","1279.92","64.42","1380.66","1233.74","82.35","145.04","138.35","48.52"
"Mon Dec 30 2024 00:00:00 GMT+0530 (India Standard Time)","1233.75","1258.80","1212.00","1218.50","8312636.00","-16.07","-19.49","3.42","1276.21","43.24","1380.13","1235.16","66.21","145.04","138.41","46.63"
"Tue Dec 31 2024 00:00:00 GMT+0530 (India Standard Time)","1222.00","1236.80","1208.15","1231.10","1717204.00","-14.04","-18.40","4.36","1272.94","66.19","1379.66","1235.92","85.13","146.54","138.47","48.85"
"Wed Jan 01 2025 00:00:00 GMT+0530 (India Standard Time)","1223.00","1231.80","1206.35","1218.70","1937930.00","-13.27","-17.37","4.10","1269.20","36.86","1379.12","1232.43","67.55","146.54","138.53","46.79"
"Thu Jan 02 2025 00:00:00 GMT+0530 (India Standard Time)","1223.80","1228.40","1208.10","1226.00","3772207.00","-11.94","-16.29","4.35","1266.21","58.51","1378.74","1230.25","79.38","146.54","138.59","48.17"
"Fri Jan 03 2025 00:00:00 GMT+0530 (India Standard Time)","1234.50","1237.60","1197.00","1199.55","3040564.00","-12.87","-15.60","2.73","1262.94","16.79","1378.69","1226.37","41.47","143.38","138.63","43.73"
"Mon Jan 06 2025 00:00:00 GMT+0530 (India Standard Time)","1199.55","1200.90","1158.05","1163.05","2298522.00","-16.36","-15.75","-0.61","1259.40","5.66","1378.17","1221.57","0","139.02","138.63","38.45"
"Tue Jan 07 2025 00:00:00 GMT+0530 (India Standard Time)","1163.05","1182.15","1162.05","1174.00","2010913.00","-18.04","-16.21","-1.83","1255.79","32.51","1377.62","1216.93","19.02","140.32","138.65","40.76"
"Wed Jan 08 2025 00:00:00 GMT+0530 (India Standard Time)","1183.55","1183.55","1141.10","1152.30","2900996.00","-20.88","-17.14","-3.73","1252.46","15.28","1377.05","1212.11","0","140.32","138.66","37.74"
"Thu Jan 09 2025 00:00:00 GMT+0530 (India Standard Time)","1156.70","1156.70","1129.95","1132.35","1884725.00","-24.46","-18.61","-5.85","1248.06","7.74","1376.51","1207.04","0","137.90","138.66","35.16"
"Fri Jan 10 2025 00:00:00 GMT+0530 (India Standard Time)","1134.90","1137.40","1106.30","1112.20","1902237.00","-28.59","-20.60","-7.99","1242.85","3.87","1375.84","1200.45","0","137.90","138.65","32.73"
"Mon Jan 13 2025 00:00:00 GMT+0530 (India Standard Time)","1100.90","1106.45","1058.95","1066.65","2273302.00","-35.13","-23.51","-11.62","1236.26","1.19","1374.86","1190.78","0","137.90","138.64","28.01"
"Tue Jan 14 2025 00:00:00 GMT+0530 (India Standard Time)","1078.85","1131.40","1075.05","1117.10","6277854.00","-35.84","-25.98","-9.86","1231.09","61.02","1374.04","1184.48","46.78","137.90","138.64","38.57"
"Wed Jan 15 2025 00:00:00 GMT+0530 (India Standard Time)","1125.00","1141.95","1118.50","1128.90","3135942.00","-35.04","-27.79","-7.25","1225.78","69.63","1373.16","1179.33","61.20","139.35","138.64","40.76"
"Thu Jan 16 2025 00:00:00 GMT+0530 (India Standard Time)","1179.95","1190.00","1145.40","1150.75","3997547.00","-32.27","-28.68","-3.59","1221.81","83.29","1372.30","1176.36","80.07","139.35","138.65","44.69"
"Fri Jan 17 2025 00:00:00 GMT+0530 (India Standard Time)","1163.00","1173.65","1145.50","1163.50","2464355.00","-28.72","-28.69","-0.03","1218.49","89.04","1371.41","1174.29","90.69","140.90","138.67","46.91"
"Mon Jan 20 2025 00:00:00 GMT+0530 (India Standard Time)","1172.00","1172.00","1146.50","1148.70","1312101.00","-26.79","-28.31","1.52","1214.06","49.49","1370.27","1172.60","82.64","139.10","138.67","44.67"
"Tue Jan 21 2025 00:00:00 GMT+0530 (India Standard Time)","1150.00","1154.25","1104.00","1106.20","3134022.00","-28.36","-28.32","-0.04","1209.12","13.94","1368.78","1168.32","54.18","139.10","138.67","38.93"
"Wed Jan 22 2025 00:00:00 GMT+0530 (India Standard Time)","1115.50","1118.05","1080.45","1102.25","1906032.00","-29.58","-28.57","-1.01","1203.93","12.30","1367.31","1164.32","55.19","138.61","138.67","38.44"
"Thu Jan 23 2025 00:00:00 GMT+0530 (India Standard Time)","1102.25","1114.25","1089.65","1104.00","1968815.00","-30.06","-28.87","-1.19","1199.05","20.58","1365.99","1157.33","57.16","138.61","138.67","38.81"
"Fri Jan 24 2025 00:00:00 GMT+0530 (India Standard Time)","1104.15","1115.00","1088.25","1094.15","2400140.00","-30.88","-29.27","-1.61","1194.41","9.97","1364.59","1150.50","49.93","138.61","138.67","37.44"
"Mon Jan 27 2025 00:00:00 GMT+0530 (India Standard Time)","1085.10","1093.60","1067.55","1082.00","2371555.00","-32.15","-29.85","-2.30","1190.29","4.39","1363.25","1143.67","41.08","137.07","138.66","35.77"
"Tue Jan 28 2025 00:00:00 GMT+0530 (India Standard Time)","1087.00","1096.65","1061.25","1080.70","2404643.00","-32.87","-30.45","-2.42","1186.62","3.92","1361.88","1136.15","40.11","137.07","138.65","35.59"
"Wed Jan 29 2025 00:00:00 GMT+0530 (India Standard Time)","1085.00","1102.85","1074.50","1096.95","4603700.00","-31.77","-30.72","-1.05","1182.97","73.85","1360.60","1130.07","62.09","137.07","138.63","39.74"
"Thu Jan 30 2025 00:00:00 GMT+0530 (India Standard Time)","1103.90","1118.50","1010.75","1077.05","14097862.00","-32.13","-31.00","-1.13","1178.72","26.54","1359.26","1122.62","45.60","137.07","138.62","36.63"
"Fri Jan 31 2025 00:00:00 GMT+0530 (India Standard Time)","1085.00","1109.25","1074.00","1099.35","4659891.00","-30.27","-30.85","0.59","1178.41","69.84","1358.18","1117.61","57.56","139.91","138.63","42.10"
"Sat Feb 01 2025 00:00:00 GMT+0530 (India Standard Time)","1105.90","1117.50","1063.00","1084.10","4919797.00","-29.68","-30.62","0.94","1177.36","38.67","1357.08","1113.66","35.31","139.91","138.64","39.58"
"Mon Feb 03 2025 00:00:00 GMT+0530 (India Standard Time)","1084.00","1094.00","1055.00","1084.85","3961203.00","-28.82","-30.26","1.44","1175.72","41.25","1356.03","1109.20","36.99","140.00","138.65","39.77"
"Tue Feb 04 2025 00:00:00 GMT+0530 (India Standard Time)","1100.00","1127.90","1091.75","1125.10","4071098.00","-24.61","-29.13","4.52","1175.65","89.35","1355.10","1107.84","100.00","140.00","138.66","49.07"
"Wed Feb 05 2025 00:00:00 GMT+0530 (India Standard Time)","1126.00","1154.90","1123.55","1144.35","2979646.00","-19.49","-27.20","7.71","1174.53","94.02","1354.22","1108.44","100.00","142.40","138.69","52.83"
"Thu Feb 06 2025 00:00:00 GMT+0530 (India Standard Time)","1155.60","1169.40","1140.10","1164.05","6263278.00","-13.69","-24.50","10.81","1174.46","96.85","1353.43","1111.04","100.00","142.40","138.72","56.37"
"Fri Feb 07 2025 00:00:00 GMT+0530 (India Standard Time)","1160.00","1175.65","1132.80","1146.10","4079540.00","-10.42","-21.68","11.26","1173.58","52.00","1352.56","1115.01","81.38","140.20","138.73","52.50"
"Mon Feb 10 2025 00:00:00 GMT+0530 (India Standard Time)","1150.00","1158.85","1127.25","1144.20","2415627.00","-7.89","-18.93","11.03","1172.15","47.35","1351.63","1116.36","79.42","139.97","138.74","52.09"
"Tue Feb 11 2025 00:00:00 GMT+0530 (India Standard Time)","1144.20","1160.00","1114.05","1140.10","4901591.00","-6.15","-16.37","10.22","1169.18","34.18","1350.70","1116.92","74.98","139.97","138.75","51.17"
"Wed Feb 12 2025 00:00:00 GMT+0530 (India Standard Time)","1140.00","1144.20","1098.95","1128.95","2862155.00","-5.60","-14.22","8.61","1166.37","13.60","1349.76","1115.83","62.83","138.60","138.75","48.65"
"Thu Feb 13 2025 00:00:00 GMT+0530 (India Standard Time)","1133.80","1151.65","1106.05","1111.55","3763868.00","-6.50","-12.67","6.18","1163.06","4.72","1348.69","1113.23","44.91","138.60","138.75","44.92"
"Fri Feb 14 2025 00:00:00 GMT+0530 (India Standard Time)","1120.00","1120.00","1042.15","1062.70","4565339.00","-11.02","-12.34","1.32","1159.13","1.01","1347.31","1108.93","0","138.60","138.75","36.48"
"Mon Feb 17 2025 00:00:00 GMT+0530 (India Standard Time)","1058.95","1089.30","1040.00","1082.90","2518527.00","-12.83","-12.44","-0.39","1155.45","40.00","1346.13","1107.77","24.67","141.24","138.77","41.38"
"Tue Feb 18 2025 00:00:00 GMT+0530 (India Standard Time)","1082.90","1087.90","1061.95","1085.15","1715308.00","-13.92","-12.74","-1.18","1152.18","44.84","1345.10","1106.91","27.37","141.53","138.79","41.92"
"Wed Feb 19 2025 00:00:00 GMT+0530 (India Standard Time)","1061.60","1091.70","1054.55","1082.85","1792268.00","-14.80","-13.15","-1.65","1149.16","38.49","1344.08","1105.86","25.26","141.53","138.81","41.50"
"Thu Feb 20 2025 00:00:00 GMT+0530 (India Standard Time)","1074.20","1126.00","1074.00","1111.70","3714173.00","-13.02","-13.12","0.10","1146.52","86.49","1343.25","1106.73","60.28","141.53","138.83","48.47"
"Fri Feb 21 2025 00:00:00 GMT+0530 (India Standard Time)","1111.70","1119.10","1080.00","1083.25","2360177.00","-13.74","-13.25","-0.50","1142.98","34.06","1342.44","1106.80","32.93","137.91","138.82","43.03"
"Mon Feb 24 2025 00:00:00 GMT+0530 (India Standard Time)","1083.25","1083.25","1065.70","1070.40","1669749.00","-15.18","-13.63","-1.55","1139.53","22.01","1341.46","1106.28","21.73","136.27","138.80","40.80"
"Tue Feb 25 2025 00:00:00 GMT+0530 (India Standard Time)","1074.60","1091.40","1067.75","1080.35","1665355.00","-15.34","-13.98","-1.37","1136.50","49.62","1340.33","1105.45","34.05","137.54","138.80","43.25"
"Thu Feb 27 2025 00:00:00 GMT+0530 (India Standard Time)","1083.00","1087.95","1069.10","1078.95","1819078.00","-15.40","-14.26","-1.14","1133.87","45.12","1339.07","1105.55","40.58","137.54","138.79","42.98"
"Fri Feb 28 2025 00:00:00 GMT+0530 (India Standard Time)","1074.00","1082.90","1059.20","1069.40","2849138.00","-16.04","-14.62","-1.42","1131.16","20.18","1337.73","1104.05","29.59","137.54","138.78","41.10"
"Mon Mar 03 2025 00:00:00 GMT+0530 (India Standard Time)","1074.95","1081.00","1040.60","1053.05","2274285.00","-17.66","-15.22","-2.43","1128.57","6.98","1336.27","1102.50","10.56","135.43","138.75","38.03"
"Tue Mar 04 2025 00:00:00 GMT+0530 (India Standard Time)","1047.95","1063.00","1036.50","1057.95","1788886.00","-18.33","-15.85","-2.49","1125.90","33.18","1334.88","1101.15","24.74","136.06","138.73","39.49"
"Wed Mar 05 2025 00:00:00 GMT+0530 (India Standard Time)","1056.80","1118.65","1055.00","1112.70","3785743.00","-14.28","-15.53","1.25","1124.51","90.84","1333.74","1100.53","100.00","136.06","138.71","52.84"
"Thu Mar 06 2025 00:00:00 GMT+0530 (India Standard Time)","1118.20","1148.75","1101.85","1136.20","4020627.00","-9.08","-14.24","5.17","1122.35","94.74","1332.50","1100.13","100.00","136.06","138.69","57.21"
"Fri Mar 07 2025 00:00:00 GMT+0530 (India Standard Time)","1136.20","1156.95","1134.10","1144.50","2211623.00","-4.23","-12.24","8.01","1120.63","95.95","1331.33","1099.15","100.00","137.06","138.67","58.66"
"Mon Mar 10 2025 00:00:00 GMT+0530 (India Standard Time)","1146.00","1168.65","1136.95","1142.90","2430740.00","-0.51","-9.89","9.38","1119.12","88.10","1329.83","1098.99","98.01","137.06","138.66","58.25"
"Tue Mar 11 2025 00:00:00 GMT+0530 (India Standard Time)","1137.30","1145.90","1124.40","1135.00","2399428.00","1.77","-7.56","9.34","1117.19","48.73","1328.42","1098.53","87.86","136.11","138.64","56.16"
"Wed Mar 12 2025 00:00:00 GMT+0530 (India Standard Time)","1139.00","1155.15","1105.00","1128.30","2842848.00","3.01","-5.45","8.46","1115.39","27.72","1326.90","1097.94","79.21","136.11","138.62","54.37"
"Thu Mar 13 2025 00:00:00 GMT+0530 (India Standard Time)","1135.00","1139.45","1115.05","1119.20","1358839.00","3.22","-3.71","6.93","1113.25","12.77","1325.50","1097.45","67.50","135.01","138.59","51.96"
"Mon Mar 17 2025 00:00:00 GMT+0530 (India Standard Time)","1114.80","1148.55","1111.20","1137.15","1489541.00","4.78","-2.01","6.79","1112.00","72.11","1324.13","1098.73","87.58","135.01","138.57","56.10"
"Tue Mar 18 2025 00:00:00 GMT+0530 (India Standard Time)","1149.90","1161.00","1137.95","1158.80","1865040.00","7.68","-0.08","7.75","1111.92","89.44","1323.01","1103.54","100.00","135.01","138.54","60.52"
"Wed Mar 19 2025 00:00:00 GMT+0530 (India Standard Time)","1160.00","1184.50","1158.80","1173.50","2416781.00","11.03","2.15","8.88","1111.91","94.27","1321.69","1108.07","100.00","135.01","138.51","63.23"
"Thu Mar 20 2025 00:00:00 GMT+0530 (India Standard Time)","1185.00","1186.95","1161.20","1177.45","1919013.00","13.84","4.49","9.36","1112.41","95.40","1319.66","1112.68","100.00","135.47","138.49","63.95"
"Fri Mar 21 2025 00:00:00 GMT+0530 (India Standard Time)","1182.00","1202.55","1172.05","1188.80","3127446.00","16.80","6.95","9.85","1113.54","97.85","1319.36","1117.98","100.00","135.47","138.46","66.00"
"Mon Mar 24 2025 00:00:00 GMT+0530 (India Standard Time)","1196.00","1210.85","1186.05","1200.80","2135192.00","19.88","9.53","10.35","1115.31","98.99","1318.59","1122.43","100.00","136.84","138.45","68.06"
"Tue Mar 25 2025 00:00:00 GMT+0530 (India Standard Time)","1205.00","1209.10","1174.55","1182.45","2090037.00","20.60","11.75","8.85","1117.63","37.80","1317.73","1127.39","61.56","134.74","138.42","61.87"
"Wed Mar 26 2025 00:00:00 GMT+0530 (India Standard Time)","1183.00","1202.20","1173.05","1181.60","1676081.00","20.87","13.57","7.29","1118.92","35.76","1316.75","1132.95","59.82","134.65","138.39","61.59"
"Thu Mar 27 2025 00:00:00 GMT+0530 (India Standard Time)","1182.00","1212.00","1175.00","1196.75","2004036.00","22.04","15.27","6.78","1120.27","78.08","1315.81","1138.77","78.85","134.65","138.36","64.66"
"Fri Mar 28 2025 00:00:00 GMT+0530 (India Standard Time)","1197.70","1205.00","1175.20","1182.95","1670913.00","21.61","16.54","5.08","1120.92","35.49","1314.71","1143.97","49.71","133.10","138.32","59.96"
"Tue Apr 01 2025 00:00:00 GMT+0530 (India Standard Time)","1179.00","1202.00","1168.05","1174.75","1584541.00","20.38","17.30","3.07","1121.14","21.53","1313.61","1149.24","33.18","132.17","138.27","57.30"
"Wed Apr 02 2025 00:00:00 GMT+0530 (India Standard Time)","1182.40","1198.95","1167.35","1195.45","1232853.00","20.83","18.01","2.82","1122.08","73.72","1312.57","1156.36","61.73","134.50","138.24","61.90"
"Thu Apr 03 2025 00:00:00 GMT+0530 (India Standard Time)","1170.25","1205.80","1170.25","1199.90","1300511.00","21.30","18.67","2.63","1123.95","79.56","1311.41","1163.46","67.49","134.50","138.21","62.83"
"Fri Apr 04 2025 00:00:00 GMT+0530 (India Standard Time)","1196.00","1200.10","1143.00","1148.35","1785093.00","17.31","18.39","-1.08","1124.87","12.93","1309.93","1165.24","0","134.50","138.19","48.20"
"Mon Apr 07 2025 00:00:00 GMT+0530 (India Standard Time)","1049.95","1119.00","1041.50","1110.65","2192949.00","10.98","16.91","-5.93","1125.01","5.81","1308.24","1163.96","0","134.50","138.16","40.73"
"Tue Apr 08 2025 00:00:00 GMT+0530 (India Standard Time)","1135.00","1155.65","1111.05","1131.35","2423486.00","7.55","15.04","-7.49","1125.75","41.30","1306.55","1163.31","18.20","134.50","138.13","45.71"
"Wed Apr 09 2025 00:00:00 GMT+0530 (India Standard Time)","1133.85","1135.60","1112.00","1131.80","1537177.00","4.81","12.99","-8.18","1126.75","42.25","1304.78","1162.75","18.59","134.55","138.10","45.81"
"Fri Apr 11 2025 00:00:00 GMT+0530 (India Standard Time)","1163.00","1170.30","1148.00","1164.55","3536245.00","5.22","11.44","-6.22","1128.42","82.74","1303.31","1164.23","45.00","134.55","138.07","53.03"
"Tue Apr 15 2025 00:00:00 GMT+0530 (India Standard Time)","1200.00","1225.90","1179.00","1210.80","3176522.00","9.18","10.99","-1.81","1130.70","94.21","1302.08","1168.35","73.96","139.90","138.09","60.94"
"Wed Apr 16 2025 00:00:00 GMT+0530 (India Standard Time)","1210.00","1235.50","1201.60","1232.90","1909731.00","13.93","11.58","2.36","1133.82","96.46","1300.90","1174.04","97.51","142.45","138.12","64.06"
"Thu Apr 17 2025 00:00:00 GMT+0530 (India Standard Time)","1232.90","1282.50","1218.60","1259.40","4280765.00","19.61","13.18","6.43","1137.02","98.17","1299.77","1180.15","100.00","142.45","138.16","67.42"
"Mon Apr 21 2025 00:00:00 GMT+0530 (India Standard Time)","1259.40","1260.00","1209.40","1243.10","6049182.00","22.54","15.05","7.48","1140.20","61.61","1298.60","1184.37","85.28","142.45","138.19","63.49"
"Tue Apr 22 2025 00:00:00 GMT+0530 (India Standard Time)","1249.60","1255.60","1227.00","1233.20","2932537.00","23.79","16.80","6.98","1143.17","42.42","1297.39","1187.35","76.55","141.32","138.21","61.16"
"Wed Apr 23 2025 00:00:00 GMT+0530 (India Standard Time)","1240.10","1242.80","1216.80","1239.10","2580999.00","24.96","18.43","6.53","1145.45","58.01","1296.21","1190.43","79.90","141.99","138.24","62.05"
"Thu Apr 24 2025 00:00:00 GMT+0530 (India Standard Time)","1238.00","1248.00","1231.60","1236.40","2133285.00","25.38","19.82","5.56","1147.29","46.49","1294.84","1192.81","77.29","141.68","138.27","61.36"
"Fri Apr 25 2025 00:00:00 GMT+0530 (India Standard Time)","1236.30","1243.40","1181.20","1193.00","3628854.00","21.96","20.25","1.71","1147.87","6.30","1293.29","1192.42","39.90","141.68","138.30","51.38"
"Mon Apr 28 2025 00:00:00 GMT+0530 (India Standard Time)","1188.10","1214.70","1184.10","1209.90","2646406.00","20.38","20.28","0.10","1149.14","44.00","1291.84","1193.80","51.53","143.69","138.34","54.48"
"Tue Apr 29 2025 00:00:00 GMT+0530 (India Standard Time)","1212.00","1223.90","1202.50","1216.40","2381980.00","19.43","20.11","-0.68","1150.59","57.24","1290.54","1195.54","55.93","144.46","138.39","55.66"
"Wed Apr 30 2025 00:00:00 GMT+0530 (India Standard Time)","1215.10","1226.50","1203.90","1216.50","1824334.00","18.47","19.78","-1.31","1152.11","57.55","1289.23","1196.52","45.91","144.48","138.43","55.68"
"Fri May 02 2025 00:00:00 GMT+0530 (India Standard Time)","1255.00","1295.00","1242.70","1267.10","12024229.00","21.54","20.13","1.41","1154.88","94.89","1288.13","1200.73","84.35","144.48","138.48","64.04"
"Mon May 05 2025 00:00:00 GMT+0530 (India Standard Time)","1290.00","1377.00","1285.70","1347.10","14191797.00","30.08","22.12","7.96","1159.59","98.65","1287.45","1209.35","100.00","144.48","138.53","72.78"
"Tue May 06 2025 00:00:00 GMT+0530 (India Standard Time)","1350.00","1356.30","1315.00","1320.80","3604276.00","34.34","24.56","9.77","1164.75","66.49","1286.62","1215.62","73.05","141.65","138.55","67.01"
"Wed May 07 2025 00:00:00 GMT+0530 (India Standard Time)","1298.80","1341.30","1298.70","1338.20","3269847.00","38.67","27.39","11.28","1169.86","76.59","1285.83","1222.53","81.29","143.52","138.59","68.77"
"Thu May 08 2025 00:00:00 GMT+0530 (India Standard Time)","1340.00","1366.90","1316.40","1333.10","5077662.00","41.21","30.15","11.06","1174.81","65.09","1285.00","1231.77","75.96","143.52","138.63","67.63"
"Fri May 09 2025 00:00:00 GMT+0530 (India Standard Time)","1300.00","1324.90","1292.60","1306.30","2979366.00","40.60","32.24","8.36","1179.28","25.25","1284.07","1241.55","48.83","140.64","138.65","61.83"
"Mon May 12 2025 00:00:00 GMT+0530 (India Standard Time)","1360.00","1375.00","1345.50","1362.10","3662785.00","44.10","34.61","9.49","1184.29","78.94","1283.53","1253.09","77.62","140.64","138.66","67.99"
"Tue May 13 2025 00:00:00 GMT+0530 (India Standard Time)","1360.60","1391.90","1347.10","1369.20","3356599.00","46.92","37.07","9.84","1190.01","82.19","1283.04","1264.96","80.86","141.37","138.68","68.68"
"Wed May 14 2025 00:00:00 GMT+0530 (India Standard Time)","1380.00","1381.90","1362.00","1371.80","1557379.00","48.79","39.42","9.37","1196.04","84.00","1282.36","1275.32","82.09","141.64","138.71","68.95"
"Thu May 15 2025 00:00:00 GMT+0530 (India Standard Time)","1375.60","1409.90","1371.90","1406.20","3706424.00","52.45","42.02","10.43","1202.56","95.66","1281.97","1285.09","97.71","141.64","138.73","72.29"
"Fri May 16 2025 00:00:00 GMT+0530 (India Standard Time)","1410.90","1424.90","1401.00","1407.40","2777119.00","54.81","44.58","10.23","1209.12","95.87","1281.57","1293.82","97.93","141.76","138.75","72.40"
"Mon May 19 2025 00:00:00 GMT+0530 (India Standard Time)","1407.50","1410.60","1392.00","1398.30","1317210.00","55.31","46.73","8.59","1215.70","55.29","1280.85","1300.76","84.33","140.84","138.77","70.09"
"Tue May 20 2025 00:00:00 GMT+0530 (India Standard Time)","1399.00","1407.30","1381.40","1384.60","2970441.00","53.98","48.18","5.80","1222.33","24.31","1280.03","1307.84","64.20","140.84","138.78","66.65"
"Wed May 21 2025 00:00:00 GMT+0530 (India Standard Time)","1380.00","1391.00","1370.20","1384.60","1993690.00","52.33","49.01","3.32","1228.87","24.31","1279.22","1315.40","44.08","140.84","138.80","66.65"
"Thu May 22 2025 00:00:00 GMT+0530 (India Standard Time)","1380.10","1408.00","1358.60","1371.40","3186493.00","49.38","49.08","0.30","1234.04","7.69","1278.23","1322.02","12.44","140.84","138.82","63.19"
"Fri May 23 2025 00:00:00 GMT+0530 (India Standard Time)","1383.10","1398.50","1375.00","1395.40","1715309.00","48.42","48.95","-0.53","1239.22","73.52","1277.25","1329.97","45.05","143.31","138.85","66.59"
"Mon May 26 2025 00:00:00 GMT+0530 (India Standard Time)","1395.80","1410.60","1394.80","1400.20","1024835.00","47.50","48.66","-1.16","1244.34","79.39","1276.31","1340.33","51.22","143.80","138.89","67.24"
"Tue May 27 2025 00:00:00 GMT+0530 (India Standard Time)","1397.00","1419.00","1385.40","1404.20","2571237.00","46.56","48.24","-1.68","1249.56","84.96","1275.87","1350.05","56.55","143.80","138.93","67.81"
"Wed May 28 2025 00:00:00 GMT+0530 (India Standard Time)","1405.00","1427.80","1403.00","1411.00","2035398.00","45.83","47.76","-1.93","1255.08","92.16","1275.45","1359.78","65.85","144.50","138.97","68.79"
"Thu May 29 2025 00:00:00 GMT+0530 (India Standard Time)","1421.00","1441.00","1410.50","1438.60","1662886.00","46.94","47.60","-0.65","1261.29","98.39","1274.92","1370.88","100.00","147.32","139.04","72.46"
"Fri May 30 2025 00:00:00 GMT+0530 (India Standard Time)","1442.00","1457.50","1428.80","1432.80","2575127.00","46.81","47.44","-0.62","1267.56","73.74","1274.49","1379.16","79.72","147.32","139.10","70.58"
"Mon Jun 02 2025 00:00:00 GMT+0530 (India Standard Time)","1432.80","1482.00","1425.30","1468.00","3164701.00","48.99","47.75","1.24","1274.18","93.50","1274.16","1385.21","100.00","147.32","139.17","74.85"
"Tue Jun 03 2025 00:00:00 GMT+0530 (India Standard Time)","1470.00","1472.00","1426.70","1432.30","3677200.00","47.29","47.66","-0.37","1279.65","37.01","1273.82","1390.79","12.21","147.32","139.23","64.61"
"Wed Jun 04 2025 00:00:00 GMT+0530 (India Standard Time)","1432.30","1441.10","1423.10","1436.20","1446972.00","45.72","47.27","-1.55","1284.90","44.36","1273.58","1395.68","17.01","147.72","139.30","65.17"
"Thu Jun 05 2025 00:00:00 GMT+0530 (India Standard Time)","1443.80","1467.70","1438.00","1456.70","2019939.00","45.62","46.94","-1.32","1290.49","75.00","1273.56","1401.87","41.58","147.72","139.36","68.04"
"Fri Jun 06 2025 00:00:00 GMT+0530 (India Standard Time)","1456.70","1478.90","1453.70","1471.70","1269864.00","46.21","46.79","-0.59","1296.15","86.16","1273.45","1410.14","58.27","149.24","139.44","69.98"
"Mon Jun 09 2025 00:00:00 GMT+0530 (India Standard Time)","1482.00","1484.00","1463.10","1467.10","1493331.00","45.78","46.59","-0.81","1301.47","67.64","1273.30","1415.39","46.44","149.24","139.52","68.61"
"Tue Jun 10 2025 00:00:00 GMT+0530 (India Standard Time)","1472.00","1494.00","1469.80","1473.80","2125187.00","45.45","46.36","-0.91","1307.30","80.10","1273.21","1420.62","54.51","149.24","139.59","69.55"
"Wed Jun 11 2025 00:00:00 GMT+0530 (India Standard Time)","1473.80","1476.00","1448.80","1456.40","2192673.00","43.29","45.75","-2.46","1312.80","26.70","1272.97","1424.85","0","149.24","139.67","64.17"
"Thu Jun 12 2025 00:00:00 GMT+0530 (India Standard Time)","1459.80","1465.60","1440.10","1445.80","2192452.00","40.26","44.65","-4.39","1317.78","14.73","1272.74","1426.83","0","148.16","139.73","61.07"
"Fri Jun 13 2025 00:00:00 GMT+0530 (India Standard Time)","1405.00","1423.80","1397.10","1405.00","3380550.00","34.17","42.55","-8.38","1322.22","3.31","1272.31","1426.71","0","148.16","139.80","50.88"
"Mon Jun 16 2025 00:00:00 GMT+0530 (India Standard Time)","1389.00","1411.20","1375.00","1400.60","2823300.00","28.66","39.78","-11.11","1326.73","2.84","1271.90","1426.82","0","147.69","139.86","49.91"
"Tue Jun 17 2025 00:00:00 GMT+0530 (India Standard Time)","1400.50","1414.80","1384.00","1392.30","1571621.00","23.35","36.49","-13.14","1330.67","1.84","1271.47","1427.21","0","146.82","139.92","48.05"
"Wed Jun 18 2025 00:00:00 GMT+0530 (India Standard Time)","1387.00","1395.20","1365.20","1372.60","1732093.00","17.36","32.67","-15.31","1334.13","0.69","1270.98","1426.61","0","146.82","139.97","43.88"
"Thu Jun 19 2025 00:00:00 GMT+0530 (India Standard Time)","1370.50","1372.60","1331.60","1338.00","2950283.00","9.70","28.07","-18.37","1337.92","0.22","1270.29","1424.93","0","146.82","140.02","37.70"
"Fri Jun 20 2025 00:00:00 GMT+0530 (India Standard Time)","1338.00","1356.70","1334.60","1349.30","4541583.00","4.50","23.36","-18.86","1342.69","31.12","1269.63","1422.63","9.12","146.82","140.08","40.64"
"Mon Jun 23 2025 00:00:00 GMT+0530 (India Standard Time)","1341.00","1364.90","1335.70","1354.80","3921155.00","0.81","18.85","-18.04","1347.16","47.08","1268.93","1420.36","13.56","147.42","140.13","42.07"
"Tue Jun 24 2025 00:00:00 GMT+0530 (India Standard Time)","1395.10","1418.70","1385.10","1389.50","7635176.00","0.67","15.21","-14.54","1352.31","86.51","1268.48","1419.62","38.86","147.42","140.19","50.24"
"Wed Jun 25 2025 00:00:00 GMT+0530 (India Standard Time)","1399.70","1404.00","1385.50","1393.10","1915989.00","0.85","12.34","-11.49","1356.89","88.32","1268.08","1418.73","41.26","147.80","140.25","51.02"
"Thu Jun 26 2025 00:00:00 GMT+0530 (India Standard Time)","1399.00","1433.00","1395.20","1429.30","2877806.00","3.86","10.64","-6.78","1361.26","96.84","1267.90","1418.26","63.94","147.80","140.31","58.06"
"Fri Jun 27 2025 00:00:00 GMT+0530 (India Standard Time)","1434.90","1456.80","1427.00","1440.20","2888390.00","7.05","9.93","-2.87","1365.40","97.80","1267.89","1418.63","69.81","147.80","140.37","59.93"
"Mon Jun 30 2025 00:00:00 GMT+0530 (India Standard Time)","1440.80","1453.50","1432.70","1450.20","1586196.00","10.27","9.99","0.27","1369.22","98.59","1267.96","1417.74","90.39","148.83","140.43","61.62"
"Tue Jul 01 2025 00:00:00 GMT+0530 (India Standard Time)","1450.30","1459.80","1442.00","1447.00","2134736.00","12.41","10.48","1.93","1373.30","80.17","1267.93","1418.48","96.31","148.83","140.50","60.74"
"Wed Jul 02 2025 00:00:00 GMT+0530 (India Standard Time)","1458.00","1458.00","1440.00","1443.90","1219600.00","13.71","11.12","2.58","1377.51","58.87","1268.00","1418.87","92.57","148.51","140.56","59.84"
"Thu Jul 03 2025 00:00:00 GMT+0530 (India Standard Time)","1444.00","1451.10","1426.70","1431.10","978007.00","13.54","11.61","1.93","1381.35","18.43","1267.79","1417.58","77.20","147.19","140.61","56.17"
"Fri Jul 04 2025 00:00:00 GMT+0530 (India Standard Time)","1432.00","1439.90","1416.60","1424.40","608462.00","12.72","11.83","0.89","1385.11","10.72","1267.65","1415.22","69.34","146.50","140.66","54.29"
"Mon Jul 07 2025 00:00:00 GMT+0530 (India Standard Time)","1424.40","1437.80","1417.00","1435.60","764520.00","12.83","12.03","0.80","1389.96","62.78","1267.63","1413.64","80.20","146.50","140.70","56.88"
"Tue Jul 08 2025 00:00:00 GMT+0530 (India Standard Time)","1438.00","1449.90","1430.00","1448.50","824935.00","13.80","12.38","1.41","1394.73","84.11","1267.74","1412.38","92.07","146.50","140.75","59.72"
"Wed Jul 09 2025 00:00:00 GMT+0530 (India Standard Time)","1448.40","1455.80","1438.30","1443.00","1008636.00","13.96","12.70","1.26","1399.27","56.50","1267.81","1411.71","82.60","146.50","140.79","57.97"
"Thu Jul 10 2025 00:00:00 GMT+0530 (India Standard Time)","1444.00","1450.20","1437.20","1443.10","1035509.00","13.94","12.95","0.99","1403.80","57.01","1267.98","1411.57","81.45","146.50","140.84","58.00"
"Fri Jul 11 2025 00:00:00 GMT+0530 (India Standard Time)","1444.00","1453.90","1428.30","1431.70","819864.00","12.85","12.93","-0.08","1407.09","15.45","1267.95","1412.91","34.55","145.34","140.87","54.17"
"Mon Jul 14 2025 00:00:00 GMT+0530 (India Standard Time)","1432.00","1446.50","1426.10","1433.00","718442.00","11.96","12.73","-0.78","1408.81","27.50","1267.83","1414.53","33.25","145.48","140.91","54.54"
"Tue Jul 15 2025 00:00:00 GMT+0530 (India Standard Time)","1434.40","1449.30","1429.00","1445.10","735108.00","12.08","12.60","-0.52","1411.29","80.16","1267.77","1417.17","50.39","145.48","140.95","57.93"
"Wed Jul 16 2025 00:00:00 GMT+0530 (India Standard Time)","1447.50","1474.00","1442.90","1456.70","2488981.00","12.97","12.68","0.29","1413.66","91.71","1267.79","1421.38","90.72","145.48","140.98","60.93"
"Thu Jul 17 2025 00:00:00 GMT+0530 (India Standard Time)","1455.00","1464.00","1448.90","1452.50","1168071.00","13.18","12.78","0.41","1416.05","64.52","1267.69","1427.10","68.57","145.06","141.01","59.28"
"Fri Jul 18 2025 00:00:00 GMT+0530 (India Standard Time)","1452.40","1456.50","1429.10","1443.10","1147990.00","12.45","12.71","-0.26","1418.79","27.72","1267.62","1431.79","21.81","144.12","141.04","55.65"
"Mon Jul 21 2025 00:00:00 GMT+0530 (India Standard Time)","1442.10","1453.10","1430.00","1450.50","815780.00","12.33","12.64","-0.31","1420.56","61.92","1267.64","1436.58","54.23","144.86","141.07","57.84"
"Tue Jul 22 2025 00:00:00 GMT+0530 (India Standard Time)","1454.50","1454.50","1417.10","1420.70","976668.00","9.71","12.05","-2.34","1421.59","12.87","1267.40","1438.13","0","144.86","141.10","47.64"
"Wed Jul 23 2025 00:00:00 GMT+0530 (India Standard Time)","1430.00","1438.50","1419.00","1420.80","740816.00","7.56","11.15","-3.60","1422.57","13.33","1267.38","1439.52","0.25","144.87","141.13","47.67"
"Thu Jul 24 2025 00:00:00 GMT+0530 (India Standard Time)","1423.20","1426.00","1405.00","1411.60","598011.00","5.05","9.93","-4.88","1422.67","6.76","1267.37","1438.63","0","143.93","141.15","44.84"
"Fri Jul 25 2025 00:00:00 GMT+0530 (India Standard Time)","1411.70","1416.70","1390.00","1396.30","744410.00","1.81","8.31","-6.50","1422.45","2.56","1267.58","1436.44","0","143.93","141.17","40.53"
"Mon Jul 28 2025 00:00:00 GMT+0530 (India Standard Time)","1396.30","1404.10","1373.50","1376.00","790020.00","-2.37","6.17","-8.54","1422.01","0.97","1267.36","1432.73","0","143.93","141.19","35.64"
"Tue Jul 29 2025 00:00:00 GMT+0530 (India Standard Time)","1376.00","1398.70","1373.60","1395.90","782760.00","-4.03","4.13","-8.16","1422.23","55.40","1267.30","1430.17","28.77","146.01","141.23","42.91"
"Wed Jul 30 2025 00:00:00 GMT+0530 (India Standard Time)","1398.80","1403.10","1391.50","1394.00","627316.00","-5.44","2.22","-7.66","1422.42","50.14","1267.19","1427.68","26.82","145.81","141.27","42.42"
"Thu Jul 31 2025 00:00:00 GMT+0530 (India Standard Time)","1382.10","1395.80","1370.30","1373.10","1412892.00","-8.15","0.14","-8.29","1422.45","16.23","1267.01","1424.78","6.72","145.81","141.30","37.34"
"Fri Aug 01 2025 00:00:00 GMT+0530 (India Standard Time)","1371.00","1375.90","1342.80","1347.10","1239941.00","-12.25","-2.33","-9.91","1421.49","6.05","1266.69","1420.91","0","143.05","141.31","32.17"
"Mon Aug 04 2025 00:00:00 GMT+0530 (India Standard Time)","1349.80","1397.00","1345.20","1388.90","1368323.00","-11.99","-4.27","-7.72","1421.26","68.86","1266.54","1418.58","45.57","143.05","141.33","45.28"
"Tue Aug 05 2025 00:00:00 GMT+0530 (India Standard Time)","1392.00","1394.20","1346.00","1358.10","3000067.00","-14.11","-6.23","-7.87","1420.34","34.69","1266.31","1414.06","26.14","143.05","141.34","39.26"
"Wed Aug 06 2025 00:00:00 GMT+0530 (India Standard Time)","1374.00","1386.90","1358.10","1367.10","2293293.00","-14.88","-7.96","-6.92","1419.46","49.37","1266.17","1410.26","37.11","144.00","141.36","41.70"
"Thu Aug 07 2025 00:00:00 GMT+0530 (India Standard Time)","1351.00","1357.90","1315.00","1345.40","2857406.00","-17.06","-9.78","-7.27","1417.60","23.69","1265.87","1405.38","21.77","144.00","141.38","37.76"
"Fri Aug 08 2025 00:00:00 GMT+0530 (India Standard Time)","1345.40","1356.90","1317.70","1325.00","1561061.00","-20.19","-11.86","-8.33","1415.44","11.98","1265.62","1400.04","14.80","141.81","141.39","34.47"
"Mon Aug 11 2025 00:00:00 GMT+0530 (India Standard Time)","1325.00","1348.30","1313.70","1339.40","2053173.00","-21.27","-13.75","-7.52","1412.87","48.16","1265.50","1395.37","41.10","141.81","141.39","38.54"
"Tue Aug 12 2025 00:00:00 GMT+0530 (India Standard Time)","1342.00","1349.60","1328.20","1330.50","1260241.00","-22.58","-15.51","-7.07","1410.83","31.93","1265.45","1389.63","36.91","140.87","141.39","37.01"
"Wed Aug 13 2025 00:00:00 GMT+0530 (India Standard Time)","1335.20","1339.30","1316.60","1319.60","1205658.00","-24.22","-17.25","-6.97","1408.50","17.50","1265.28","1382.78","22.84","139.72","141.37","35.17"
"Thu Aug 14 2025 00:00:00 GMT+0530 (India Standard Time)","1324.80","1329.00","1290.50","1300.30","2298528.00","-26.77","-19.16","-7.61","1405.37","6.73","1265.18","1375.17","0","139.72","141.36","32.12"
"Mon Aug 18 2025 00:00:00 GMT+0530 (India Standard Time)","1321.90","1332.00","1295.00","1327.20","10225114.00","-26.31","-20.59","-5.73","1402.48","65.66","1265.06","1369.38","59.42","139.72","141.35","39.94"
"Tue Aug 19 2025 00:00:00 GMT+0530 (India Standard Time)","1332.00","1371.70","1325.00","1369.40","3150673.00","-22.29","-20.93","-1.36","1400.53","88.48","1265.04","1365.32","100.00","144.16","141.37","49.72"
"Wed Aug 20 2025 00:00:00 GMT+0530 (India Standard Time)","1369.40","1374.60","1358.00","1370.60","1594619.00","-18.79","-20.50","1.71","1398.47","88.90","1264.91","1362.82","100.00","144.29","141.39","49.97"
"Thu Aug 21 2025 00:00:00 GMT+0530 (India Standard Time)","1371.10","1377.80","1355.30","1361.80","1227167.00","-16.54","-19.71","3.17","1396.57","57.95","1264.84","1359.87","89.44","143.36","141.41","48.09"
"Fri Aug 22 2025 00:00:00 GMT+0530 (India Standard Time)","1364.00","1364.00","1338.20","1341.20","1210284.00","-16.22","-19.01","2.79","1394.48","22.03","1264.58","1356.35","66.05","141.19","141.41","43.91"
"Mon Aug 25 2025 00:00:00 GMT+0530 (India Standard Time)","1341.30","1348.90","1332.50","1340.40","1214246.00","-15.86","-18.38","2.52","1393.19","21.02","1264.53","1353.55","65.16","141.19","141.40","43.75"
"Tue Aug 26 2025 00:00:00 GMT+0530 (India Standard Time)","1335.20","1339.90","1310.00","1315.40","1652272.00","-17.39","-18.18","0.80","1391.49","5.43","1264.46","1350.52","38.56","141.19","141.40","39.00"
"Thu Aug 28 2025 00:00:00 GMT+0530 (India Standard Time)","1316.90","1338.80","1311.20","1315.40","1785681.00","-18.38","-18.22","-0.16","1389.95","5.43","1264.19","1346.50","38.56","141.19","141.40","39.00"
"Fri Aug 29 2025 00:00:00 GMT+0530 (India Standard Time)","1318.00","1322.90","1303.00","1312.80","1592903.00","-19.16","-18.41","-0.75","1388.75","4.15","1263.99","1342.44","35.74","140.91","141.40","38.50"
"Mon Sep 01 2025 00:00:00 GMT+0530 (India Standard Time)","1318.30","1338.50","1316.10","1335.30","983914.00","-17.76","-18.28","0.52","1388.70","81.13","1263.85","1340.55","72.77","143.33","141.41","45.11"
"Tue Sep 02 2025 00:00:00 GMT+0530 (India Standard Time)","1340.90","1348.80","1328.20","1336.20","1495993.00","-16.39","-17.90","1.51","1388.44","82.27","1263.80","1340.00","74.18","143.33","141.43","45.36"
"Wed Sep 03 2025 00:00:00 GMT+0530 (India Standard Time)","1338.00","1344.80","1327.60","1332.40","1774676.00","-15.43","-17.41","1.98","1387.99","54.49","1263.83","1337.18","68.97","143.33","141.44","44.43"
"Thu Sep 04 2025 00:00:00 GMT+0530 (India Standard Time)","1338.00","1348.00","1326.00","1328.20","1350147.00","-14.84","-16.89","2.06","1386.76","31.20","1264.03","1335.68","63.03","142.88","141.45","43.37"
"Fri Sep 05 2025 00:00:00 GMT+0530 (India Standard Time)","1330.00","1335.70","1312.80","1321.80","1135666.00","-14.72","-16.46","1.74","1385.34","13.55","1264.32","1333.42","28.24","142.19","141.46","41.74"
"Mon Sep 08 2025 00:00:00 GMT+0530 (India Standard Time)","1321.90","1363.40","1321.90","1348.30","1445628.00","-12.34","-15.63","3.30","1383.72","84.79","1264.66","1333.56","100.00","142.19","141.46","50.12"
"Tue Sep 09 2025 00:00:00 GMT+0530 (India Standard Time)","1354.70","1385.00","1348.30","1380.90","3515252.00","-7.73","-14.05","6.32","1382.53","94.98","1265.12","1336.36","100.00","142.19","141.47","58.10"
"Wed Sep 10 2025 00:00:00 GMT+0530 (India Standard Time)","1400.00","1404.90","1385.00","1389.10","2553605.00","-3.38","-11.92","8.54","1381.31","96.24","1266.49","1338.84","100.00","143.03","141.48","59.84"
"Thu Sep 11 2025 00:00:00 GMT+0530 (India Standard Time)","1404.90","1423.10","1388.00","1393.10","4041646.00","0.38","-9.46","9.84","1380.23","96.98","1267.77","1341.97","100.00","143.03","141.49","60.70"
"Fri Sep 12 2025 00:00:00 GMT+0530 (India Standard Time)","1395.50","1406.50","1391.10","1393.10","1466190.00","3.33","-6.90","10.23","1379.21","96.98","1268.90","1345.65","100.00","143.03","141.51","60.70"
"Mon Sep 15 2025 00:00:00 GMT+0530 (India Standard Time)","1393.10","1409.00","1392.20","1395.20","1254831.00","5.76","-4.37","10.13","1378.50","97.87","1270.23","1350.39","100.00","143.25","141.52","61.21"
"Tue Sep 16 2025 00:00:00 GMT+0530 (India Standard Time)","1400.00","1412.60","1396.60","1408.20","1636246.00","8.65","-1.77","10.41","1378.17","99.54","1271.28","1354.44","100.00","143.25","141.53","64.26"
"Wed Sep 17 2025 00:00:00 GMT+0530 (India Standard Time)","1410.00","1413.10","1396.20","1406.10","1062568.00","10.64","0.71","9.92","1377.58","79.42","1272.47","1356.28","96.63","143.03","141.54","63.39"
"Thu Sep 18 2025 00:00:00 GMT+0530 (India Standard Time)","1410.00","1415.00","1401.00","1412.80","1416920.00","12.61","3.09","9.52","1376.87","91.01","1273.58","1358.39","100.00","143.03","141.56","65.02"
"Fri Sep 19 2025 00:00:00 GMT+0530 (India Standard Time)","1447.80","1460.00","1425.00","1427.80","8069167.00","15.21","5.52","9.69","1376.56","97.45","1274.64","1361.69","100.00","143.03","141.57","68.41"
"Mon Sep 22 2025 00:00:00 GMT+0530 (India Standard Time)","1433.00","1461.70","1425.00","1444.20","5490489.00","18.38","8.09","10.29","1376.59","99.01","1275.42","1366.84","100.00","144.68","141.59","71.64"
"Tue Sep 23 2025 00:00:00 GMT+0530 (India Standard Time)","1453.00","1455.00","1423.10","1441.60","2550337.00","20.45","10.56","9.89","1376.78","82.95","1276.28","1371.89","95.89","144.42","141.61","70.41"
"Wed Sep 24 2025 00:00:00 GMT+0530 (India Standard Time)","1445.00","1452.40","1429.10","1431.60","2603193.00","21.04","12.66","8.38","1376.76","36.92","1277.05","1377.70","80.26","144.42","141.64","65.73"
"Thu Sep 25 2025 00:00:00 GMT+0530 (India Standard Time)","1431.70","1439.90","1404.10","1407.20","1970560.00","19.31","13.99","5.32","1376.00","9.95","1277.79","1382.29","27.21","141.96","141.64","55.97"
"Fri Sep 26 2025 00:00:00 GMT+0530 (India Standard Time)","1407.20","1416.70","1390.30","1392.00","1899079.00","16.53","14.50","2.03","1374.70","5.21","1278.42","1386.25","0","140.42","141.63","50.90"
"Mon Sep 29 2025 00:00:00 GMT+0530 (India Standard Time)","1393.60","1401.30","1377.60","1383.20","1978395.00","13.46","14.29","-0.83","1373.32","3.36","1279.09","1388.65","0","140.42","141.62","48.18"
"Tue Sep 30 2025 00:00:00 GMT+0530 (India Standard Time)","1389.70","1408.00","1387.20","1403.50","1999250.00","12.52","13.93","-1.42","1372.53","63.40","1279.94","1392.01","25.90","140.42","141.61","54.26"
"Wed Oct 01 2025 00:00:00 GMT+0530 (India Standard Time)","1406.00","1426.90","1392.70","1422.70","1602493.00","13.17","13.78","-0.61","1371.97","83.17","1280.83","1396.53","46.71","142.34","141.62","59.14"
"Fri Oct 03 2025 00:00:00 GMT+0530 (India Standard Time)","1413.00","1431.00","1412.50","1419.10","1576970.00","13.24","13.67","-0.43","1371.94","69.16","1281.63","1401.07","41.39","141.98","141.62","57.89"
"Mon Oct 06 2025 00:00:00 GMT+0530 (India Standard Time)","1419.10","1419.10","1395.00","1400.50","1338654.00","11.67","13.27","-1.61","1371.53","25.23","1282.42","1405.01","15.47","140.12","141.61","51.81"
"Tue Oct 07 2025 00:00:00 GMT+0530 (India Standard Time)","1400.80","1415.00","1397.30","1399.50","1608151.00","10.22","12.66","-2.44","1371.29","23.62","1283.25","1407.57","14.14","140.12","141.60","51.50"
"Wed Oct 08 2025 00:00:00 GMT+0530 (India Standard Time)","1399.40","1411.10","1386.00","1394.30","1704405.00","8.55","11.84","-3.29","1371.25","14.19","1284.18","1408.24","6.95","140.12","141.58","49.81"
"Thu Oct 09 2025 00:00:00 GMT+0530 (India Standard Time)","1394.50","1399.80","1388.40","1395.60","1250770.00","7.25","10.92","-3.67","1371.64","28.47","1285.13","1408.56","8.82","140.25","141.57","50.25"
"Fri Oct 10 2025 00:00:00 GMT+0530 (India Standard Time)","1400.50","1418.00","1395.70","1409.40","1359246.00","7.25","10.19","-2.93","1371.91","84.22","1286.26","1409.38","28.08","140.25","141.56","54.77"
"Mon Oct 13 2025 00:00:00 GMT+0530 (India Standard Time)","1400.80","1441.90","1396.00","1437.80","2245061.00","9.44","10.04","-0.60","1372.79","96.25","1287.49","1411.62","63.73","140.25","141.55","62.35"
"Tue Oct 14 2025 00:00:00 GMT+0530 (India Standard Time)","1440.00","1442.20","1422.00","1429.00","2640234.00","10.34","10.10","0.24","1373.91","65.37","1288.73","1413.30","61.89","140.25","141.54","59.04"
"Wed Oct 15 2025 00:00:00 GMT+0530 (India Standard Time)","1430.00","1456.30","1430.00","1450.70","2675240.00","12.66","10.61","2.05","1375.98","86.59","1289.76","1415.43","100.00","140.25","141.53","64.09"
"Thu Oct 16 2025 00:00:00 GMT+0530 (India Standard Time)","1454.00","1490.50","1453.00","1479.50","6512312.00","16.63","11.81","4.81","1377.79","94.89","1291.00","1419.10","100.00","140.25","141.52","69.47"
"Fri Oct 17 2025 00:00:00 GMT+0530 (India Standard Time)","1479.50","1489.00","1462.50","1479.40","3290072.00","19.54","13.36","6.18","1380.22","94.49","1292.31","1422.43","99.82","140.24","141.51","69.43"
"Mon Oct 20 2025 00:00:00 GMT+0530 (India Standard Time)","1488.00","1489.00","1459.10","1467.00","2660484.00","20.61","14.81","5.80","1382.21","45.82","1293.49","1424.39","75.24","139.07","141.49","64.60"
"Tue Oct 21 2025 00:00:00 GMT+0530 (India Standard Time)","1477.00","1481.50","1470.00","1473.50","394024.00","21.73","16.19","5.54","1384.78","64.82","1294.76","1425.86","82.04","139.68","141.48","65.94"
"Thu Oct 23 2025 00:00:00 GMT+0530 (India Standard Time)","1478.80","1483.50","1450.30","1453.10","2999137.00","20.74","17.10","3.63","1387.34","20.25","1295.90","1426.43","44.06","139.68","141.47","58.47"
"Fri Oct 24 2025 00:00:00 GMT+0530 (India Standard Time)","1463.00","1463.50","1422.30","1429.00","1907383.00","17.80","17.24","0.56","1389.13","7.72","1297.05","1426.30","6.61","137.37","141.43","51.11"
"Mon Oct 27 2025 00:00:00 GMT+0530 (India Standard Time)","1429.00","1429.80","1410.00","1420.60","2280976.00","14.62","16.72","-2.10","1390.93","5.39","1298.33","1426.97","0","137.37","141.40","48.80"
"Tue Oct 28 2025 00:00:00 GMT+0530 (India Standard Time)","1425.90","1435.00","1410.00","1417.90","2068057.00","11.75","15.73","-3.97","1392.90","4.52","1299.55","1428.27","0","137.11","141.37","48.05"
"Wed Oct 29 2025 00:00:00 GMT+0530 (India Standard Time)","1424.10","1464.80","1421.60","1454.80","3578596.00","12.31","15.04","-2.73","1395.99","82.44","1301.07","1431.85","44.77","137.11","141.34","57.64"
"Thu Oct 30 2025 00:00:00 GMT+0530 (India Standard Time)","1458.00","1463.00","1449.60","1457.90","1380931.00","12.86","14.61","-1.75","1398.60","84.56","1302.69","1434.57","48.02","137.40","141.30","58.34"
"Fri Oct 31 2025 00:00:00 GMT+0530 (India Standard Time)","1457.90","1461.70","1443.00","1451.50","1141853.00","12.63","14.21","-1.58","1400.24","56.45","1304.39","1436.01","38.42","136.80","141.27","56.28"
"Mon Nov 03 2025 00:00:00 GMT+0530 (India Standard Time)","1451.50","1457.40","1435.30","1444.70","1059573.00","11.77","13.72","-1.96","1401.73","33.08","1306.28","1437.29","28.24","136.15","141.23","54.10"
"Tue Nov 04 2025 00:00:00 GMT+0530 (India Standard Time)","1449.60","1466.30","1432.00","1444.40","3554714.00","10.93","13.16","-2.23","1403.38","31.92","1307.92","1439.48","27.78","136.15","141.19","54.00"
"Thu Nov 06 2025 00:00:00 GMT+0530 (India Standard Time)","1452.10","1466.30","1434.30","1436.80","2745063.00","9.54","12.44","-2.90","1405.29","11.46","1309.46","1441.35","15.74","135.44","141.14","51.42"
"Fri Nov 07 2025 00:00:00 GMT+0530 (India Standard Time)","1435.00","1464.00","1425.00","1448.30","2184538.00","9.27","11.81","-2.54","1407.45","69.88","1310.94","1444.05","32.17","136.52","141.11","54.93"
"Mon Nov 10 2025 00:00:00 GMT+0530 (India Standard Time)","1452.20","1463.90","1441.00","1444.90","1161695.00","8.67","11.18","-2.51","1410.04","50.27","1312.35","1446.51","31.55","136.20","141.07","53.70"
"Tue Nov 11 2025 00:00:00 GMT+0530 (India Standard Time)","1453.00","1476.00","1437.80","1474.40","2258827.00","10.46","11.04","-0.57","1413.22","91.53","1313.98","1449.76","76.47","136.20","141.03","61.73"
"Wed Nov 12 2025 00:00:00 GMT+0530 (India Standard Time)","1477.00","1515.00","1475.50","1506.90","4641466.00","14.34","11.70","2.64","1417.10","97.00","1315.98","1453.22","100.00","136.20","140.99","68.26"
"Thu Nov 13 2025 00:00:00 GMT+0530 (India Standard Time)","1515.00","1515.00","1487.80","1499.00","2304918.00","16.58","12.67","3.91","1420.37","73.81","1317.97","1456.72","85.55","135.49","140.95","65.34"
"Fri Nov 14 2025 00:00:00 GMT+0530 (India Standard Time)","1500.00","1523.60","1497.00","1512.70","2345593.00","19.24","13.99","5.25","1423.90","85.68","1320.01","1459.82","98.24","135.49","140.91","67.91"
"Mon Nov 17 2025 00:00:00 GMT+0530 (India Standard Time)","1518.90","1519.00","1503.00","1507.60","1750560.00","20.70","15.33","5.37","1427.41","64.06","1322.08","1461.22","88.56","135.03","140.86","65.95"
"Tue Nov 18 2025 00:00:00 GMT+0530 (India Standard Time)","1518.90","1518.90","1490.20","1495.00","1818617.00","20.60","16.38","4.22","1430.74","28.51","1324.14","1462.00","58.39","135.03","140.82","61.26"
"Wed Nov 19 2025 00:00:00 GMT+0530 (India Standard Time)","1499.00","1499.50","1478.00","1484.20","1746304.00","19.43","16.99","2.44","1433.99","14.61","1326.16","1462.86","35.96","134.06","140.76","57.48"
"Thu Nov 20 2025 00:00:00 GMT+0530 (India Standard Time)","1500.00","1505.00","1487.60","1491.10","1459401.00","18.84","17.36","1.48","1436.85","47.39","1328.13","1463.74","46.24","134.68","140.72","59.21"
"Fri Nov 21 2025 00:00:00 GMT+0530 (India Standard Time)","1492.00","1492.30","1467.10","1479.80","1165365.00","17.26","17.34","-0.08","1438.83","20.99","1330.14","1465.08","22.69","133.66","140.66","55.25"
"Mon Nov 24 2025 00:00:00 GMT+0530 (India Standard Time)","1482.00","1490.20","1471.30","1485.90","2485518.00","16.31","17.13","-0.82","1440.76","50.66","1332.08","1467.92","32.65","133.66","140.61","56.92"
"Tue Nov 25 2025 00:00:00 GMT+0530 (India Standard Time)","1490.00","1492.40","1474.50","1483.90","1355333.00","15.22","16.75","-1.53","1442.58","40.65","1334.08","1471.09","28.24","133.48","140.55","56.18"
"Wed Nov 26 2025 00:00:00 GMT+0530 (India Standard Time)","1484.30","1523.00","1484.30","1506.20","3986754.00","15.98","16.60","-0.62","1444.84","89.02","1336.18","1475.50","57.82","133.48","140.50","62.12"
"Thu Nov 27 2025 00:00:00 GMT+0530 (India Standard Time)","1511.80","1513.90","1501.00","1509.10","861910.00","16.62","16.60","0.02","1447.12","90.94","1338.10","1478.22","62.66","133.73","140.44","62.82"
"Fri Nov 28 2025 00:00:00 GMT+0530 (India Standard Time)","1510.00","1534.30","1503.10","1516.90","2612938.00","17.55","16.79","0.76","1449.29","95.33","1339.97","1481.17","72.84","133.73","140.39","64.73"
"Mon Dec 01 2025 00:00:00 GMT+0530 (India Standard Time)","1530.00","1549.00","1523.00","1530.50","4059126.00","19.17","17.27","1.90","1451.78","98.27","1341.80","1485.12","96.60","133.73","140.34","67.82"
"Tue Dec 02 2025 00:00:00 GMT+0530 (India Standard Time)","1528.10","1530.00","1510.00","1518.10","1974536.00","19.23","17.66","1.57","1453.89","45.80","1343.66","1488.79","56.85","132.65","140.28","62.44"
"Wed Dec 03 2025 00:00:00 GMT+0530 (India Standard Time)","1514.00","1524.00","1488.60","1497.70","1958074.00","17.43","17.61","-0.19","1455.28","16.61","1345.43","1491.45","0","130.87","140.21","54.75"
"Thu Dec 04 2025 00:00:00 GMT+0530 (India Standard Time)","1497.70","1509.10","1490.20","1505.60","1591805.00","16.45","17.38","-0.93","1456.51","44.17","1347.25","1494.89","16.92","131.56","140.14","56.96"
"Fri Dec 05 2025 00:00:00 GMT+0530 (India Standard Time)","1504.60","1514.00","1493.30","1509.40","1141428.00","15.80","17.06","-1.27","1457.87","57.64","1349.15","1497.95","25.04","131.89","140.07","58.03"
"Mon Dec 08 2025 00:00:00 GMT+0530 (India Standard Time)","1509.40","1510.90","1472.60","1480.50","1070689.00","12.80","16.21","-3.41","1458.85","12.34","1351.00","1499.73","0","129.37","139.99","48.27"
"Tue Dec 09 2025 00:00:00 GMT+0530 (India Standard Time)","1476.90","1499.20","1460.90","1497.20","1327921.00","11.64","15.30","-3.66","1460.65","54.06","1353.17","1500.87","25.06","129.37","139.91","53.17"
"Wed Dec 10 2025 00:00:00 GMT+0530 (India Standard Time)","1500.00","1521.00","1493.60","1498.10","1677388.00","10.67","14.37","-3.70","1462.77","56.30","1355.25","1500.43","26.37","129.37","139.82","53.42"
"Thu Dec 11 2025 00:00:00 GMT+0530 (India Standard Time)","1496.00","1515.00","1495.00","1504.00","1451645.00","10.26","13.55","-3.29","1465.18","73.35","1357.34","1500.68","35.23","129.88","139.75","55.16"
"Fri Dec 12 2025 00:00:00 GMT+0530 (India Standard Time)","1512.00","1527.40","1509.50","1522.80","1152570.00","11.32","13.10","-1.78","1467.57","92.36","1359.54","1501.18","61.17","131.50","139.68","60.23"
"Mon Dec 15 2025 00:00:00 GMT+0530 (India Standard Time)","1522.80","1522.80","1508.10","1512.60","850425.00","11.21","12.72","-1.52","1469.37","52.07","1361.55","1501.43","42.07","130.62","139.61","56.49"
"Tue Dec 16 2025 00:00:00 GMT+0530 (India Standard Time)","1512.60","1512.60","1494.20","1499.00","1122212.00","9.91","12.16","-2.25","1470.97","24.07","1363.63","1501.63","18.46","130.62","139.54","51.88"
"Wed Dec 17 2025 00:00:00 GMT+0530 (India Standard Time)","1494.10","1500.00","1479.30","1486.30","964352.00","7.76","11.28","-3.52","1472.68","12.01","1365.70","1501.74","0","129.51","139.46","47.94"
"Thu Dec 18 2025 00:00:00 GMT+0530 (India Standard Time)","1486.40","1498.00","1476.00","1495.70","683681.00","6.74","10.37","-3.63","1474.61","49.48","1367.78","1501.97","14.95","130.33","139.39","50.91"
"Fri Dec 19 2025 00:00:00 GMT+0530 (India Standard Time)","1495.00","1503.70","1490.70","1496.40","1276175.00","5.93","9.48","-3.56","1476.65","52.49","1369.87","1502.80","22.03","130.33","139.32","51.13"
"Mon Dec 22 2025 00:00:00 GMT+0530 (India Standard Time)","1497.50","1515.00","1497.50","1508.70","1116833.00","6.20","8.83","-2.63","1478.91","84.66","1372.07","1503.94","57.56","131.40","139.26","55.01"
"Tue Dec 23 2025 00:00:00 GMT+0530 (India Standard Time)","1508.70","1513.80","1491.20","1493.60","928446.00","5.14","8.09","-2.95","1480.59","31.80","1374.27","1504.42","15.05","130.09","139.19","49.79"
"Wed Dec 24 2025 00:00:00 GMT+0530 (India Standard Time)","1503.00","1507.20","1492.00","1494.30","1318023.00","4.30","7.33","-3.03","1481.72","35.53","1376.45","1503.83","16.98","130.09","139.12","50.02"
"Fri Dec 26 2025 00:00:00 GMT+0530 (India Standard Time)","1499.60","1501.40","1485.00","1487.10","876540.00","3.02","6.47","-3.45","1482.89","16.71","1378.32","1502.72","0","129.46","139.04","47.54"
"Mon Dec 29 2025 00:00:00 GMT+0530 (India Standard Time)","1487.10","1487.10","1451.00","1454.40","1568472.00","-0.62","5.05","-5.67","1482.96","2.88","1379.91","1499.60","0","129.46","138.97","38.24"
"Tue Dec 30 2025 00:00:00 GMT+0530 (India Standard Time)","1450.00","1470.50","1447.30","1461.20","3463973.00","-2.93","3.46","-6.38","1482.59","27.75","1381.50","1496.13","11.78","129.46","138.89","40.83"
"Wed Dec 31 2025 00:00:00 GMT+0530 (India Standard Time)","1468.50","1475.00","1461.30","1469.80","707055.00","-4.01","1.96","-5.98","1482.40","56.16","1383.13","1493.72","26.33","130.22","138.82","44.03"
"Thu Jan 01 2026 00:00:00 GMT+0530 (India Standard Time)","1472.80","1490.90","1470.40","1481.10","981252.00","-3.92","0.79","-4.70","1482.68","78.44","1384.86","1492.89","44.41","130.22","138.76","48.01"
"Fri Jan 02 2026 00:00:00 GMT+0530 (India Standard Time)","1480.10","1495.00","1478.30","1489.50","1251176.00","-3.13","0","-3.13","1483.00","87.72","1386.67","1492.09","68.83","130.22","138.69","50.81"
"Mon Jan 05 2026 00:00:00 GMT+0530 (India Standard Time)","1488.00","1496.80","1479.10","1493.00","790039.00","-2.19","-0.44","-1.76","1483.80","90.96","1388.54","1491.26","81.83","130.53","138.63","51.97"
"Tue Jan 06 2026 00:00:00 GMT+0530 (India Standard Time)","1490.00","1493.00","1470.70","1473.20","1675609.00","-3.02","-0.95","-2.06","1484.69","22.82","1390.22","1490.90","42.91","130.53","138.56","45.44"
"Wed Jan 07 2026 00:00:00 GMT+0530 (India Standard Time)","1473.20","1480.40","1459.00","1465.30","2124534.00","-4.26","-1.61","-2.64","1485.58","14.28","1391.75","1489.30","29.03","130.53","138.50","43.11"
"Thu Jan 08 2026 00:00:00 GMT+0530 (India Standard Time)","1468.00","1489.00","1460.30","1465.20","1974347.00","-5.19","-2.33","-2.86","1486.53","14.15","1393.21","1487.66","28.86","130.52","138.44","43.08"
"Fri Jan 09 2026 00:00:00 GMT+0530 (India Standard Time)","1463.00","1463.00","1431.00","1435.90","2280396.00","-8.20","-3.50","-4.69","1486.15","2.18","1394.50","1484.26","0","130.52","138.38","35.31"
"Mon Jan 12 2026 00:00:00 GMT+0530 (India Standard Time)","1435.90","1447.10","1403.90","1443.50","1539180.00","-9.85","-4.77","-5.08","1485.86","32.02","1395.77","1480.29","18.63","131.21","138.32","38.41"
"Tue Jan 13 2026 00:00:00 GMT+0530 (India Standard Time)","1443.50","1449.00","1420.00","1428.60","919873.00","-12.23","-6.26","-5.96","1485.40","14.58","1396.91","1476.09","0","129.86","138.25","34.88"
"Wed Jan 14 2026 00:00:00 GMT+0530 (India Standard Time)","1429.00","1438.90","1423.00","1430.00","1278819.00","-13.84","-7.78","-6.06","1485.11","22.51","1398.15","1472.64","3.51","129.86","138.19","35.48"
"Fri Jan 16 2026 00:00:00 GMT+0530 (India Standard Time)","1430.00","1448.00","1416.10","1421.90","1556318.00","-15.59","-9.34","-6.25","1484.66","10.85","1399.35","1469.42","0","129.86","138.12","33.55"
"Mon Jan 19 2026 00:00:00 GMT+0530 (India Standard Time)","1421.00","1421.00","1395.60","1403.00","1130162.00","-18.29","-11.13","-7.16","1483.98","3.18","1400.38","1464.79","0","128.13","138.04","29.52"
"Tue Jan 20 2026 00:00:00 GMT+0530 (India Standard Time)","1409.00","1412.90","1359.60","1367.60","1799611.00","-23.02","-13.51","-9.51","1482.37","0.87","1401.31","1458.35","0","128.13","137.97","23.76"
"Wed Jan 21 2026 00:00:00 GMT+0530 (India Standard Time)","1371.70","1390.40","1345.00","1378.60","2141532.00","-25.59","-15.92","-9.66","1481.04","31.69","1402.33","1451.84","16.56","128.13","137.89","28.44"
"Thu Jan 22 2026 00:00:00 GMT+0530 (India Standard Time)","1400.00","1421.70","1388.50","1414.20","1689638.00","-24.47","-17.63","-6.83","1479.84","77.32","1403.42","1447.87","61.22","131.44","137.84","41.03"
"Fri Jan 23 2026 00:00:00 GMT+0530 (India Standard Time)","1417.00","1417.00","1292.00","1308.40","6380222.00","-31.75","-20.46","-11.29","1475.87","15.56","1403.96","1438.58","8.80","131.44","137.79","26.25"
"Tue Jan 27 2026 00:00:00 GMT+0530 (India Standard Time)","1334.30","1368.30","1322.00","1363.90","3838632.00","-32.67","-22.90","-9.77","1473.17","54.06","1405.04","1432.42","69.00","137.01","137.78","38.72"
"Wed Jan 28 2026 00:00:00 GMT+0530 (India Standard Time)","1373.90","1384.30","1363.70","1381.90","2938285.00","-31.58","-24.63","-6.94","1470.55","64.54","1406.40","1428.79","94.96","138.82","137.79","42.14"
"Thu Jan 29 2026 00:00:00 GMT+0530 (India Standard Time)","1384.90","1429.00","1371.60","1417.80","3918681.00","-27.50","-25.21","-2.29","1468.75","81.44","1407.83","1426.62","100.00","138.82","137.80","48.33"
"Fri Jan 30 2026 00:00:00 GMT+0530 (India Standard Time)","1417.80","1428.50","1407.00","1419.80","2227414.00","-23.83","-24.93","1.10","1467.25","82.38","1409.27","1424.12","100.00","139.02","137.81","48.66"
"Sun Feb 01 2026 00:00:00 GMT+0530 (India Standard Time)","1419.80","1453.90","1325.00","1344.90","1975061.00","-26.66","-25.28","-1.38","1464.46","17.25","1410.17","1417.31","60.01","131.68","137.76","38.70"
"Mon Feb 02 2026 00:00:00 GMT+0530 (India Standard Time)","1348.00","1406.00","1348.00","1403.10","2796673.00","-23.93","-25.01","1.08","1462.70","62.87","1411.13","1412.99","96.01","131.68","137.71","47.66"
"Tue Feb 03 2026 00:00:00 GMT+0530 (India Standard Time)","1477.20","1537.00","1477.20","1530.80","11977119.00","-11.34","-22.27","10.94","1463.72","89.14","1412.62","1414.88","100.00","131.68","137.67","61.10"
"Wed Feb 04 2026 00:00:00 GMT+0530 (India Standard Time)","1529.90","1572.30","1508.50","1567.90","6632728.00","1.62","-17.50","19.12","1465.36","92.30","1414.16","1419.62","100.00","134.87","137.65","63.99"
"Thu Feb 05 2026 00:00:00 GMT+0530 (India Standard Time)","1568.00","1577.70","1548.60","1570.20","3285127.00","11.94","-11.61","23.55","1467.09","92.57","1415.80","1424.86","100.00","135.07","137.63","64.17"
"Fri Feb 06 2026 00:00:00 GMT+0530 (India Standard Time)","1563.00","1575.50","1527.00","1550.70","4429173.00","18.33","-5.62","23.95","1467.98","58.18","1417.39","1429.14","93.15","135.07","137.61","61.40"
"Mon Feb 09 2026 00:00:00 GMT+0530 (India Standard Time)","1575.90","1583.90","1554.50","1561.70","1761025.00","24.01","0.31","23.70","1469.03","70.53","1419.00","1435.43","95.30","136.03","137.59","62.39"
"Tue Feb 10 2026 00:00:00 GMT+0530 (India Standard Time)","1565.00","1568.00","1525.00","1554.70","1643366.00","27.63","5.77","21.86","1469.79","51.26","1420.59","1440.99","92.47","135.42","137.58","61.31"
"Wed Feb 11 2026 00:00:00 GMT+0530 (India Standard Time)","1554.70","1559.40","1539.20","1553.40","1359416.00","30.04","10.62","19.42","1470.25","46.54","1422.39","1447.23","91.91","135.31","137.56","61.10"
"Thu Feb 12 2026 00:00:00 GMT+0530 (India Standard Time)","1542.10","1551.00","1532.50","1543.70","1107584.00","30.82","14.66","16.15","1470.76","19.60","1424.06","1452.91","81.52","134.46","137.53","59.46"
"Fri Feb 13 2026 00:00:00 GMT+0530 (India Standard Time)","1543.00","1543.00","1507.00","1519.00","1838361.00","29.10","17.55","11.55","1471.18","4.96","1425.57","1457.77","65.53","134.46","137.51","55.39"
"Mon Feb 16 2026 00:00:00 GMT+0530 (India Standard Time)","1517.50","1545.50","1495.30","1540.10","1644108.00","29.11","19.86","9.25","1471.87","58.24","1427.19","1464.62","75.91","136.33","137.50","58.03"
"Tue Feb 17 2026 00:00:00 GMT+0530 (India Standard Time)","1545.00","1576.50","1535.70","1566.30","3168457.00","30.88","22.06","8.81","1473.01","82.54","1428.69","1474.56","88.02","136.33","137.49","61.12"
"Wed Feb 18 2026 00:00:00 GMT+0530 (India Standard Time)","1565.00","1565.00","1540.00","1550.80","1326139.00","30.67","23.79","6.88","1474.42","48.88","1429.71","1483.17","77.29","134.98","137.47","58.38"
"Thu Feb 19 2026 00:00:00 GMT+0530 (India Standard Time)","1550.00","1550.80","1506.70","1513.30","984392.00","27.17","24.46","2.71","1474.74","16.44","1430.67","1488.12","28.06","131.72","137.43","52.29"
"Fri Feb 20 2026 00:00:00 GMT+0530 (India Standard Time)","1513.30","1529.20","1505.20","1511.50","1126987.00","23.97","24.36","-0.39","1475.01","15.46","1431.54","1498.28","0","131.72","137.38","52.01"
"Mon Feb 23 2026 00:00:00 GMT+0530 (India Standard Time)","1511.00","1564.50","1510.80","1555.80","3113728.00","24.73","24.44","0.29","1476.04","78.59","1432.65","1507.87","49.14","131.72","137.34","57.99"
"Tue Feb 24 2026 00:00:00 GMT+0530 (India Standard Time)","1553.70","1564.00","1536.40","1555.40","1360612.00","25.01","24.55","0.46","1476.70","77.54","1433.90","1516.55","48.56","131.68","137.29","57.92"
"Wed Feb 25 2026 00:00:00 GMT+0530 (India Standard Time)","1567.00","1584.00","1518.50","1528.70","2153982.00","22.81","24.20","-1.39","1477.02","27.93","1434.73","1522.09","12.27","131.68","137.25","53.29"
"Thu Feb 26 2026 00:00:00 GMT+0530 (India Standard Time)","1537.60","1554.60","1526.00","1550.60","1353287.00","22.58","23.88","-1.30","1478.05","64.84","1435.64","1528.63","41.98","133.57","137.22","56.37"
"Fri Feb 27 2026 00:00:00 GMT+0530 (India Standard Time)","1545.00","1545.10","1516.20","1521.00","1596106.00","19.77","23.06","-3.28","1478.74","27.19","1436.38","1537.44","0","133.57","137.19","51.43"
"Mon Mar 02 2026 00:00:00 GMT+0530 (India Standard Time)","1462.00","1497.30","1430.00","1470.30","4207514.00","13.31","21.11","-7.80","1478.24","9.10","1436.70","1540.80","0","133.57","137.16","44.27"
"Wed Mar 04 2026 00:00:00 GMT+0530 (India Standard Time)","1435.00","1450.50","1409.00","1434.40","3386838.00","5.23","17.93","-12.70","1477.00","4.68","1436.84","1535.98","0","130.31","137.11","40.03"
"Thu Mar 05 2026 00:00:00 GMT+0530 (India Standard Time)","1447.20","1505.50","1447.20","1499.30","3236481.00","4.01","15.15","-11.13","1476.81","65.39","1437.34","1532.55","44.74","136.20","137.10","49.46"
"Fri Mar 06 2026 00:00:00 GMT+0530 (India Standard Time)","1489.00","1497.80","1470.00","1477.50","2576061.00","1.28","12.37","-11.09","1476.49","45.80","1437.81","1527.91","32.11","134.22","137.08","46.80"
"Mon Mar 09 2026 00:00:00 GMT+0530 (India Standard Time)","1405.00","1436.10","1405.00","1421.30","4874245.00","-5.36","8.83","-14.19","1475.03","17.99","1437.99","1521.44","3.25","134.22","137.06","40.71"
"Tue Mar 10 2026 00:00:00 GMT+0530 (India Standard Time)","1450.00","1470.30","1416.50","1424.10","2706284.00","-10.28","5.01","-15.29","1473.77","22.67","1438.25","1514.56","5.97","134.49","137.04","41.12"
"Wed Mar 11 2026 00:00:00 GMT+0530 (India Standard Time)","1425.00","1454.90","1405.70","1410.80","2212011.00","-15.08","0.99","-16.07","1472.89","14.70","1438.33","1507.37","0","133.23","137.01","39.72"
"Thu Mar 12 2026 00:00:00 GMT+0530 (India Standard Time)","1402.50","1418.60","1375.30","1391.50","2699173.00","-20.20","-3.25","-16.95","1471.50","7.28","1438.29","1499.27","0","133.23","136.98","37.70"
"Fri Mar 13 2026 00:00:00 GMT+0530 (India Standard Time)","1388.70","1390.00","1354.00","1363.20","2688559.00","-26.25","-7.85","-18.40","1469.37","2.93","1438.08","1490.24","0","130.52","136.93","34.90"
"Mon Mar 16 2026 00:00:00 GMT+0530 (India Standard Time)","1356.60","1383.10","1347.00","1373.90","3322087.00","-29.83","-12.25","-17.58","1467.22","33.12","1437.90","1482.99","8.30","130.52","136.88","36.81"
"Tue Mar 17 2026 00:00:00 GMT+0530 (India Standard Time)","1379.00","1379.00","1351.20","1365.50","2605905.00","-32.97","-16.39","-16.58","1464.74","22.25","1437.53","1474.26","4.75","129.73","136.82","35.92"
"Wed Mar 18 2026 00:00:00 GMT+0530 (India Standard Time)","1367.10","1411.10","1367.10","1401.90","1956685.00","-32.15","-19.54","-12.60","1462.92","79.77","1437.38","1466.04","35.05","133.18","136.80","42.42"
"Thu Mar 19 2026 00:00:00 GMT+0530 (India Standard Time)","1377.00","1379.60","1350.50","1356.00","2160622.00","-34.80","-22.59","-12.20","1460.58","27.84","1436.82","1456.30","14.42","133.18","136.77","37.28"
"Fri Mar 20 2026 00:00:00 GMT+0530 (India Standard Time)","1364.90","1393.50","1358.00","1365.40","4213342.00","-35.73","-25.22","-10.51","1458.58","43.03","1436.48","1448.91","27.58","133.18","136.74","38.92"
"Mon Mar 23 2026 00:00:00 GMT+0530 (India Standard Time)","1350.00","1350.00","1293.50","1303.60","3361416.00","-40.98","-28.37","-12.61","1455.35","11.42","1435.82","1438.51","0","127.16","136.66","32.86"
"Tue Mar 24 2026 00:00:00 GMT+0530 (India Standard Time)","1343.00","1361.00","1313.60","1344.20","3132212.00","-41.39","-30.97","-10.41","1453.51","54.93","1435.26","1427.93","40.10","131.12","136.62","39.52"
"Wed Mar 25 2026 00:00:00 GMT+0530 (India Standard Time)","1359.70","1392.70","1354.80","1375.90","1856531.00","-38.71","-32.52","-6.19","1452.16","74.49","1434.78","1418.96","81.15","134.21","136.60","44.17"
"Fri Mar 27 2026 00:00:00 GMT+0530 (India Standard Time)","1375.00","1375.00","1330.10","1337.80","2667313.00","-39.21","-33.86","-5.35","1450.35","36.45","1434.13","1409.41","64.62","134.21","136.58","40.17"
"Mon Mar 30 2026 00:00:00 GMT+0530 (India Standard Time)","1325.00","1337.30","1307.10","1312.60","2856500.00","-41.16","-35.32","-5.84","1448.00","21.76","1433.32","1397.51","43.10","134.21","136.56","37.74"
"Wed Apr 01 2026 00:00:00 GMT+0530 (India Standard Time)","1351.20","1405.40","1348.70","1385.40","3684039.00","-36.42","-35.54","-0.88","1447.27","76.50","1432.97","1390.73","100.00","134.21","136.55","47.62"
"Thu Apr 02 2026 00:00:00 GMT+0530 (India Standard Time)","1354.40","1384.20","1332.60","1377.60","3210456.00","-32.91","-35.01","2.11","1446.76","66.53","1432.63","1386.10","94.20","133.45","136.52","46.76"
"Mon Apr 06 2026 00:00:00 GMT+0530 (India Standard Time)","1379.80","1391.80","1348.10","1387.10","2519628.00","-29.02","-33.81","4.79","1447.15","74.59","1432.54","1383.73","100.00","134.37","136.51","47.99"
"Tue Apr 07 2026 00:00:00 GMT+0530 (India Standard Time)","1375.00","1390.00","1368.40","1381.00","1812944.00","-26.14","-32.28","6.14","1447.20","56.96","1432.44","1377.82","95.02","133.78","136.48","47.23"
"Wed Apr 08 2026 00:00:00 GMT+0530 (India Standard Time)","1464.90","1505.70","1449.00","1453.30","7636467.00","-17.81","-29.38","11.58","1447.98","93.48","1432.75","1376.61","100.00","133.78","136.46","56.03"
"Thu Apr 09 2026 00:00:00 GMT+0530 (India Standard Time)","1437.00","1456.20","1415.20","1447.40","3159307.00","-11.55","-25.82","14.27","1450.76","82.11","1433.12","1377.91","96.51","133.24","136.44","55.22"
"Fri Apr 10 2026 00:00:00 GMT+0530 (India Standard Time)","1442.00","1478.10","1438.30","1475.30","4026881.00","-4.29","-21.51","17.22","1452.99","91.68","1433.81","1380.47","100.00","133.24","136.41","58.29"
"Mon Apr 13 2026 00:00:00 GMT+0530 (India Standard Time)","1426.80","1477.90","1421.00","1465.30","3629785.00","0.65","-17.08","17.73","1454.66","66.27","1434.39","1383.20","94.09","132.33","136.38","56.79"
"Wed Apr 15 2026 00:00:00 GMT+0530 (India Standard Time)","1484.30","1515.00","1480.90","1511.80","4415637.00","8.22","-12.02","20.24","1456.54","90.57","1435.17","1389.21","100.00","132.33","136.35","61.73"
"Thu Apr 16 2026 00:00:00 GMT+0530 (India Standard Time)","1524.90","1555.80","1510.00","1549.80","7476052.00","17.09","-6.20","23.29","1459.14","95.67","1435.97","1398.54","100.00","132.33","136.32","65.23"
"Fri Apr 17 2026 00:00:00 GMT+0530 (India Standard Time)","1559.00","1578.50","1549.20","1573.40","6024587.00","25.72","0.18","25.54","1463.71","97.41","1436.87","1408.52","100.00","134.35","136.30","67.23"
"Mon Apr 20 2026 00:00:00 GMT+0530 (India Standard Time)","1572.40","1600.50","1566.10","1578.40","2998603.00","32.60","6.67","25.93","1467.21","97.79","1437.62","1419.16","100.00","134.78","136.29","67.65"
"Tue Apr 21 2026 00:00:00 GMT+0530 (India Standard Time)","1578.50","1611.90","1578.40","1594.10","4276868.00","38.86","13.11","25.76","1468.48","98.84","1438.39","1428.77","100.00","134.78","136.28","69.01"
"Wed Apr 22 2026 00:00:00 GMT+0530 (India Standard Time)","1588.90","1603.40","1582.00","1588.60","1918773.00","42.89","19.06","23.83","1468.89","74.07","1439.08","1440.40","95.16","134.31","136.26","67.94"
"Thu Apr 23 2026 00:00:00 GMT+0530 (India Standard Time)","1575.00","1611.00","1566.20","1602.90","2406876.00","46.70","24.59","22.11","1469.55","88.74","1439.86","1452.28","100.00","134.31","136.25","69.28"
"Fri Apr 24 2026 00:00:00 GMT+0530 (India Standard Time)","1612.00","1618.80","1556.50","1585.10","2290223.00","47.73","29.22","18.51","1470.23","36.84","1440.57","1466.35","83.30","132.82","136.22","65.60"
"Mon Apr 27 2026 00:00:00 GMT+0530 (India Standard Time)","1600.00","1649.90","1593.00","1628.50","3787783.00","51.45","33.66","17.79","1471.57","83.60","1441.55","1480.57","100.00","132.82","136.19","69.81"
"Tue Apr 28 2026 00:00:00 GMT+0530 (India Standard Time)","1628.40","1648.00","1624.50","1637.60","2500914.00","54.51","37.83","16.68","1473.23","87.49","1442.62","1493.65","100.00","133.56","136.17","70.62"
"Wed Apr 29 2026 00:00:00 GMT+0530 (India Standard Time)","1645.00","1672.00","1644.90","1661.10","2345365.00","58.16","41.90","16.26","1475.38","94.37","1443.75","1509.81","100.00","135.48","136.17","72.67"
"Thu Apr 30 2026 00:00:00 GMT+0530 (India Standard Time)","1650.00","1677.00","1596.80","1657.30","6313698.00","60.05","45.53","14.52","1477.65","80.12","1444.79","1527.05","94.52","135.48","136.16","71.80"
"Mon May 04 2026 00:00:00 GMT+0530 (India Standard Time)","1702.00","1748.60","1687.30","1742.60","7171346.00","67.66","49.96","17.70","1482.13","97.45","1446.29","1544.91","100.00","135.48","136.16","78.13"
"Tue May 05 2026 00:00:00 GMT+0530 (India Standard Time)","1749.80","1757.40","1718.70","1725.00","4357699.00","71.44","54.25","17.19","1485.82","71.67","1447.70","1562.28","77.36","134.11","136.14","74.42"
"Wed May 06 2026 00:00:00 GMT+0530 (India Standard Time)","1750.00","1762.40","1718.60","1748.30","3001204.00","75.45","58.49","16.96","1489.46","83.34","1449.28","1580.34","83.81","135.92","136.14","76.04"
"Thu May 07 2026 00:00:00 GMT+0530 (India Standard Time)","1748.30","1755.90","1708.00","1732.80","3280485.00","76.49","62.09","14.40","1493.10","53.84","1450.78","1597.93","56.95","135.92","136.14","72.73"
"Fri May 08 2026 00:00:00 GMT+0530 (India Standard Time)","1740.40","1792.00","1727.70","1760.40","4984856.00","78.64","65.40","13.24","1498.05","79.58","1452.36","1613.29","73.69","135.92","136.14","74.83"
"Mon May 11 2026 00:00:00 GMT+0530 (India Standard Time)","1757.10","1785.60","1733.10","1767.30","4111229.00","79.98","68.32","11.66","1503.16","84.03","1453.91","1629.28","77.77","136.46","136.14","75.34"
"Tue May 12 2026 00:00:00 GMT+0530 (India Standard Time)","1752.00","1765.90","1683.20","1688.20","3441070.00","73.80","69.41","4.39","1505.81","14.01","1455.09","1639.92","0","130.35","136.09","60.24"
"Wed May 13 2026 00:00:00 GMT+0530 (India Standard Time)","1688.20","1752.30","1688.00","1737.80","3018421.00","72.08","69.95","2.13","1509.46","57.95","1456.56","1653.55","26.50","134.18","136.08","64.98"
"Thu May 14 2026 00:00:00 GMT+0530 (India Standard Time)","1761.00","1782.50","1745.40","1773.40","3051398.00","72.75","70.51","2.24","1514.35","75.74","1458.18","1666.63","43.01","134.18","136.06","67.94"
"Fri May 15 2026 00:00:00 GMT+0530 (India Standard Time)","1796.80","1823.90","1766.20","1795.10","5622212.00","74.18","71.24","2.94","1519.24","84.00","1460.05","1678.89","52.42","134.18","136.05","69.62"
"Mon May 18 2026 00:00:00 GMT+0530 (India Standard Time)","1785.50","1793.00","1745.00","1787.70","2562978.00","73.86","71.77","2.09","1524.58","68.18","1461.88","1689.61","45.06","133.62","136.03","68.30"
"Tue May 19 2026 00:00:00 GMT+0530 (India Standard Time)","1790.80","1805.00","1758.80","1762.80","2274987.00","70.78","71.57","-0.79","1530.43","30.06","1463.64","1698.83","20.57","131.76","136.00","63.92"
"Wed May 20 2026 00:00:00 GMT+0530 (India Standard Time)","1749.00","1777.80","1744.30","1772.60","1283223.00","68.35","70.92","-2.58","1537.19","51.43","1465.52","1707.75","25.91","132.50","135.97","64.88"
"Thu May 21 2026 00:00:00 GMT+0530 (India Standard Time)","1781.40","1800.80","1776.80","1793.30","1628329.00","67.31","70.20","-2.89","1543.07","78.80","1467.61","1717.99","37.06","132.50","135.94","66.87"
"Fri May 22 2026 00:00:00 GMT+0530 (India Standard Time)","1793.30","1802.30","1780.50","1786.90","1487044.00","65.22","69.21","-3.98","1549.26","58.44","1469.56","1727.19","34.11","132.02","135.91","65.63"
"Mon May 25 2026 00:00:00 GMT+0530 (India Standard Time)","1809.00","1813.30","1793.00","1802.90","1516143.00","64.12","68.19","-4.07","1556.89","81.87","1471.61","1738.08","44.46","132.02","135.88","67.27"
"Tue May 26 2026 00:00:00 GMT+0530 (India Standard Time)","1805.00","1820.50","1800.00","1811.20","2104926.00","63.19","67.19","-4.00","1564.63","88.56","1473.80","1747.21","52.12","132.02","135.85","68.11"
"Wed May 27 2026 00:00:00 GMT+0530 (India Standard Time)","1810.00","1842.80","1809.90","1824.50","2102406.00","62.79","66.31","-3.51","1572.91","94.76","1476.18","1756.56","61.15","132.99","135.83","69.48"
"Fri May 29 2026 00:00:00 GMT+0530 (India Standard Time)","1836.40","1840.70","1796.40","1804.60","3554087.00","60.19","65.08","-4.90","1581.17","36.15","1478.26","1763.73","31.49","132.99","135.81","65.00"