"Date","Open","High","Low","Close","Volume","MACD ‌macd‌ (12,26,9)","Signal ‌macd‌ (12,26,9)","‌macd‌ (12,26,9)_hist","MA ‌ma‌ (50,ma,0,n)","RSI ‌rsi‌ (2)","MA ‌ma‌ (200,ma,0)","MA ‌ma‌ (20,ma,0)","StoRSI ‌dsStoRSI‌ (14,C,80,20,y)","Index ‌Neg Vol‌ (255,ema)","MA ‌Neg Vol‌ (255,ema)","RSI ‌rsi‌ (14)","VWAP ‌VWAP‌ (n,n,n)"
"Thu Apr 02 2026 13:15:00 GMT+0530 (India Standard Time)","1354.90","1365.00","1354.90","1364.90","104823.00","-3.29","-4.94","1.65","1361.92","96.81","1350.54","1352.81","100.00","88.06","89.45","56.36","1345.58"
"Thu Apr 02 2026 13:30:00 GMT+0530 (India Standard Time)","1364.90","1368.00","1361.30","1367.70","65689.00","-1.96","-4.34","2.38","1362.83","97.82","1350.56","1352.03","100.00","88.24","89.44","58.36","1346.35"
"Thu Apr 02 2026 13:45:00 GMT+0530 (India Standard Time)","1367.30","1370.00","1361.20","1363.80","82063.00","-1.20","-3.71","2.51","1363.71","51.95","1350.55","1351.04","82.70","88.24","89.43","54.61","1347.21"
"Thu Apr 02 2026 14:00:00 GMT+0530 (India Standard Time)","1363.80","1369.70","1361.40","1369.60","74906.00","-0.13","-3.00","2.87","1364.73","79.94","1350.57","1350.22","100.00","88.62","89.43","58.85","1348.00"
"Thu Apr 02 2026 14:15:00 GMT+0530 (India Standard Time)","1369.50","1373.00","1369.00","1370.30","148101.00","0.76","-2.25","3.01","1365.81","82.41","1350.61","1351.94","100.00","88.62","89.42","59.34","1349.68"
"Thu Apr 02 2026 14:30:00 GMT+0530 (India Standard Time)","1370.30","1372.40","1366.10","1368.10","455942.00","1.28","-1.54","2.82","1366.84","46.43","1350.63","1353.50","89.79","88.62","89.42","57.03","1353.23"
"Thu Apr 02 2026 14:45:00 GMT+0530 (India Standard Time)","1368.60","1377.80","1367.60","1376.60","133695.00","2.35","-0.76","3.11","1368.15","87.75","1350.73","1355.46","100.00","89.17","89.41","63.02","1354.30"
"Thu Apr 02 2026 15:00:00 GMT+0530 (India Standard Time)","1377.40","1384.20","1375.10","1378.50","331906.00","3.31","0.05","3.26","1369.43","90.89","1350.86","1357.14","100.00","89.17","89.41","64.22","1357.13"
"Thu Apr 02 2026 15:15:00 GMT+0530 (India Standard Time)","1378.70","1380.90","1370.70","1380.00","266632.00","4.15","0.87","3.28","1370.73","93.52","1350.96","1358.84","100.00","89.27","89.41","65.18","1358.80"
"Mon Apr 06 2026 09:15:00 GMT+0530 (India Standard Time)","1379.80","1384.90","1354.50","1362.10","270337.00","3.32","1.36","1.96","1370.37","11.87","1350.90","1359.55","35.78","89.27","89.41","48.45","1367.17"
"Mon Apr 06 2026 09:30:00 GMT+0530 (India Standard Time)","1361.10","1371.60","1355.20","1360.50","167231.00","2.52","1.59","0.92","1370.08","10.27","1350.82","1360.27","0","89.16","89.41","47.28","1365.36"
"Mon Apr 06 2026 09:45:00 GMT+0530 (India Standard Time)","1360.10","1362.00","1348.10","1350.80","156043.00","1.08","1.49","-0.41","1369.52","3.89","1350.68","1360.49","0","88.53","89.40","40.85","1362.28"
"Mon Apr 06 2026 10:00:00 GMT+0530 (India Standard Time)","1350.80","1360.70","1349.40","1360.70","114401.00","0.73","1.34","-0.61","1369.18","57.61","1350.59","1361.30","31.62","89.18","89.40","48.54","1361.41"
"Mon Apr 06 2026 10:15:00 GMT+0530 (India Standard Time)","1360.70","1363.70","1352.80","1353.90","74405.00","-0.09","1.05","-1.14","1368.72","32.59","1350.47","1361.70","14.11","88.73","89.39","44.28","1360.97"
"Mon Apr 06 2026 10:30:00 GMT+0530 (India Standard Time)","1353.90","1361.60","1351.10","1360.80","81122.00","-0.18","0.81","-0.99","1368.32","64.17","1350.40","1362.23","34.15","88.73","89.39","49.16","1360.68"
"Mon Apr 06 2026 10:45:00 GMT+0530 (India Standard Time)","1360.80","1362.00","1354.30","1356.80","60562.00","-0.57","0.53","-1.10","1367.85","41.58","1350.29","1362.71","23.68","88.47","89.38","46.61","1360.48"
"Mon Apr 06 2026 11:00:00 GMT+0530 (India Standard Time)","1356.80","1357.30","1351.30","1353.50","82626.00","-1.14","0.20","-1.33","1367.36","26.31","1350.16","1363.11","15.25","88.47","89.37","44.56","1359.95"
"Mon Apr 06 2026 11:15:00 GMT+0530 (India Standard Time)","1353.50","1360.90","1352.00","1360.40","72901.00","-1.01","-0.05","-0.97","1366.96","70.95","1350.02","1363.40","35.79","88.92","89.37","49.56","1359.81"
"Mon Apr 06 2026 11:30:00 GMT+0530 (India Standard Time)","1360.40","1361.80","1355.10","1357.50","39146.00","-1.14","-0.26","-0.87","1366.50","47.01","1349.88","1363.57","27.81","88.73","89.37","47.62","1359.75"
"Mon Apr 06 2026 11:45:00 GMT+0530 (India Standard Time)","1357.10","1360.80","1355.70","1357.50","47644.00","-1.22","-0.45","-0.77","1366.01","47.01","1349.78","1363.70","27.81","88.73","89.36","47.62","1359.68"
"Mon Apr 06 2026 12:00:00 GMT+0530 (India Standard Time)","1357.50","1358.90","1356.20","1357.40","44141.00","-1.28","-0.62","-0.66","1365.26","44.92","1349.69","1363.33","27.50","88.72","89.36","47.54","1359.60"
"Mon Apr 06 2026 12:15:00 GMT+0530 (India Standard Time)","1357.40","1363.00","1356.70","1362.60","50027.00","-0.90","-0.68","-0.22","1364.46","90.21","1349.66","1363.07","44.88","88.72","89.35","51.77","1359.64"
"Mon Apr 06 2026 12:30:00 GMT+0530 (India Standard Time)","1362.60","1364.00","1357.70","1363.40","86076.00","-0.52","-0.65","0.12","1363.71","92.18","1349.62","1363.05","100.00","88.72","89.35","52.40","1359.78"
"Mon Apr 06 2026 12:45:00 GMT+0530 (India Standard Time)","1363.00","1370.30","1363.00","1369.70","125451.00","0.28","-0.46","0.74","1363.07","98.13","1349.61","1363.06","100.00","88.72","89.34","57.19","1360.45"
"Mon Apr 06 2026 13:00:00 GMT+0530 (India Standard Time)","1369.80","1373.60","1365.80","1373.60","71128.00","1.21","-0.13","1.34","1362.54","99.04","1349.61","1363.22","100.00","88.98","89.34","59.88","1360.93"
"Mon Apr 06 2026 13:15:00 GMT+0530 (India Standard Time)","1373.90","1380.60","1371.90","1379.70","172834.00","2.42","0.38","2.04","1362.17","99.62","1349.63","1363.80","100.00","88.98","89.34","63.72","1362.59"
"Mon Apr 06 2026 13:30:00 GMT+0530 (India Standard Time)","1380.00","1384.00","1378.40","1379.40","82979.00","3.31","0.97","2.34","1362.06","94.04","1349.66","1363.94","98.35","88.96","89.33","63.39","1363.42"
"Mon Apr 06 2026 13:45:00 GMT+0530 (India Standard Time)","1378.80","1382.80","1377.80","1381.60","58515.00","4.15","1.61","2.54","1361.94","96.73","1349.72","1364.10","100.00","89.10","89.33","64.80","1363.97"
"Mon Apr 06 2026 14:00:00 GMT+0530 (India Standard Time)","1382.20","1387.00","1381.00","1387.00","99287.00","5.19","2.32","2.87","1361.86","98.98","1349.82","1364.45","100.00","89.10","89.33","68.03","1365.04"
"Mon Apr 06 2026 14:15:00 GMT+0530 (India Standard Time)","1386.80","1391.80","1384.70","1387.90","140428.00","6.02","3.06","2.96","1361.82","99.17","1349.92","1365.74","100.00","89.10","89.33","68.55","1366.58"
"Mon Apr 06 2026 14:30:00 GMT+0530 (India Standard Time)","1387.90","1389.70","1380.30","1381.00","101530.00","6.05","3.66","2.39","1361.77","25.67","1350.02","1366.76","61.45","88.66","89.32","60.45","1367.37"
"Mon Apr 06 2026 14:45:00 GMT+0530 (India Standard Time)","1381.60","1382.90","1377.00","1380.20","61274.00","5.94","4.11","1.82","1361.71","21.91","1350.11","1368.23","57.26","88.60","89.32","59.57","1367.71"
"Mon Apr 06 2026 15:00:00 GMT+0530 (India Standard Time)","1380.50","1389.20","1380.00","1388.60","103841.00","6.45","4.58","1.87","1361.81","80.86","1350.22","1369.63","84.43","88.60","89.31","65.28","1368.51"
"Mon Apr 06 2026 15:15:00 GMT+0530 (India Standard Time)","1388.90","1390.60","1385.00","1390.10","142752.00","6.90","5.05","1.86","1361.89","84.92","1350.33","1371.44","88.80","88.60","89.31","66.20","1369.66"
"Tue Apr 07 2026 09:15:00 GMT+0530 (India Standard Time)","1375.00","1390.00","1368.40","1389.00","170538.00","7.09","5.45","1.64","1362.95","64.76","1350.62","1372.85","77.91","88.60","89.30","64.84","1382.47"
"Tue Apr 07 2026 09:30:00 GMT+0530 (India Standard Time)","1389.40","1389.40","1374.20","1374.70","89707.00","6.01","5.57","0.45","1363.71","9.03","1350.87","1373.74","0","87.69","89.29","50.41","1381.42"
"Tue Apr 07 2026 09:45:00 GMT+0530 (India Standard Time)","1374.70","1381.00","1374.10","1380.40","52524.00","5.56","5.57","-0.01","1364.57","46.04","1351.22","1375.09","23.84","88.06","89.28","54.74","1380.93"
"Tue Apr 07 2026 10:00:00 GMT+0530 (India Standard Time)","1380.50","1384.80","1380.00","1382.30","49528.00","5.29","5.51","-0.22","1365.32","57.56","1351.63","1376.18","31.42","88.18","89.27","56.11","1381.13"
"Tue Apr 07 2026 10:15:00 GMT+0530 (India Standard Time)","1382.30","1386.70","1380.90","1384.50","50337.00","5.19","5.45","-0.25","1366.09","71.59","1352.05","1377.53","40.24","88.18","89.26","57.71","1381.48"
"Tue Apr 07 2026 10:30:00 GMT+0530 (India Standard Time)","1384.50","1384.90","1379.50","1383.90","27459.00","5.01","5.36","-0.35","1366.81","60.65","1352.47","1378.85","36.87","88.14","89.25","57.10","1381.56"
"Tue Apr 07 2026 10:45:00 GMT+0530 (India Standard Time)","1384.40","1384.40","1369.60","1370.30","79708.00","3.73","5.03","-1.31","1367.29","7.65","1352.84","1379.50","0","88.14","89.24","45.36","1380.52"
"Tue Apr 07 2026 11:00:00 GMT+0530 (India Standard Time)","1370.50","1373.80","1370.00","1371.40","42515.00","2.77","4.58","-1.81","1367.79","19.09","1353.20","1379.94","4.14","88.21","89.23","46.32","1379.86"
"Tue Apr 07 2026 11:15:00 GMT+0530 (India Standard Time)","1371.80","1377.50","1371.30","1377.50","56186.00","2.47","4.16","-1.69","1368.45","65.91","1353.59","1380.64","26.15","88.21","89.23","51.43","1379.45"
"Tue Apr 07 2026 11:30:00 GMT+0530 (India Standard Time)","1377.00","1378.20","1373.60","1375.20","31348.00","2.02","3.73","-1.71","1369.04","45.89","1353.95","1380.92","19.93","88.06","89.22","49.52","1379.27"
"Tue Apr 07 2026 11:45:00 GMT+0530 (India Standard Time)","1375.20","1381.40","1374.90","1379.70","40437.00","2.01","3.39","-1.38","1369.63","75.28","1354.29","1381.22","37.52","88.06","89.21","53.18","1379.24"
"Tue Apr 07 2026 12:00:00 GMT+0530 (India Standard Time)","1379.60","1379.80","1373.40","1375.80","27922.00","1.67","3.04","-1.38","1370.20","38.77","1354.63","1381.03","21.32","87.81","89.20","49.81","1379.12"
"Tue Apr 07 2026 12:15:00 GMT+0530 (India Standard Time)","1375.60","1375.90","1373.40","1375.30","31501.00","1.34","2.70","-1.36","1370.80","34.49","1354.98","1380.82","19.25","87.81","89.19","49.37","1378.94"
"Tue Apr 07 2026 12:30:00 GMT+0530 (India Standard Time)","1375.30","1376.40","1373.50","1375.20","18841.00","1.06","2.37","-1.32","1371.21","33.03","1355.31","1380.50","20.11","87.81","89.18","49.28","1378.85"
"Tue Apr 07 2026 12:45:00 GMT+0530 (India Standard Time)","1375.20","1375.40","1372.50","1373.00","28169.00","0.65","2.03","-1.38","1371.59","11.53","1355.65","1379.80","14.81","87.81","89.17","47.19","1378.66"
"Tue Apr 07 2026 13:00:00 GMT+0530 (India Standard Time)","1373.00","1376.20","1372.90","1374.40","25909.00","0.43","1.71","-1.27","1371.98","51.61","1356.00","1379.13","26.88","87.90","89.16","48.68","1378.53"
"Tue Apr 07 2026 13:15:00 GMT+0530 (India Standard Time)","1374.70","1376.30","1374.00","1375.90","30332.00","0.38","1.44","-1.06","1372.20","75.45","1356.36","1378.87","39.99","87.90","89.15","50.30","1378.42"
"Tue Apr 07 2026 13:30:00 GMT+0530 (India Standard Time)","1375.90","1382.10","1375.50","1382.00","65006.00","0.82","1.32","-0.50","1372.48","95.10","1356.73","1378.96","88.83","87.90","89.14","56.33","1378.52"
"Tue Apr 07 2026 13:45:00 GMT+0530 (India Standard Time)","1382.00","1382.50","1374.30","1375.90","45975.00","0.67","1.19","-0.52","1372.72","36.57","1357.04","1378.33","37.98","87.51","89.12","49.82","1378.48"
"Tue Apr 07 2026 14:00:00 GMT+0530 (India Standard Time)","1376.00","1378.80","1374.60","1376.70","34780.00","0.61","1.07","-0.46","1372.87","45.38","1357.38","1377.66","47.99","87.56","89.11","50.63","1378.42"
"Tue Apr 07 2026 14:15:00 GMT+0530 (India Standard Time)","1376.70","1378.10","1374.60","1377.00","32720.00","0.58","0.97","-0.40","1373.00","50.54","1357.72","1377.06","46.18","87.58","89.10","50.95","1378.36"
"Tue Apr 07 2026 14:30:00 GMT+0530 (India Standard Time)","1377.00","1380.00","1375.00","1378.50","87233.00","0.66","0.91","-0.25","1373.21","74.56","1358.08","1377.25","59.06","87.58","89.09","52.59","1378.32"
"Tue Apr 07 2026 14:45:00 GMT+0530 (India Standard Time)","1378.50","1380.70","1377.60","1380.10","128501.00","0.85","0.90","-0.05","1373.28","87.50","1358.44","1377.23","78.31","87.58","89.08","54.35","1378.43"
"Tue Apr 07 2026 15:00:00 GMT+0530 (India Standard Time)","1380.10","1383.50","1378.90","1380.20","250096.00","1.00","0.92","0.08","1373.31","88.25","1358.83","1377.13","79.55","87.58","89.06","54.46","1378.84"
"Tue Apr 07 2026 15:15:00 GMT+0530 (India Standard Time)","1380.20","1382.90","1379.40","1382.00","299273.00","1.25","0.99","0.26","1373.35","96.27","1359.20","1377.00","100.00","87.58","89.05","56.56","1379.27"
"Wed Apr 08 2026 09:15:00 GMT+0530 (India Standard Time)","1464.90","1485.70","1452.80","1475.00","837159.00","8.85","2.56","6.29","1375.61","99.95","1359.91","1381.56","100.00","87.58","89.04","87.81","1471.17"
"Wed Apr 08 2026 09:30:00 GMT+0530 (India Standard Time)","1474.30","1479.60","1468.30","1479.60","277422.00","15.06","5.06","10.01","1377.99","99.95","1360.66","1387.02","100.00","87.85","89.03","88.26","1472.33"
"Wed Apr 08 2026 09:45:00 GMT+0530 (India Standard Time)","1479.60","1487.80","1471.30","1473.30","489284.00","19.26","7.90","11.36","1380.44","80.38","1361.37","1392.12","88.91","87.85","89.02","83.70","1473.90"
"Wed Apr 08 2026 10:00:00 GMT+0530 (India Standard Time)","1473.50","1477.20","1457.10","1457.40","353525.00","21.06","10.53","10.53","1382.38","40.43","1362.03","1396.11","62.47","86.90","89.01","73.40","1472.09"
"Wed Apr 08 2026 10:15:00 GMT+0530 (India Standard Time)","1456.80","1469.30","1453.30","1468.50","339381.00","23.12","13.05","10.07","1384.67","64.83","1362.74","1400.78","67.21","87.57","88.99","75.66","1470.85"
"Wed Apr 08 2026 10:30:00 GMT+0530 (India Standard Time)","1468.60","1505.70","1468.50","1484.30","1576123.00","25.73","15.59","10.14","1387.14","83.77","1363.54","1406.01","74.49","87.57","88.98","78.45","1477.08"
"Wed Apr 08 2026 10:45:00 GMT+0530 (India Standard Time)","1484.50","1485.50","1459.20","1464.00","719064.00","25.86","17.64","8.22","1389.28","35.15","1364.28","1410.42","46.50","86.37","88.96","67.69","1475.91"
"Wed Apr 08 2026 11:00:00 GMT+0530 (India Standard Time)","1464.00","1467.50","1455.20","1458.80","357246.00","25.25","19.16","6.09","1391.39","27.09","1364.99","1414.59","38.79","86.06","88.94","65.22","1474.79"
"Wed Apr 08 2026 11:15:00 GMT+0530 (India Standard Time)","1458.80","1465.50","1458.40","1465.20","202260.00","25.00","20.33","4.67","1393.48","53.39","1365.72","1419.09","42.57","86.44","88.92","66.83","1474.33"
"Wed Apr 08 2026 11:30:00 GMT+0530 (India Standard Time)","1465.20","1465.30","1449.00","1452.30","415320.00","23.49","20.96","2.53","1395.38","21.76","1366.34","1423.06","22.88","86.44","88.90","60.75","1472.93"
"Wed Apr 08 2026 11:45:00 GMT+0530 (India Standard Time)","1452.30","1457.00","1451.30","1454.80","117835.00","22.24","21.22","1.02","1397.33","36.37","1366.94","1427.08","21.03","86.59","88.88","61.48","1472.55"
"Wed Apr 08 2026 12:00:00 GMT+0530 (India Standard Time)","1454.50","1457.60","1451.20","1452.50","124305.00","20.82","21.14","-0.32","1399.23","27.07","1367.55","1430.91","17.47","86.59","88.87","60.37","1472.14"
"Wed Apr 08 2026 12:15:00 GMT+0530 (India Standard Time)","1452.50","1453.20","1450.60","1452.30","99783.00","19.45","20.80","-1.35","1401.02","25.91","1368.09","1434.42","11.69","86.58","88.85","60.26","1471.80"
"Wed Apr 08 2026 12:30:00 GMT+0530 (India Standard Time)","1452.30","1455.10","1450.00","1454.20","177759.00","18.31","20.30","-1.99","1402.84","59.05","1368.60","1438.34","2.42","86.58","88.83","60.94","1471.26"
"Wed Apr 08 2026 12:45:00 GMT+0530 (India Standard Time)","1454.20","1459.50","1454.00","1457.00","138401.00","17.44","19.73","-2.29","1404.58","82.33","1369.10","1442.35","6.09","86.74","88.81","61.97","1470.94"
"Wed Apr 08 2026 13:00:00 GMT+0530 (India Standard Time)","1457.00","1458.00","1455.20","1456.40","62089.00","16.50","19.08","-2.58","1406.24","66.20","1369.62","1446.32","5.68","86.71","88.80","61.60","1470.79"
"Wed Apr 08 2026 13:15:00 GMT+0530 (India Standard Time)","1456.40","1457.80","1453.80","1455.90","66998.00","15.54","18.38","-2.83","1407.76","49.90","1370.13","1450.19","5.49","86.71","88.78","61.26","1470.64"
"Wed Apr 08 2026 13:30:00 GMT+0530 (India Standard Time)","1455.90","1458.70","1454.40","1456.90","75557.00","14.69","17.64","-2.95","1409.31","74.76","1370.64","1454.03","7.94","86.71","88.76","61.71","1470.47"
"Wed Apr 08 2026 13:45:00 GMT+0530 (India Standard Time)","1456.90","1457.50","1452.20","1455.40","86446.00","13.74","16.86","-3.12","1410.79","30.04","1371.18","1457.79","1.76","86.71","88.75","60.58","1470.27"
"Wed Apr 08 2026 14:00:00 GMT+0530 (India Standard Time)","1455.40","1456.80","1452.00","1453.50","99222.00","12.68","16.02","-3.34","1412.12","11.94","1371.72","1461.37","0","86.71","88.73","59.12","1470.03"
"Wed Apr 08 2026 14:15:00 GMT+0530 (India Standard Time)","1453.50","1455.00","1452.90","1453.80","53727.00","11.74","15.17","-3.43","1413.44","26.02","1372.26","1460.31","2.18","86.72","88.72","59.28","1469.90"
"Wed Apr 08 2026 14:30:00 GMT+0530 (India Standard Time)","1453.60","1454.50","1450.10","1453.60","159465.00","10.85","14.30","-3.46","1414.89","21.45","1372.82","1459.01","0","86.72","88.70","59.11","1469.49"
"Wed Apr 08 2026 14:45:00 GMT+0530 (India Standard Time)","1453.60","1455.70","1451.00","1453.30","77242.00","10.00","13.44","-3.44","1416.35","14.05","1373.36","1458.01","0","86.71","88.69","58.83","1469.31"
"Wed Apr 08 2026 15:00:00 GMT+0530 (India Standard Time)","1452.80","1454.50","1450.10","1452.70","283394.00","9.18","12.59","-3.41","1417.63","5.90","1373.90","1457.77","0","86.71","88.67","58.24","1468.65"
"Wed Apr 08 2026 15:15:00 GMT+0530 (India Standard Time)","1452.70","1456.90","1452.00","1452.00","397733.00","8.37","11.74","-3.38","1418.87","2.51","1374.44","1456.95","0","86.71","88.65","57.51","1467.86"
"Thu Apr 09 2026 09:15:00 GMT+0530 (India Standard Time)","1437.00","1445.00","1415.20","1435.70","854483.00","6.34","10.66","-4.32","1419.81","0.09","1374.70","1454.52","0","86.71","88.64","43.79","1431.97"
"Thu Apr 09 2026 09:30:00 GMT+0530 (India Standard Time)","1436.00","1439.50","1431.80","1436.50","220281.00","4.74","9.48","-4.74","1421.04","8.73","1374.94","1453.14","3.85","86.76","88.62","44.49","1432.78"
"Thu Apr 09 2026 09:45:00 GMT+0530 (India Standard Time)","1436.50","1437.50","1425.80","1434.00","137549.00","3.24","8.23","-4.99","1422.11","5.67","1375.16","1451.90","0","86.60","88.61","42.70","1432.74"
"Thu Apr 09 2026 10:00:00 GMT+0530 (India Standard Time)","1434.00","1443.10","1431.80","1442.00","159599.00","2.66","7.12","-4.46","1423.31","70.93","1375.43","1450.74","36.70","86.60","88.59","49.68","1433.46"
"Thu Apr 09 2026 10:15:00 GMT+0530 (India Standard Time)","1442.00","1445.80","1438.80","1443.00","110203.00","2.26","6.15","-3.89","1424.48","75.22","1375.72","1450.28","40.97","86.66","88.58","50.49","1434.14"
"Thu Apr 09 2026 10:30:00 GMT+0530 (India Standard Time)","1443.10","1447.30","1442.30","1445.30","52426.00","2.10","5.34","-3.24","1425.71","85.23","1376.00","1449.80","50.97","86.80","88.56","52.39","1434.51"
"Thu Apr 09 2026 10:45:00 GMT+0530 (India Standard Time)","1445.80","1447.00","1444.10","1444.10","31360.00","1.86","4.64","-2.78","1427.18","59.95","1376.28","1449.38","47.98","86.73","88.55","51.28","1434.72"
"Thu Apr 09 2026 11:00:00 GMT+0530 (India Standard Time)","1444.80","1454.70","1444.10","1448.40","125929.00","1.99","4.11","-2.12","1428.72","87.19","1376.57","1449.19","73.89","86.73","88.54","54.95","1435.79"
"Thu Apr 09 2026 11:15:00 GMT+0530 (India Standard Time)","1448.40","1456.00","1443.50","1455.50","91859.00","2.64","3.82","-1.18","1430.28","96.05","1376.91","1449.25","100.00","87.16","88.52","60.28","1436.61"
"Thu Apr 09 2026 11:30:00 GMT+0530 (India Standard Time)","1455.50","1456.20","1452.10","1454.20","120075.00","3.01","3.65","-0.65","1431.86","76.64","1377.27","1449.11","92.19","87.16","88.51","58.91","1437.71"
"Thu Apr 09 2026 11:45:00 GMT+0530 (India Standard Time)","1454.20","1454.90","1450.30","1454.70","52382.00","3.31","3.58","-0.28","1433.36","79.78","1377.63","1449.03","94.37","87.19","88.50","59.29","1438.13"
"Thu Apr 09 2026 12:00:00 GMT+0530 (India Standard Time)","1454.80","1455.70","1450.20","1450.70","89867.00","3.18","3.50","-0.32","1434.86","25.30","1377.96","1448.77","69.24","87.19","88.49","54.87","1438.75"
"Thu Apr 09 2026 12:15:00 GMT+0530 (India Standard Time)","1451.00","1454.30","1448.30","1452.60","125040.00","3.20","3.44","-0.24","1436.41","54.69","1378.29","1448.55","78.67","87.19","88.48","56.53","1439.50"
"Thu Apr 09 2026 12:30:00 GMT+0530 (India Standard Time)","1452.60","1453.40","1445.60","1447.80","96881.00","2.80","3.31","-0.52","1437.86","18.30","1378.60","1448.17","49.46","86.90","88.47","51.40","1439.90"
"Thu Apr 09 2026 12:45:00 GMT+0530 (India Standard Time)","1448.00","1449.90","1445.90","1448.40","43356.00","2.49","3.15","-0.66","1439.37","29.95","1378.95","1447.92","52.80","86.93","88.46","51.98","1440.05"
"Thu Apr 09 2026 13:00:00 GMT+0530 (India Standard Time)","1448.40","1451.30","1447.90","1448.70","41525.00","2.25","2.97","-0.72","1440.85","38.70","1379.29","1447.66","54.56","86.95","88.45","52.29","1440.22"
"Thu Apr 09 2026 13:15:00 GMT+0530 (India Standard Time)","1449.10","1454.20","1448.10","1451.10","57116.00","2.23","2.82","-0.59","1442.36","79.55","1379.63","1447.54","48.40","86.95","88.44","54.81","1440.47"
"Thu Apr 09 2026 13:30:00 GMT+0530 (India Standard Time)","1451.40","1453.00","1449.10","1450.30","46177.00","2.12","2.68","-0.56","1443.72","55.08","1379.96","1447.39","33.72","86.90","88.42","53.79","1440.67"
"Thu Apr 09 2026 13:45:00 GMT+0530 (India Standard Time)","1450.30","1452.00","1448.60","1452.00","40964.00","2.15","2.58","-0.43","1445.24","80.53","1380.29","1447.35","48.82","87.01","88.41","55.67","1440.84"
"Thu Apr 09 2026 14:00:00 GMT+0530 (India Standard Time)","1451.40","1453.70","1450.70","1451.90","42019.00","2.14","2.49","-0.35","1446.75","75.50","1380.64","1447.35","47.22","87.01","88.40","55.53","1441.02"
"Thu Apr 09 2026 14:15:00 GMT+0530 (India Standard Time)","1451.90","1452.40","1443.80","1445.40","80909.00","1.59","2.31","-0.72","1448.12","8.27","1380.98","1447.83","0","87.01","88.39","47.05","1441.21"
"Thu Apr 09 2026 14:30:00 GMT+0530 (India Standard Time)","1445.70","1447.50","1441.10","1446.00","86371.00","1.19","2.08","-0.90","1449.47","21.22","1381.31","1448.31","5.99","87.01","88.38","47.84","1441.33"
"Thu Apr 09 2026 14:45:00 GMT+0530 (India Standard Time)","1446.00","1449.40","1445.30","1446.90","70453.00","0.93","1.85","-0.92","1450.80","44.66","1381.64","1448.95","16.53","87.06","88.37","49.07","1441.48"
"Thu Apr 09 2026 15:00:00 GMT+0530 (India Standard Time)","1447.00","1450.50","1442.60","1447.90","178062.00","0.80","1.64","-0.84","1452.16","66.69","1382.00","1449.25","27.95","87.06","88.36","50.47","1441.81"
"Thu Apr 09 2026 15:15:00 GMT+0530 (India Standard Time)","1447.70","1448.80","1441.20","1442.20","181808.00","0.23","1.36","-1.13","1453.36","12.04","1382.33","1449.21","0","87.06","88.35","43.19","1441.94"
"Fri Apr 10 2026 09:15:00 GMT+0530 (India Standard Time)","1442.00","1463.90","1442.00","1449.30","342963.00","0.35","1.16","-0.81","1452.85","71.08","1382.78","1449.41","69.04","87.06","88.34","52.40","1451.73"
"Fri Apr 10 2026 09:30:00 GMT+0530 (India Standard Time)","1449.40","1453.40","1448.00","1448.10","85601.00","0.34","1.00","-0.65","1452.22","57.93","1383.23","1449.61","61.74","86.99","88.33","50.90","1451.35"
"Fri Apr 10 2026 09:45:00 GMT+0530 (India Standard Time)","1448.40","1456.00","1448.40","1452.00","134106.00","0.65","0.93","-0.28","1451.79","80.90","1383.74","1449.79","97.60","86.99","88.32","55.37","1451.54"
"Fri Apr 10 2026 10:00:00 GMT+0530 (India Standard Time)","1452.50","1452.90","1438.30","1448.40","121420.00","0.59","0.86","-0.27","1451.61","40.29","1384.24","1449.43","60.74","86.77","88.31","50.77","1450.65"
"Fri Apr 10 2026 10:15:00 GMT+0530 (India Standard Time)","1448.80","1452.90","1447.20","1451.30","113809.00","0.77","0.84","-0.07","1451.27","66.99","1384.76","1449.29","87.25","86.95","88.30","54.08","1450.62"
"Fri Apr 10 2026 10:30:00 GMT+0530 (India Standard Time)","1451.70","1456.00","1450.20","1453.40","474178.00","1.07","0.89","0.18","1450.65","79.96","1385.30","1449.22","100.00","86.95","88.28","56.37","1451.58"
"Fri Apr 10 2026 10:45:00 GMT+0530 (India Standard Time)","1453.90","1462.70","1453.60","1462.30","127426.00","2.00","1.11","0.89","1450.61","95.37","1385.89","1449.80","100.00","87.48","88.28","64.45","1452.31"
"Fri Apr 10 2026 11:00:00 GMT+0530 (India Standard Time)","1462.70","1462.70","1459.50","1460.00","66118.00","2.52","1.39","1.13","1450.64","68.24","1386.46","1450.17","85.14","87.34","88.27","61.29","1452.69"
"Fri Apr 10 2026 11:15:00 GMT+0530 (India Standard Time)","1460.60","1468.60","1460.00","1466.70","174594.00","3.44","1.80","1.64","1450.67","88.05","1387.09","1451.12","100.00","87.34","88.26","66.45","1454.01"
"Fri Apr 10 2026 11:30:00 GMT+0530 (India Standard Time)","1467.00","1473.20","1466.50","1471.40","195101.00","4.49","2.34","2.15","1451.05","93.63","1387.73","1452.27","100.00","87.34","88.26","69.52","1455.75"
"Fri Apr 10 2026 11:45:00 GMT+0530 (India Standard Time)","1471.40","1471.70","1465.00","1468.50","134671.00","5.04","2.88","2.16","1451.32","59.41","1388.37","1453.26","84.87","87.17","88.25","65.54","1456.61"
"Fri Apr 10 2026 12:00:00 GMT+0530 (India Standard Time)","1468.50","1469.00","1466.00","1466.10","51614.00","5.21","3.35","1.87","1451.60","37.02","1389.00","1454.01","72.77","87.03","88.24","62.35","1456.88"
"Fri Apr 10 2026 12:15:00 GMT+0530 (India Standard Time)","1466.60","1472.90","1465.10","1468.50","111699.00","5.48","3.77","1.71","1451.92","64.09","1389.64","1454.92","79.88","87.03","88.23","64.23","1457.51"
"Fri Apr 10 2026 12:30:00 GMT+0530 (India Standard Time)","1468.70","1470.80","1467.70","1468.60","55806.00","5.64","4.15","1.49","1452.21","65.33","1390.29","1455.75","72.17","87.03","88.22","64.31","1457.80"
"Fri Apr 10 2026 12:45:00 GMT+0530 (India Standard Time)","1468.70","1468.70","1463.80","1466.50","142928.00","5.53","4.42","1.11","1452.40","26.64","1390.91","1456.48","55.73","87.03","88.21","61.22","1458.32"
"Fri Apr 10 2026 13:00:00 GMT+0530 (India Standard Time)","1466.90","1468.00","1464.10","1464.30","58291.00","5.21","4.58","0.63","1452.56","11.89","1391.53","1457.42","38.97","86.90","88.20","58.08","1458.50"
"Fri Apr 10 2026 13:15:00 GMT+0530 (India Standard Time)","1464.80","1467.30","1463.40","1466.00","55824.00","5.03","4.67","0.36","1452.76","52.52","1392.16","1458.42","48.13","87.00","88.19","59.80","1458.66"
"Fri Apr 10 2026 13:30:00 GMT+0530 (India Standard Time)","1466.40","1467.80","1465.60","1467.00","70037.00","4.92","4.72","0.20","1452.96","69.22","1392.80","1459.43","43.59","87.00","88.18","60.81","1458.88"
"Fri Apr 10 2026 13:45:00 GMT+0530 (India Standard Time)","1467.00","1469.60","1466.50","1469.20","46668.00","4.94","4.76","0.18","1453.24","87.92","1393.45","1460.49","50.62","87.13","88.17","63.03","1459.06"
"Fri Apr 10 2026 14:00:00 GMT+0530 (India Standard Time)","1468.90","1472.70","1468.40","1470.90","367786.00","5.04","4.82","0.22","1453.58","93.77","1394.12","1461.93","57.76","87.13","88.17","64.69","1460.52"
"Fri Apr 10 2026 14:15:00 GMT+0530 (India Standard Time)","1470.90","1476.90","1464.00","1471.90","431349.00","5.15","4.89","0.26","1453.95","96.03","1394.80","1463.06","66.30","87.13","88.16","65.67","1461.85"
"Fri Apr 10 2026 14:30:00 GMT+0530 (India Standard Time)","1471.90","1473.20","1470.30","1471.40","85496.00","5.13","4.93","0.19","1454.30","70.46","1395.48","1464.22","57.87","87.10","88.15","64.70","1462.09"
"Fri Apr 10 2026 14:45:00 GMT+0530 (India Standard Time)","1472.00","1474.90","1470.50","1472.20","115619.00","5.12","4.97","0.15","1454.68","84.05","1396.15","1465.23","65.48","87.10","88.14","65.57","1462.43"
"Fri Apr 10 2026 15:00:00 GMT+0530 (India Standard Time)","1473.10","1478.10","1472.60","1477.80","189723.00","5.50","5.08","0.42","1455.18","97.86","1396.84","1466.70","100.00","87.10","88.13","70.97","1463.13"
"Fri Apr 10 2026 15:15:00 GMT+0530 (India Standard Time)","1477.00","1477.70","1474.00","1474.10","237436.00","5.44","5.15","0.29","1455.62","45.65","1397.51","1467.84","44.74","87.10","88.12","63.85","1463.85"
"Mon Apr 13 2026 09:15:00 GMT+0530 (India Standard Time)","1426.80","1448.80","1421.00","1446.70","564710.00","3.15","4.75","-1.60","1455.84","5.13","1398.10","1467.51","0","87.10","88.12","35.46","1438.83"
"Mon Apr 13 2026 09:30:00 GMT+0530 (India Standard Time)","1446.10","1451.00","1442.50","1447.00","136017.00","1.34","4.07","-2.73","1456.05","6.94","1398.68","1466.74","0.95","87.12","88.11","35.80","1440.39"
"Mon Apr 13 2026 09:45:00 GMT+0530 (India Standard Time)","1446.90","1457.90","1446.00","1456.00","253769.00","0.62","3.38","-2.76","1456.49","56.59","1399.30","1466.54","27.02","87.12","88.10","45.05","1443.82"
"Mon Apr 13 2026 10:00:00 GMT+0530 (India Standard Time)","1456.00","1458.70","1452.50","1454.40","140318.00","-0.07","2.69","-2.76","1456.74","47.57","1399.96","1465.93","23.61","87.02","88.09","43.84","1445.28"
"Mon Apr 13 2026 10:15:00 GMT+0530 (India Standard Time)","1454.40","1462.40","1453.00","1461.40","148500.00","-0.06","2.14","-2.20","1457.11","78.11","1400.68","1465.43","41.38","87.02","88.08","50.15","1446.91"
"Mon Apr 13 2026 10:30:00 GMT+0530 (India Standard Time)","1461.40","1462.60","1451.20","1455.80","108728.00","-0.49","1.61","-2.10","1457.32","40.43","1401.38","1464.79","28.91","86.69","88.07","45.73","1447.68"
"Mon Apr 13 2026 10:45:00 GMT+0530 (India Standard Time)","1455.40","1459.40","1455.00","1457.50","62934.00","-0.69","1.15","-1.84","1457.59","53.92","1402.10","1464.36","33.20","86.79","88.06","47.25","1448.11"
"Mon Apr 13 2026 11:00:00 GMT+0530 (India Standard Time)","1457.20","1464.30","1457.00","1461.70","98402.00","-0.50","0.82","-1.32","1457.85","78.26","1402.83","1464.02","43.51","86.79","88.05","50.91","1448.95"
"Mon Apr 13 2026 11:15:00 GMT+0530 (India Standard Time)","1461.70","1468.80","1461.70","1465.50","162790.00","-0.05","0.65","-0.70","1458.05","88.88","1403.58","1463.87","52.27","86.79","88.04","54.02","1450.54"
"Mon Apr 13 2026 11:30:00 GMT+0530 (India Standard Time)","1465.50","1466.90","1464.40","1465.40","56026.00","0.30","0.58","-0.28","1458.28","86.66","1404.29","1463.81","52.00","86.79","88.03","53.93","1451.03"
"Mon Apr 13 2026 11:45:00 GMT+0530 (India Standard Time)","1465.40","1473.60","1465.40","1471.60","189041.00","1.06","0.67","0.39","1458.62","96.75","1405.01","1464.18","65.86","86.79","88.02","58.85","1452.91"
"Mon Apr 13 2026 12:00:00 GMT+0530 (India Standard Time)","1471.60","1472.50","1470.40","1471.80","39065.00","1.67","0.87","0.79","1459.04","96.90","1405.72","1464.47","66.29","86.80","88.01","59.00","1453.28"
"Mon Apr 13 2026 12:15:00 GMT+0530 (India Standard Time)","1471.80","1472.50","1470.10","1470.70","33128.00","2.03","1.11","0.93","1459.40","64.09","1406.45","1464.65","78.47","86.73","88.00","57.74","1453.58"
"Mon Apr 13 2026 12:30:00 GMT+0530 (India Standard Time)","1471.20","1471.90","1470.40","1471.70","29864.00","2.38","1.36","1.02","1459.88","77.77","1407.18","1464.78","98.32","86.79","88.00","58.61","1453.84"
"Mon Apr 13 2026 12:45:00 GMT+0530 (India Standard Time)","1471.70","1475.00","1469.20","1474.40","193131.00","2.83","1.65","1.18","1460.40","92.73","1407.94","1464.95","100.00","86.79","87.99","60.94","1455.50"
"Mon Apr 13 2026 13:00:00 GMT+0530 (India Standard Time)","1474.30","1477.90","1470.00","1476.80","191156.00","3.35","1.99","1.36","1460.96","96.69","1408.71","1465.20","100.00","86.93","87.98","62.94","1457.04"
"Mon Apr 13 2026 13:15:00 GMT+0530 (India Standard Time)","1477.30","1477.80","1472.00","1472.00","68091.00","3.34","2.26","1.07","1461.38","30.42","1409.46","1465.23","67.25","86.65","87.97","56.69","1457.51"
"Mon Apr 13 2026 13:30:00 GMT+0530 (India Standard Time)","1472.00","1477.00","1472.00","1476.00","163696.00","3.60","2.53","1.07","1461.89","67.52","1410.23","1465.42","84.27","86.65","87.96","60.23","1458.59"
"Mon Apr 13 2026 13:45:00 GMT+0530 (India Standard Time)","1475.90","1476.20","1470.70","1472.50","96856.00","3.49","2.72","0.77","1462.30","34.93","1411.00","1465.15","59.20","86.45","87.94","55.92","1459.11"
"Mon Apr 13 2026 14:00:00 GMT+0530 (India Standard Time)","1472.50","1473.70","1470.00","1470.60","127401.00","3.22","2.82","0.39","1462.68","22.92","1411.75","1464.98","40.92","86.45","87.93","53.67","1459.65"
"Mon Apr 13 2026 14:15:00 GMT+0530 (India Standard Time)","1470.60","1470.90","1466.40","1469.30","68239.00","2.86","2.83","0.03","1463.15","15.58","1412.52","1466.11","10.10","86.37","87.92","52.13","1459.87"
"Mon Apr 13 2026 14:30:00 GMT+0530 (India Standard Time)","1469.30","1472.30","1467.40","1467.90","96201.00","2.43","2.75","-0.32","1463.59","9.23","1413.28","1467.15","0","86.37","87.91","50.44","1460.16"
"Mon Apr 13 2026 14:45:00 GMT+0530 (India Standard Time)","1467.90","1469.50","1465.20","1465.20","80951.00","1.86","2.57","-0.71","1463.96","3.58","1414.05","1467.61","0","86.21","87.90","47.27","1460.33"
"Mon Apr 13 2026 15:00:00 GMT+0530 (India Standard Time)","1465.40","1466.90","1461.10","1465.40","192991.00","1.40","2.34","-0.94","1464.31","11.59","1414.80","1468.16","1.68","86.21","87.88","47.54","1460.57"
"Mon Apr 13 2026 15:15:00 GMT+0530 (India Standard Time)","1465.90","1468.00","1465.00","1465.00","297889.00","1.00","2.07","-1.07","1464.76","8.70","1415.55","1468.34","0","86.21","87.87","47.03","1461.02"
"Wed Apr 15 2026 09:15:00 GMT+0530 (India Standard Time)","1484.30","1500.00","1480.90","1497.20","511420.00","3.24","2.30","0.93","1465.72","97.78","1416.14","1470.41","100.00","86.21","87.86","72.43","1492.70"
"Wed Apr 15 2026 09:30:00 GMT+0530 (India Standard Time)","1497.20","1501.60","1494.40","1500.70","272385.00","5.23","2.89","2.34","1466.77","98.17","1416.77","1472.57","100.00","86.41","87.85","73.90","1494.85"
"Wed Apr 15 2026 09:45:00 GMT+0530 (India Standard Time)","1500.70","1504.00","1498.70","1503.20","205055.00","6.94","3.70","3.24","1467.80","98.54","1417.39","1474.65","100.00","86.56","87.84","74.92","1496.33"
"Wed Apr 15 2026 10:00:00 GMT+0530 (India Standard Time)","1503.70","1504.80","1501.40","1503.00","64290.00","8.18","4.60","3.58","1468.89","95.48","1418.02","1476.52","99.09","86.54","87.83","74.67","1496.74"
"Wed Apr 15 2026 10:15:00 GMT+0530 (India Standard Time)","1503.40","1508.20","1503.40","1508.20","165956.00","9.47","5.57","3.90","1470.03","98.27","1418.67","1478.66","100.00","86.54","87.82","76.86","1498.08"
"Wed Apr 15 2026 10:30:00 GMT+0530 (India Standard Time)","1508.10","1509.30","1505.50","1505.90","137504.00","10.19","6.50","3.70","1471.08","63.56","1419.30","1480.38","89.83","86.41","87.80","73.82","1498.98"
"Wed Apr 15 2026 10:45:00 GMT+0530 (India Standard Time)","1505.50","1511.00","1502.50","1503.40","197160.00","10.44","7.29","3.16","1471.90","35.96","1419.91","1481.96","78.89","86.41","87.79","70.56","1499.82"
"Wed Apr 15 2026 11:00:00 GMT+0530 (India Standard Time)","1502.80","1504.30","1500.60","1502.00","51289.00","10.41","7.91","2.50","1472.74","24.19","1420.53","1483.52","72.75","86.33","87.78","68.73","1499.90"
"Wed Apr 15 2026 11:15:00 GMT+0530 (India Standard Time)","1501.50","1504.60","1500.00","1504.60","66795.00","10.47","8.42","2.05","1473.50","65.78","1421.15","1485.17","77.93","86.33","87.77","70.27","1500.03"
"Wed Apr 15 2026 11:30:00 GMT+0530 (India Standard Time)","1503.80","1509.90","1503.80","1509.20","90567.00","10.77","8.89","1.88","1474.25","88.37","1421.80","1486.91","86.49","86.33","87.76","72.83","1500.42"
"Wed Apr 15 2026 11:45:00 GMT+0530 (India Standard Time)","1509.20","1512.70","1508.40","1510.60","110622.00","10.99","9.31","1.68","1475.10","91.70","1422.44","1488.60","88.99","86.33","87.75","73.57","1501.02"
"Wed Apr 15 2026 12:00:00 GMT+0530 (India Standard Time)","1510.60","1512.00","1509.00","1511.10","42802.00","11.07","9.66","1.41","1476.00","93.11","1423.02","1490.55","89.91","86.36","87.74","73.85","1501.23"
"Wed Apr 15 2026 12:15:00 GMT+0530 (India Standard Time)","1511.30","1512.00","1509.40","1511.70","41653.00","11.07","9.94","1.12","1476.86","95.11","1423.57","1492.34","91.08","86.40","87.73","74.20","1501.44"
"Wed Apr 15 2026 12:30:00 GMT+0530 (India Standard Time)","1511.40","1513.00","1510.10","1511.00","59086.00","10.88","10.13","0.75","1477.71","56.75","1424.12","1494.26","52.24","86.40","87.72","72.98","1501.73"
"Wed Apr 15 2026 12:45:00 GMT+0530 (India Standard Time)","1511.10","1511.50","1507.70","1509.60","70485.00","10.49","10.20","0.29","1478.57","21.72","1424.66","1496.21","21.56","86.40","87.71","70.48","1502.00"
"Wed Apr 15 2026 13:00:00 GMT+0530 (India Standard Time)","1509.60","1511.10","1508.60","1510.00","101194.00","10.10","10.18","-0.08","1479.48","42.13","1425.20","1498.25","25.34","86.40","87.70","70.79","1502.36"
"Wed Apr 15 2026 13:15:00 GMT+0530 (India Standard Time)","1509.60","1514.30","1500.70","1508.10","406650.00","9.53","10.05","-0.52","1480.33","12.12","1425.75","1500.26","0","86.40","87.69","67.21","1503.20"
"Wed Apr 15 2026 13:30:00 GMT+0530 (India Standard Time)","1508.00","1511.70","1506.50","1510.20","59287.00","9.14","9.87","-0.73","1481.19","65.87","1426.38","1502.51","19.29","86.52","87.68","69.07","1503.34"
"Wed Apr 15 2026 13:45:00 GMT+0530 (India Standard Time)","1510.20","1513.60","1508.20","1509.00","109781.00","8.64","9.62","-0.99","1481.99","38.77","1426.99","1504.69","0","86.52","87.67","66.74","1503.62"
"Wed Apr 15 2026 14:00:00 GMT+0530 (India Standard Time)","1509.10","1511.20","1508.40","1509.00","89049.00","8.15","9.33","-1.18","1482.75","38.77","1427.58","1506.89","0","86.52","87.66","66.74","1503.80"
"Wed Apr 15 2026 14:15:00 GMT+0530 (India Standard Time)","1509.00","1510.00","1507.30","1509.40","50860.00","7.70","9.00","-1.30","1483.50","60.46","1428.18","1507.50","5.75","86.54","87.65","67.17","1503.89"
"Wed Apr 15 2026 14:30:00 GMT+0530 (India Standard Time)","1509.40","1510.00","1506.70","1509.00","211482.00","7.23","8.65","-1.42","1484.25","35.39","1428.80","1507.91","0","86.54","87.64","66.25","1504.21"
"Wed Apr 15 2026 14:45:00 GMT+0530 (India Standard Time)","1509.60","1512.10","1508.00","1509.30","496808.00","6.80","8.28","-1.48","1484.99","60.17","1429.43","1508.22","4.64","86.54","87.63","66.62","1504.98"
"Wed Apr 15 2026 15:00:00 GMT+0530 (India Standard Time)","1510.00","1514.90","1508.40","1512.50","383621.00","6.64","7.95","-1.31","1485.69","95.66","1430.08","1508.69","51.50","86.72","87.63","70.34","1505.64"
"Wed Apr 15 2026 15:15:00 GMT+0530 (India Standard Time)","1512.50","1515.00","1505.80","1508.00","399144.00","6.09","7.58","-1.49","1486.36","27.28","1430.69","1508.68","0","86.72","87.62","60.18","1506.00"
"Thu Apr 16 2026 09:15:00 GMT+0530 (India Standard Time)","1524.90","1524.90","1510.00","1520.00","292736.00","6.54","7.37","-0.83","1487.83","84.89","1431.61","1509.39","83.31","87.41","87.62","71.86","1518.30"
"Thu Apr 16 2026 09:30:00 GMT+0530 (India Standard Time)","1520.10","1528.00","1519.90","1525.30","195997.00","7.24","7.34","-0.10","1489.40","91.11","1432.55","1510.48","100.00","87.72","87.62","75.30","1520.75"
"Thu Apr 16 2026 09:45:00 GMT+0530 (India Standard Time)","1525.20","1537.40","1523.10","1526.20","360354.00","7.78","7.43","0.35","1490.80","92.20","1433.49","1511.69","100.00","87.72","87.62","75.84","1524.21"
"Thu Apr 16 2026 10:00:00 GMT+0530 (India Standard Time)","1526.20","1528.80","1525.00","1526.80","104200.00","8.16","7.58","0.58","1492.25","93.30","1434.40","1512.80","100.00","87.75","87.62","76.22","1524.50"
"Thu Apr 16 2026 10:15:00 GMT+0530 (India Standard Time)","1526.80","1530.30","1526.10","1527.50","121135.00","8.42","7.75","0.68","1493.57","94.95","1435.31","1513.72","100.00","87.75","87.62","76.67","1524.89"
"Thu Apr 16 2026 10:30:00 GMT+0530 (India Standard Time)","1527.90","1534.90","1527.00","1531.00","111665.00","8.81","7.96","0.85","1495.07","98.55","1436.23","1514.74","100.00","87.95","87.62","78.84","1525.46"
"Thu Apr 16 2026 10:45:00 GMT+0530 (India Standard Time)","1531.10","1531.70","1528.10","1530.00","89071.00","8.93","8.15","0.78","1496.52","70.05","1437.15","1515.68","88.23","87.89","87.62","76.65","1525.77"
"Thu Apr 16 2026 11:00:00 GMT+0530 (India Standard Time)","1530.00","1532.00","1528.90","1531.40","99115.00","9.04","8.33","0.71","1497.92","83.45","1438.07","1516.67","93.27","87.89","87.63","77.59","1526.13"
"Thu Apr 16 2026 11:15:00 GMT+0530 (India Standard Time)","1531.60","1532.00","1526.90","1527.10","63047.00","8.68","8.40","0.28","1499.15","22.26","1438.98","1517.47","44.37","87.65","87.63","68.46","1526.24"
"Thu Apr 16 2026 11:30:00 GMT+0530 (India Standard Time)","1527.10","1528.40","1523.40","1524.70","74037.00","8.10","8.34","-0.24","1500.34","12.24","1439.88","1518.23","20.14","87.65","87.63","63.94","1526.21"
"Thu Apr 16 2026 11:45:00 GMT+0530 (India Standard Time)","1524.70","1524.70","1519.60","1522.70","110864.00","7.40","8.15","-0.75","1501.36","7.00","1440.74","1518.86","0.97","87.65","87.63","60.36","1525.94"
"Thu Apr 16 2026 12:00:00 GMT+0530 (India Standard Time)","1522.70","1522.70","1517.20","1521.30","248975.00","6.66","7.85","-1.20","1502.35","4.37","1441.61","1519.52","0","87.65","87.63","57.92","1525.21"
"Thu Apr 16 2026 12:15:00 GMT+0530 (India Standard Time)","1521.50","1525.00","1519.60","1524.70","148160.00","6.27","7.54","-1.27","1503.43","66.11","1442.51","1520.25","19.25","87.84","87.63","61.95","1525.05"
"Thu Apr 16 2026 12:30:00 GMT+0530 (India Standard Time)","1524.70","1529.30","1523.00","1528.40","49406.00","6.19","7.27","-1.08","1504.56","85.91","1443.38","1521.22","37.59","88.06","87.63","65.78","1525.10"
"Thu Apr 16 2026 12:45:00 GMT+0530 (India Standard Time)","1528.40","1531.60","1525.70","1530.00","58910.00","6.18","7.05","-0.87","1505.67","90.64","1444.26","1522.27","44.93","88.06","87.64","67.32","1525.21"
"Thu Apr 16 2026 13:00:00 GMT+0530 (India Standard Time)","1530.00","1538.70","1528.50","1538.00","1759029.00","6.74","6.99","-0.25","1506.90","97.85","1445.17","1523.70","75.32","88.06","87.64","73.68","1529.67"
"Thu Apr 16 2026 13:15:00 GMT+0530 (India Standard Time)","1538.00","1543.90","1537.40","1541.90","210228.00","7.42","7.07","0.34","1508.30","98.77","1446.06","1525.34","86.98","88.28","87.64","76.12","1530.25"
"Thu Apr 16 2026 13:30:00 GMT+0530 (India Standard Time)","1541.90","1549.90","1541.10","1548.30","456389.00","8.37","7.33","1.04","1509.74","99.49","1446.96","1527.29","100.00","88.28","87.65","79.48","1531.88"
"Thu Apr 16 2026 13:45:00 GMT+0530 (India Standard Time)","1548.20","1555.80","1548.10","1554.80","243876.00","9.55","7.78","1.77","1511.39","99.77","1447.91","1529.41","100.00","88.65","87.66","82.22","1532.94"
"Thu Apr 16 2026 14:00:00 GMT+0530 (India Standard Time)","1555.00","1555.30","1546.30","1547.40","163772.00","9.76","8.17","1.59","1512.92","44.62","1448.80","1531.38","52.44","88.23","87.66","70.66","1533.50"
"Thu Apr 16 2026 14:15:00 GMT+0530 (India Standard Time)","1547.40","1550.00","1547.00","1549.60","62905.00","10.00","8.54","1.46","1514.53","58.32","1449.70","1532.86","57.64","88.35","87.67","71.92","1533.69"
"Thu Apr 16 2026 14:30:00 GMT+0530 (India Standard Time)","1549.60","1551.90","1547.40","1547.70","134509.00","9.92","8.82","1.10","1516.13","40.86","1450.60","1533.98","46.24","88.35","87.67","69.15","1534.09"
"Thu Apr 16 2026 14:45:00 GMT+0530 (India Standard Time)","1547.70","1551.50","1547.70","1549.10","272596.00","9.85","9.02","0.83","1517.80","58.96","1451.46","1535.12","50.00","88.35","87.68","70.07","1534.86"
"Thu Apr 16 2026 15:00:00 GMT+0530 (India Standard Time)","1548.90","1550.90","1545.10","1550.00","978287.00","9.76","9.17","0.59","1519.50","70.55","1452.32","1536.28","52.48","88.35","87.68","70.67","1536.97"
"Thu Apr 16 2026 15:15:00 GMT+0530 (India Standard Time)","1550.00","1551.60","1541.60","1545.00","1045012.00","9.18","9.17","0.01","1521.10","17.05","1453.14","1537.16","21.24","88.35","87.69","63.08","1538.24"
"Fri Apr 17 2026 09:15:00 GMT+0530 (India Standard Time)","1559.00","1569.70","1549.20","1568.00","534669.00","10.45","9.43","1.03","1522.51","89.60","1454.17","1539.01","68.85","89.67","87.70","75.90","1562.30"
"Fri Apr 17 2026 09:30:00 GMT+0530 (India Standard Time)","1568.60","1577.90","1564.00","1564.10","460082.00","11.02","9.75","1.28","1523.78","69.10","1455.19","1540.71","43.35","89.45","87.72","71.38","1565.24"
"Fri Apr 17 2026 09:45:00 GMT+0530 (India Standard Time)","1564.60","1570.40","1563.10","1568.30","160516.00","11.68","10.13","1.54","1525.08","79.30","1456.28","1542.56","53.03","89.69","87.73","73.23","1565.53"
"Fri Apr 17 2026 10:00:00 GMT+0530 (India Standard Time)","1568.20","1576.70","1562.70","1574.70","214813.00","12.57","10.62","1.95","1526.52","89.68","1457.35","1544.94","66.46","89.69","87.75","75.80","1566.44"
"Fri Apr 17 2026 10:15:00 GMT+0530 (India Standard Time)","1574.60","1576.80","1574.50","1574.80","73888.00","13.13","11.12","2.01","1527.85","89.84","1458.45","1547.44","66.66","89.69","87.76","75.84","1566.90"
"Fri Apr 17 2026 10:30:00 GMT+0530 (India Standard Time)","1575.00","1578.50","1569.00","1569.00","218852.00","12.96","11.49","1.47","1529.11","32.20","1459.49","1549.76","30.40","89.69","87.78","68.90","1567.59"
"Fri Apr 17 2026 10:45:00 GMT+0530 (India Standard Time)","1569.50","1576.00","1568.80","1575.50","134239.00","13.20","11.83","1.36","1530.55","72.19","1460.59","1552.47","46.57","90.06","87.80","71.99","1568.03"
"Fri Apr 17 2026 11:00:00 GMT+0530 (India Standard Time)","1575.20","1575.70","1568.00","1568.80","179917.00","12.70","12.00","0.69","1531.89","32.58","1461.66","1554.67","13.68","90.06","87.81","64.83","1568.28"
"Fri Apr 17 2026 11:15:00 GMT+0530 (India Standard Time)","1568.80","1569.00","1562.90","1563.50","109235.00","11.74","11.95","-0.21","1533.07","17.44","1462.68","1556.43","0","89.76","87.83","59.77","1568.12"
"Fri Apr 17 2026 11:30:00 GMT+0530 (India Standard Time)","1563.50","1565.00","1559.20","1560.60","138715.00","10.62","11.68","-1.06","1534.09","11.56","1463.69","1557.96","0","89.76","87.84","57.14","1567.71"
"Fri Apr 17 2026 11:45:00 GMT+0530 (India Standard Time)","1560.10","1561.10","1554.50","1558.70","482959.00","9.47","11.24","-1.77","1535.06","8.02","1464.70","1558.99","0","89.76","87.86","55.42","1566.00"
"Fri Apr 17 2026 12:00:00 GMT+0530 (India Standard Time)","1558.70","1560.80","1554.60","1559.70","164413.00","8.55","10.70","-2.16","1536.03","30.45","1465.71","1559.88","3.65","89.82","87.87","56.17","1565.56"
"Fri Apr 17 2026 12:15:00 GMT+0530 (India Standard Time)","1559.70","1564.10","1556.80","1561.70","128635.00","7.88","10.14","-2.26","1537.03","64.79","1466.71","1560.55","11.11","89.93","87.89","57.70","1565.36"
"Fri Apr 17 2026 12:30:00 GMT+0530 (India Standard Time)","1561.70","1562.50","1557.50","1558.80","93402.00","7.04","9.52","-2.48","1537.98","26.64","1467.68","1560.75","0","89.77","87.91","54.72","1565.19"
"Fri Apr 17 2026 12:45:00 GMT+0530 (India Standard Time)","1558.80","1561.50","1558.50","1560.70","44217.00","6.45","8.91","-2.45","1539.01","58.59","1468.64","1561.42","7.54","89.88","87.92","56.31","1565.12"
"Fri Apr 17 2026 13:00:00 GMT+0530 (India Standard Time)","1560.50","1562.00","1560.40","1561.00","33638.00","5.94","8.31","-2.37","1540.03","63.60","1469.58","1561.99","8.77","89.89","87.94","56.57","1565.07"
"Fri Apr 17 2026 13:15:00 GMT+0530 (India Standard Time)","1561.00","1563.30","1560.30","1562.50","37764.00","5.59","7.77","-2.18","1541.11","83.52","1470.49","1562.73","15.14","89.89","87.95","57.92","1565.04"
"Fri Apr 17 2026 13:30:00 GMT+0530 (India Standard Time)","1563.00","1566.50","1560.50","1564.50","83974.00","5.42","7.30","-1.88","1542.20","93.30","1471.42","1563.50","23.64","89.89","87.97","59.71","1565.01"
"Fri Apr 17 2026 13:45:00 GMT+0530 (India Standard Time)","1565.10","1567.20","1564.70","1566.70","57802.00","5.39","6.92","-1.52","1543.35","97.09","1472.34","1564.33","40.11","90.02","87.98","61.65","1565.03"
"Fri Apr 17 2026 14:00:00 GMT+0530 (India Standard Time)","1566.90","1571.70","1566.00","1571.70","89914.00","5.71","6.68","-0.97","1544.61","99.19","1473.27","1565.66","63.49","90.02","88.00","65.68","1565.15"
"Fri Apr 17 2026 14:15:00 GMT+0530 (India Standard Time)","1571.70","1574.90","1571.40","1573.80","104027.00","6.06","6.55","-0.49","1545.90","99.49","1474.19","1565.95","100.00","90.02","88.01","67.24","1565.39"
"Fri Apr 17 2026 14:30:00 GMT+0530 (India Standard Time)","1573.80","1575.00","1572.70","1573.30","79757.00","6.23","6.49","-0.26","1547.18","84.35","1475.16","1566.42","93.82","89.99","88.03","66.47","1565.58"
"Fri Apr 17 2026 14:45:00 GMT+0530 (India Standard Time)","1573.40","1577.50","1570.90","1573.50","518644.00","6.30","6.45","-0.15","1548.47","86.05","1476.12","1566.68","95.14","89.99","88.04","66.63","1566.63"
"Fri Apr 17 2026 15:00:00 GMT+0530 (India Standard Time)","1573.80","1575.80","1568.10","1574.70","975194.00","6.39","6.44","-0.05","1549.71","93.94","1477.05","1566.68","100.00","89.99","88.06","67.67","1567.81"
"Fri Apr 17 2026 15:15:00 GMT+0530 (India Standard Time)","1574.20","1577.10","1570.10","1572.40","880927.00","6.20","6.39","-0.19","1551.00","29.65","1477.96","1566.56","68.65","89.86","88.07","63.61","1568.61"
"Mon Apr 20 2026 09:15:00 GMT+0530 (India Standard Time)","1572.40","1592.20","1566.10","1583.20","465835.00","6.84","6.48","0.36","1552.26","90.53","1478.94","1567.27","100.00","90.48","88.09","72.08","1580.50"
"Mon Apr 20 2026 09:30:00 GMT+0530 (India Standard Time)","1583.20","1583.20","1576.30","1576.70","173217.00","6.74","6.53","0.21","1553.29","44.34","1479.95","1567.33","45.57","90.10","88.11","62.63","1580.02"
"Mon Apr 20 2026 09:45:00 GMT+0530 (India Standard Time)","1576.00","1580.30","1572.30","1576.50","154983.00","6.58","6.54","0.04","1554.30","42.99","1480.93","1567.71","38.36","90.09","88.12","62.36","1579.31"
"Mon Apr 20 2026 10:00:00 GMT+0530 (India Standard Time)","1576.30","1585.20","1575.00","1582.70","74442.00","6.87","6.61","0.26","1555.41","80.26","1481.93","1568.67","67.95","90.45","88.14","67.11","1579.45"
"Mon Apr 20 2026 10:15:00 GMT+0530 (India Standard Time)","1582.20","1586.50","1581.00","1586.50","88535.00","7.32","6.75","0.57","1556.59","89.04","1482.94","1569.97","82.76","90.45","88.16","69.64","1579.93"
"Mon Apr 20 2026 10:30:00 GMT+0530 (India Standard Time)","1586.50","1589.00","1582.90","1586.80","55594.00","7.61","6.92","0.69","1557.71","89.76","1483.95","1571.37","81.86","90.46","88.18","69.83","1580.28"
"Mon Apr 20 2026 10:45:00 GMT+0530 (India Standard Time)","1587.50","1595.00","1586.80","1594.30","166686.00","8.35","7.21","1.15","1559.00","97.61","1485.07","1573.10","100.00","90.46","88.20","74.32","1581.94"
"Mon Apr 20 2026 11:00:00 GMT+0530 (India Standard Time)","1594.20","1596.00","1585.80","1588.50","200944.00","8.38","7.44","0.94","1560.14","44.66","1486.16","1574.44","31.50","90.46","88.21","66.13","1583.13"
"Mon Apr 20 2026 11:15:00 GMT+0530 (India Standard Time)","1588.50","1591.40","1588.10","1589.90","79881.00","8.41","7.64","0.78","1561.39","56.15","1487.22","1575.99","39.39","90.54","88.23","67.07","1583.49"
"Mon Apr 20 2026 11:30:00 GMT+0530 (India Standard Time)","1589.70","1590.00","1588.20","1589.50","26898.00","8.31","7.77","0.54","1562.69","50.19","1488.29","1577.43","34.62","90.52","88.25","66.50","1583.60"
"Mon Apr 20 2026 11:45:00 GMT+0530 (India Standard Time)","1590.00","1590.10","1587.10","1587.80","35021.00","8.00","7.82","0.19","1563.99","26.40","1489.33","1578.77","13.81","90.52","88.27","64.01","1583.71"
"Mon Apr 20 2026 12:00:00 GMT+0530 (India Standard Time)","1587.60","1592.00","1587.60","1590.30","91580.00","7.87","7.83","0.04","1565.37","69.26","1490.40","1580.16","30.65","90.52","88.29","66.03","1584.06"
"Mon Apr 20 2026 12:15:00 GMT+0530 (India Standard Time)","1590.00","1594.60","1587.10","1593.00","154401.00","7.89","7.84","0.05","1566.74","86.38","1491.49","1581.59","48.01","90.52","88.30","68.10","1584.72"
"Mon Apr 20 2026 12:30:00 GMT+0530 (India Standard Time)","1593.00","1594.90","1592.00","1593.70","35479.00","7.87","7.85","0.03","1568.04","89.44","1492.59","1582.94","52.49","90.56","88.32","68.64","1584.89"
"Mon Apr 20 2026 12:45:00 GMT+0530 (India Standard Time)","1592.60","1597.00","1590.30","1595.30","57247.00","7.89","7.86","0.04","1569.35","94.78","1493.70","1584.12","62.89","90.56","88.34","69.88","1585.18"
"Mon Apr 20 2026 13:00:00 GMT+0530 (India Standard Time)","1596.00","1598.00","1591.20","1597.20","87003.00","7.98","7.88","0.10","1570.53","97.63","1494.81","1585.29","75.04","90.56","88.36","71.34","1585.64"
"Mon Apr 20 2026 13:15:00 GMT+0530 (India Standard Time)","1597.50","1600.50","1583.20","1585.90","266597.00","7.05","7.71","-0.67","1571.41","13.03","1495.86","1585.92","0","90.56","88.37","54.49","1586.15"
"Mon Apr 20 2026 13:30:00 GMT+0530 (India Standard Time)","1586.30","1588.70","1585.50","1587.80","68341.00","6.39","7.45","-1.06","1572.20","32.65","1496.89","1586.63","9.41","90.67","88.39","56.35","1586.18"
"Mon Apr 20 2026 13:45:00 GMT+0530 (India Standard Time)","1587.10","1590.00","1586.00","1588.20","42378.00","5.83","7.12","-1.29","1572.87","38.50","1497.95","1587.31","11.44","90.69","88.41","56.75","1586.22"
"Mon Apr 20 2026 14:00:00 GMT+0530 (India Standard Time)","1587.50","1588.80","1582.50","1585.60","62676.00","5.12","6.72","-1.60","1573.64","18.09","1499.00","1587.97","0","90.69","88.43","53.32","1586.20"
"Mon Apr 20 2026 14:15:00 GMT+0530 (India Standard Time)","1585.20","1590.60","1583.10","1588.40","52114.00","4.73","6.33","-1.59","1574.41","61.76","1500.05","1588.23","17.01","90.85","88.45","56.38","1586.23"
"Mon Apr 20 2026 14:30:00 GMT+0530 (India Standard Time)","1588.40","1588.70","1584.00","1584.40","56002.00","4.05","5.87","-1.82","1575.15","24.48","1501.08","1588.61","0","90.85","88.46","51.21","1586.21"
"Mon Apr 20 2026 14:45:00 GMT+0530 (India Standard Time)","1584.40","1587.00","1583.00","1585.40","88480.00","3.56","5.41","-1.85","1575.87","41.99","1502.11","1589.06","5.84","90.85","88.48","52.38","1586.18"
"Mon Apr 20 2026 15:00:00 GMT+0530 (India Standard Time)","1585.30","1586.00","1579.20","1579.20","161570.00","2.63","4.85","-2.22","1576.46","10.84","1503.10","1588.88","0","90.85","88.50","45.12","1585.90"
"Mon Apr 20 2026 15:15:00 GMT+0530 (India Standard Time)","1579.90","1579.90","1571.80","1572.10","241999.00","1.31","4.14","-2.84","1577.00","4.01","1504.05","1588.16","0","90.85","88.52","38.53","1584.98"
"Tue Apr 21 2026 09:15:00 GMT+0530 (India Standard Time)","1578.50","1605.00","1578.40","1597.50","1412677.00","2.28","3.77","-1.49","1577.59","82.56","1504.67","1588.70","67.46","90.85","88.54","60.66","1593.63"
"Tue Apr 21 2026 09:30:00 GMT+0530 (India Standard Time)","1597.50","1599.50","1592.00","1592.00","104106.00","2.58","3.53","-0.95","1578.15","60.96","1505.23","1588.58","53.14","90.54","88.55","55.96","1593.69"
"Tue Apr 21 2026 09:45:00 GMT+0530 (India Standard Time)","1592.00","1600.10","1592.00","1598.50","81305.00","3.31","3.49","-0.18","1578.75","75.88","1505.86","1589.08","65.18","90.91","88.57","59.92","1593.85"
"Tue Apr 21 2026 10:00:00 GMT+0530 (India Standard Time)","1598.50","1603.00","1597.60","1598.40","81497.00","3.83","3.56","0.27","1579.22","75.00","1506.56","1589.51","64.91","90.91","88.59","59.83","1594.14"
"Tue Apr 21 2026 10:15:00 GMT+0530 (India Standard Time)","1598.10","1603.00","1596.00","1602.90","153178.00","4.55","3.76","0.80","1579.79","87.78","1507.23","1590.18","100.00","90.91","88.61","62.52","1594.68"
"Tue Apr 21 2026 10:30:00 GMT+0530 (India Standard Time)","1603.00","1609.00","1600.60","1607.20","131761.00","5.41","4.09","1.32","1580.55","93.82","1507.85","1591.15","100.00","91.15","88.63","64.94","1595.41"
"Tue Apr 21 2026 10:45:00 GMT+0530 (India Standard Time)","1607.20","1611.90","1607.20","1610.00","125062.00","6.25","4.52","1.73","1581.24","96.24","1508.58","1592.13","100.00","91.31","88.65","66.46","1596.27"
"Tue Apr 21 2026 11:00:00 GMT+0530 (India Standard Time)","1610.00","1610.90","1606.10","1607.90","97739.00","6.66","4.95","1.71","1582.02","60.63","1509.32","1592.88","91.95","91.19","88.67","64.21","1596.80"
"Tue Apr 21 2026 11:15:00 GMT+0530 (India Standard Time)","1607.90","1610.60","1602.20","1603.30","117605.00","6.54","5.27","1.28","1582.82","23.13","1510.01","1593.36","74.96","91.19","88.69","59.47","1597.24"
"Tue Apr 21 2026 11:30:00 GMT+0530 (India Standard Time)","1603.30","1603.70","1600.00","1600.80","156113.00","6.18","5.45","0.73","1583.62","13.83","1510.76","1593.63","66.14","91.19","88.71","57.01","1597.51"
"Tue Apr 21 2026 11:45:00 GMT+0530 (India Standard Time)","1600.80","1605.20","1599.20","1600.10","124944.00","5.76","5.51","0.25","1584.45","11.29","1511.48","1593.78","63.62","91.15","88.73","56.30","1597.70"
"Tue Apr 21 2026 12:00:00 GMT+0530 (India Standard Time)","1600.10","1609.50","1599.50","1608.80","97145.00","6.07","5.62","0.45","1585.43","84.07","1512.26","1594.92","85.80","91.65","88.75","62.50","1598.00"
"Tue Apr 21 2026 12:15:00 GMT+0530 (India Standard Time)","1608.20","1609.70","1606.50","1609.60","59057.00","6.30","5.76","0.54","1586.39","86.16","1513.05","1596.01","87.66","91.69","88.77","63.02","1598.23"
"Tue Apr 21 2026 12:30:00 GMT+0530 (India Standard Time)","1609.80","1610.00","1606.20","1607.90","36372.00","6.28","5.86","0.41","1587.37","55.33","1513.82","1597.00","48.75","91.60","88.80","61.08","1598.36"
"Tue Apr 21 2026 12:45:00 GMT+0530 (India Standard Time)","1608.00","1608.30","1600.10","1601.00","42867.00","5.64","5.82","-0.18","1588.18","14.17","1514.54","1597.77","0","91.60","88.82","53.85","1598.43"
"Tue Apr 21 2026 13:00:00 GMT+0530 (India Standard Time)","1601.00","1601.10","1597.60","1600.80","48322.00","5.05","5.66","-0.61","1588.97","13.58","1515.26","1598.39","0","91.60","88.84","53.65","1598.45"
"Tue Apr 21 2026 13:15:00 GMT+0530 (India Standard Time)","1600.70","1601.00","1599.20","1600.40","26462.00","4.51","5.43","-0.93","1589.73","11.66","1515.98","1599.19","0","91.57","88.86","53.23","1598.47"
"Tue Apr 21 2026 13:30:00 GMT+0530 (India Standard Time)","1600.00","1601.00","1598.40","1600.00","776709.00","4.00","5.15","-1.15","1590.44","9.08","1516.70","1599.92","0","91.57","88.88","52.78","1598.75"
"Tue Apr 21 2026 13:45:00 GMT+0530 (India Standard Time)","1600.30","1602.80","1598.80","1600.30","170700.00","3.57","4.83","-1.26","1591.11","31.72","1517.42","1600.97","2.33","91.59","88.90","53.10","1598.84"
"Tue Apr 21 2026 14:00:00 GMT+0530 (India Standard Time)","1600.30","1601.60","1593.90","1595.20","60084.00","2.80","4.42","-1.63","1591.58","3.35","1518.13","1602.13","0","91.30","88.92","47.27","1598.81"
"Tue Apr 21 2026 14:15:00 GMT+0530 (India Standard Time)","1595.40","1598.60","1595.20","1597.60","29379.00","2.35","4.01","-1.66","1592.06","47.52","1518.85","1602.13","16.41","91.44","88.94","50.05","1598.79"
"Tue Apr 21 2026 14:30:00 GMT+0530 (India Standard Time)","1597.70","1597.70","1592.40","1593.50","43692.00","1.64","3.53","-1.90","1592.46","18.55","1519.55","1602.21","0","91.44","88.96","45.62","1598.75"
"Tue Apr 21 2026 14:45:00 GMT+0530 (India Standard Time)","1593.50","1597.10","1592.10","1594.90","36861.00","1.18","3.06","-1.88","1592.89","42.49","1520.26","1602.03","9.85","91.52","88.98","47.34","1598.71"
"Tue Apr 21 2026 15:00:00 GMT+0530 (India Standard Time)","1594.90","1598.90","1594.60","1596.70","72639.00","0.95","2.64","-1.69","1593.33","67.25","1520.98","1601.94","22.50","91.52","89.00","49.54","1598.67"
"Tue Apr 21 2026 15:15:00 GMT+0530 (India Standard Time)","1596.70","1598.00","1590.00","1598.00","187314.00","0.86","2.28","-1.42","1593.84","79.81","1521.71","1601.70","31.63","91.52","89.02","51.13","1598.53"
"Wed Apr 22 2026 09:15:00 GMT+0530 (India Standard Time)","1588.90","1596.50","1582.00","1587.00","56243.00","-0.10","1.81","-1.90","1593.92","10.66","1522.46","1600.69","0","90.89","89.03","39.73","1588.50"
"Wed Apr 22 2026 09:30:00 GMT+0530 (India Standard Time)","1586.80","1589.60","1585.40","1587.50","77482.00","-0.80","1.29","-2.09","1594.14","17.18","1523.22","1599.56","3.05","90.89","89.05","40.38","1587.92"
"Wed Apr 22 2026 09:45:00 GMT+0530 (India Standard Time)","1588.30","1588.50","1582.20","1583.50","73610.00","-1.67","0.70","-2.36","1594.28","7.92","1523.97","1598.34","0","90.66","89.06","36.95","1586.79"
"Wed Apr 22 2026 10:00:00 GMT+0530 (India Standard Time)","1583.60","1588.70","1582.50","1585.10","32844.00","-2.20","0.12","-2.32","1594.32","35.66","1524.68","1597.43","13.34","90.75","89.07","39.17","1586.60"
"Wed Apr 22 2026 10:15:00 GMT+0530 (India Standard Time)","1585.10","1591.10","1585.00","1590.60","70388.00","-2.15","-0.34","-1.81","1594.41","79.05","1525.42","1596.92","56.91","90.75","89.09","46.21","1587.12"
"Wed Apr 22 2026 10:30:00 GMT+0530 (India Standard Time)","1590.60","1597.70","1590.20","1592.50","123926.00","-1.94","-0.66","-1.28","1594.52","85.71","1526.16","1596.54","71.10","90.75","89.10","48.43","1588.93"
"Wed Apr 22 2026 10:45:00 GMT+0530 (India Standard Time)","1592.40","1594.50","1590.10","1590.40","22761.00","-1.92","-0.91","-1.01","1594.44","50.34","1526.89","1595.62","57.07","90.63","89.11","46.17","1589.07"
"Wed Apr 22 2026 11:00:00 GMT+0530 (India Standard Time)","1591.30","1592.90","1589.20","1592.90","16113.00","-1.68","-1.06","-0.61","1594.53","74.95","1527.61","1594.79","86.52","90.77","89.13","49.21","1589.16"
"Wed Apr 22 2026 11:15:00 GMT+0530 (India Standard Time)","1592.90","1596.00","1591.60","1594.80","36741.00","-1.32","-1.11","-0.21","1594.63","85.71","1528.31","1594.13","100.00","90.77","89.14","51.46","1589.52"
"Wed Apr 22 2026 11:30:00 GMT+0530 (India Standard Time)","1594.80","1596.00","1592.20","1593.10","128780.00","-1.16","-1.12","-0.04","1594.70","48.46","1529.00","1593.74","85.49","90.77","89.15","49.36","1590.37"
"Wed Apr 22 2026 11:45:00 GMT+0530 (India Standard Time)","1592.50","1596.70","1591.30","1596.30","26613.00","-0.77","-1.05","0.29","1594.87","80.45","1529.71","1593.51","100.00","90.96","89.17","53.24","1590.55"
"Wed Apr 22 2026 12:00:00 GMT+0530 (India Standard Time)","1596.30","1598.50","1593.60","1594.90","33019.00","-0.56","-0.95","0.39","1594.96","52.13","1530.43","1593.24","88.61","90.96","89.18","51.38","1590.79"
"Wed Apr 22 2026 12:15:00 GMT+0530 (India Standard Time)","1594.60","1595.00","1591.90","1592.60","28265.00","-0.58","-0.88","0.30","1594.95","24.18","1531.13","1592.87","70.30","90.82","89.19","48.40","1590.88"
"Wed Apr 22 2026 12:30:00 GMT+0530 (India Standard Time)","1592.60","1593.50","1590.00","1591.40","27407.00","-0.68","-0.84","0.16","1594.91","15.50","1531.85","1592.42","60.91","90.76","89.20","46.87","1590.91"
"Wed Apr 22 2026 12:45:00 GMT+0530 (India Standard Time)","1591.40","1593.80","1590.00","1593.80","58680.00","-0.56","-0.78","0.22","1594.88","65.30","1532.58","1592.35","81.69","90.76","89.22","50.26","1591.03"
"Wed Apr 22 2026 13:00:00 GMT+0530 (India Standard Time)","1594.00","1598.30","1593.30","1594.10","32417.00","-0.44","-0.71","0.28","1594.82","69.76","1533.30","1592.18","84.29","90.77","89.23","50.68","1591.19"
"Wed Apr 22 2026 13:15:00 GMT+0530 (India Standard Time)","1594.10","1594.50","1590.10","1592.00","23552.00","-0.50","-0.67","0.17","1594.94","24.93","1534.01","1592.10","60.09","90.65","89.24","47.63","1591.22"
"Wed Apr 22 2026 13:30:00 GMT+0530 (India Standard Time)","1592.00","1602.00","1590.10","1601.40","142064.00","0.20","-0.50","0.70","1595.21","88.88","1534.76","1592.43","100.00","90.65","89.25","59.41","1592.15"
"Wed Apr 22 2026 13:45:00 GMT+0530 (India Standard Time)","1601.40","1603.40","1594.10","1596.10","71025.00","0.33","-0.33","0.66","1595.37","45.33","1535.48","1592.40","46.08","90.35","89.26","52.27","1592.52"
"Wed Apr 22 2026 14:00:00 GMT+0530 (India Standard Time)","1596.50","1596.60","1591.80","1592.90","42039.00","0.17","-0.23","0.40","1595.51","28.48","1536.19","1592.14","17.47","90.17","89.27","48.48","1592.57"
"Wed Apr 22 2026 14:15:00 GMT+0530 (India Standard Time)","1592.60","1592.60","1589.80","1591.00","37943.00","-0.11","-0.21","0.10","1595.57","19.76","1536.92","1592.34","0","90.06","89.27","46.33","1592.52"
"Wed Apr 22 2026 14:30:00 GMT+0530 (India Standard Time)","1591.10","1596.80","1590.00","1593.10","114297.00","-0.16","-0.20","0.04","1595.74","52.15","1537.65","1592.62","20.55","90.06","89.28","49.02","1592.59"
"Wed Apr 22 2026 14:45:00 GMT+0530 (India Standard Time)","1592.90","1595.70","1592.10","1595.00","69687.00","-0.04","-0.17","0.12","1595.93","72.35","1538.39","1593.20","38.69","90.17","89.29","51.39","1592.68"
"Wed Apr 22 2026 15:00:00 GMT+0530 (India Standard Time)","1594.00","1594.00","1587.70","1589.20","129272.00","-0.42","-0.22","-0.20","1596.13","20.23","1539.10","1593.40","0","90.17","89.29","44.57","1592.47"
"Wed Apr 22 2026 15:15:00 GMT+0530 (India Standard Time)","1589.20","1591.30","1586.00","1587.50","289986.00","-0.84","-0.34","-0.50","1596.44","14.22","1539.82","1593.25","0","90.17","89.30","42.78","1591.78"
"Thu Apr 23 2026 09:15:00 GMT+0530 (India Standard Time)","1575.00","1581.20","1566.20","1578.30","230835.00","-1.89","-0.65","-1.24","1596.06","3.37","1540.47","1592.54","0","89.65","89.30","34.66","1575.23"
"Thu Apr 23 2026 09:30:00 GMT+0530 (India Standard Time)","1577.70","1581.50","1571.60","1578.80","68218.00","-2.66","-1.05","-1.61","1595.79","10.77","1541.12","1591.96","2.90","89.68","89.31","35.38","1575.70"
"Thu Apr 23 2026 09:45:00 GMT+0530 (India Standard Time)","1579.30","1583.90","1578.50","1580.70","40323.00","-3.08","-1.46","-1.62","1595.44","43.59","1541.77","1591.35","14.13","89.79","89.31","38.16","1576.34"
"Thu Apr 23 2026 10:00:00 GMT+0530 (India Standard Time)","1580.70","1582.90","1578.40","1579.70","23885.00","-3.45","-1.86","-1.59","1595.06","31.42","1542.42","1590.59","10.46","89.73","89.31","37.25","1576.60"
"Thu Apr 23 2026 10:15:00 GMT+0530 (India Standard Time)","1580.10","1583.10","1578.60","1582.60","17912.00","-3.47","-2.18","-1.29","1594.66","73.81","1543.08","1590.07","28.01","89.89","89.32","41.59","1576.83"
"Thu Apr 23 2026 10:30:00 GMT+0530 (India Standard Time)","1582.60","1584.60","1578.00","1580.30","30966.00","-3.63","-2.47","-1.16","1594.12","37.27","1543.71","1589.27","18.63","89.89","89.32","39.27","1577.14"
"Thu Apr 23 2026 10:45:00 GMT+0530 (India Standard Time)","1580.70","1588.10","1578.70","1585.60","121164.00","-3.29","-2.63","-0.66","1593.63","80.88","1544.33","1588.80","68.15","89.89","89.33","46.66","1578.73"
"Thu Apr 23 2026 11:00:00 GMT+0530 (India Standard Time)","1586.10","1592.70","1584.70","1585.00","196092.00","-3.04","-2.72","-0.32","1593.17","69.88","1544.96","1588.42","67.64","89.89","89.33","45.98","1581.08"
"Thu Apr 23 2026 11:15:00 GMT+0530 (India Standard Time)","1585.00","1588.00","1584.60","1587.80","27260.00","-2.58","-2.69","0.11","1592.86","86.73","1545.56","1588.24","89.73","90.05","89.34","49.67","1581.28"
"Thu Apr 23 2026 11:30:00 GMT+0530 (India Standard Time)","1587.90","1598.80","1587.00","1597.00","160445.00","-1.46","-2.44","0.98","1592.79","97.16","1546.19","1588.40","100.00","90.05","89.34","59.48","1583.55"
"Thu Apr 23 2026 11:45:00 GMT+0530 (India Standard Time)","1597.00","1610.50","1597.00","1610.50","126876.00","0.51","-1.85","2.37","1592.99","99.14","1546.90","1589.22","100.00","90.81","89.35","69.03","1586.28"
"Thu Apr 23 2026 12:00:00 GMT+0530 (India Standard Time)","1610.50","1611.00","1602.00","1603.00","117101.00","1.46","-1.19","2.65","1592.88","55.85","1547.58","1589.77","75.19","90.39","89.36","60.50","1588.20"
"Thu Apr 23 2026 12:15:00 GMT+0530 (India Standard Time)","1602.80","1603.30","1599.20","1600.40","56880.00","1.97","-0.56","2.53","1592.69","42.87","1548.24","1589.72","67.44","90.24","89.37","57.84","1588.80"
"Thu Apr 23 2026 12:30:00 GMT+0530 (India Standard Time)","1600.40","1603.20","1599.50","1600.90","52872.00","2.39","0.03","2.36","1592.55","47.56","1548.90","1589.96","68.55","90.27","89.38","58.22","1589.32"
"Thu Apr 23 2026 12:45:00 GMT+0530 (India Standard Time)","1601.20","1605.00","1599.00","1604.00","63470.00","2.94","0.61","2.33","1592.61","74.01","1549.59","1590.52","74.95","90.27","89.38","60.60","1589.95"
"Thu Apr 23 2026 13:00:00 GMT+0530 (India Standard Time)","1603.80","1604.70","1599.20","1602.60","40938.00","3.22","1.13","2.09","1592.65","50.85","1550.28","1591.10","68.33","90.19","89.39","58.96","1590.31"
"Thu Apr 23 2026 13:15:00 GMT+0530 (India Standard Time)","1603.00","1607.50","1602.00","1605.50","70105.00","3.64","1.64","2.00","1592.75","78.60","1550.98","1591.72","75.66","90.19","89.40","61.29","1591.03"
"Thu Apr 23 2026 13:30:00 GMT+0530 (India Standard Time)","1605.60","1605.70","1600.10","1603.30","28344.00","3.75","2.06","1.69","1592.82","42.33","1551.66","1592.13","64.88","90.07","89.40","58.58","1591.26"
"Thu Apr 23 2026 13:45:00 GMT+0530 (India Standard Time)","1603.80","1604.00","1601.30","1603.50","28190.00","3.81","2.41","1.40","1592.88","46.80","1552.33","1592.85","65.48","90.08","89.41","58.75","1591.48"
"Thu Apr 23 2026 14:00:00 GMT+0530 (India Standard Time)","1602.70","1603.50","1599.00","1599.30","29579.00","3.48","2.62","0.86","1592.96","11.01","1552.98","1593.44","32.76","90.08","89.41","53.53","1591.65"
"Thu Apr 23 2026 14:15:00 GMT+0530 (India Standard Time)","1599.50","1600.30","1595.10","1595.50","37664.00","2.88","2.67","0.20","1592.92","4.62","1553.59","1594.30","14.24","90.08","89.42","49.26","1591.78"
"Thu Apr 23 2026 14:30:00 GMT+0530 (India Standard Time)","1595.70","1597.80","1591.20","1594.00","42464.00","2.25","2.59","-0.34","1592.93","3.17","1554.21","1595.06","0","90.08","89.42","47.65","1591.85"
"Thu Apr 23 2026 14:45:00 GMT+0530 (India Standard Time)","1594.50","1602.50","1593.40","1600.80","287067.00","2.28","2.53","-0.25","1593.05","74.84","1554.85","1596.07","33.79","90.08","89.43","54.87","1592.91"
"Thu Apr 23 2026 15:00:00 GMT+0530 (India Standard Time)","1600.80","1603.00","1600.00","1600.80","104764.00","2.27","2.48","-0.20","1593.13","74.84","1555.46","1597.12","33.79","90.08","89.43","54.87","1593.35"
"Thu Apr 23 2026 15:15:00 GMT+0530 (India Standard Time)","1600.30","1610.20","1599.70","1610.00","397084.00","2.98","2.58","0.40","1593.37","94.97","1556.14","1598.49","100.00","90.08","89.44","62.90","1595.55"
"Fri Apr 24 2026 09:15:00 GMT+0530 (India Standard Time)","1612.00","1618.80","1595.30","1596.60","213626.00","2.43","2.55","-0.12","1593.56","28.51","1556.89","1599.30","10.02","89.33","89.44","49.17","1603.57"
"Fri Apr 24 2026 09:30:00 GMT+0530 (India Standard Time)","1595.90","1598.00","1589.10","1595.00","91484.00","1.84","2.41","-0.57","1593.71","24.43","1557.63","1599.77","1.22","89.24","89.43","47.83","1600.71"
"Fri Apr 24 2026 09:45:00 GMT+0530 (India Standard Time)","1594.10","1598.90","1593.10","1593.60","71309.00","1.25","2.17","-0.93","1593.92","19.53","1558.32","1600.20","0","89.16","89.43","46.63","1599.66"
"Fri Apr 24 2026 10:00:00 GMT+0530 (India Standard Time)","1593.00","1599.00","1592.40","1593.00","96837.00","0.72","1.88","-1.16","1594.07","16.67","1559.01","1600.46","0","89.16","89.43","46.10","1598.67"
"Fri Apr 24 2026 10:15:00 GMT+0530 (India Standard Time)","1592.80","1595.60","1586.70","1587.40","124680.00","-0.15","1.48","-1.62","1594.01","4.46","1559.64","1599.98","0","89.16","89.43","41.34","1596.84"
"Fri Apr 24 2026 10:30:00 GMT+0530 (India Standard Time)","1586.10","1587.50","1581.90","1582.30","81952.00","-1.23","0.94","-2.17","1593.81","1.91","1560.28","1598.57","0","88.88","89.42","37.55","1595.28"
"Fri Apr 24 2026 10:45:00 GMT+0530 (India Standard Time)","1582.30","1584.30","1577.20","1579.00","120756.00","-2.33","0.28","-2.61","1593.58","1.10","1560.88","1597.37","0","88.88","89.42","35.29","1593.00"
"Fri Apr 24 2026 11:00:00 GMT+0530 (India Standard Time)","1579.10","1579.10","1572.60","1574.10","66480.00","-3.55","-0.48","-3.07","1593.20","0.49","1561.45","1596.06","0","88.60","89.41","32.19","1591.64"
"Fri Apr 24 2026 11:15:00 GMT+0530 (India Standard Time)","1574.10","1578.90","1572.90","1576.90","60508.00","-4.25","-1.24","-3.01","1592.84","39.24","1562.00","1594.86","11.31","88.76","89.41","35.66","1590.64"
"Fri Apr 24 2026 11:30:00 GMT+0530 (India Standard Time)","1576.90","1579.30","1573.00","1574.40","60221.00","-4.95","-1.98","-2.97","1592.47","23.14","1562.55","1593.38","5.86","88.62","89.40","33.99","1589.72"
"Fri Apr 24 2026 11:45:00 GMT+0530 (India Standard Time)","1574.70","1574.70","1570.80","1571.80","23380.00","-5.64","-2.71","-2.93","1591.98","12.49","1563.05","1591.84","0.33","88.47","89.39","32.29","1589.32"
"Fri Apr 24 2026 12:00:00 GMT+0530 (India Standard Time)","1571.80","1575.20","1569.30","1575.00","91994.00","-5.87","-3.34","-2.53","1591.58","58.98","1563.57","1590.31","14.02","88.47","89.39","36.50","1587.97"
"Fri Apr 24 2026 12:15:00 GMT+0530 (India Standard Time)","1575.00","1575.40","1568.80","1570.20","20773.00","-6.36","-3.95","-2.42","1591.13","22.74","1564.06","1588.66","3.19","88.20","89.38","33.17","1587.67"
"Fri Apr 24 2026 12:30:00 GMT+0530 (India Standard Time)","1570.00","1573.70","1568.50","1569.30","17714.00","-6.75","-4.51","-2.24","1590.69","18.48","1564.55","1586.95","2.24","88.15","89.37","32.57","1587.40"
"Fri Apr 24 2026 12:45:00 GMT+0530 (India Standard Time)","1570.20","1573.00","1567.00","1569.20","43212.00","-6.98","-5.00","-1.98","1590.20","17.74","1565.03","1585.44","1.98","88.15","89.36","32.50","1586.76"
"Fri Apr 24 2026 13:00:00 GMT+0530 (India Standard Time)","1570.00","1570.00","1558.60","1560.40","83376.00","-7.79","-5.56","-2.23","1589.53","2.21","1565.44","1583.69","0","88.15","89.35","26.98","1585.19"
"Fri Apr 24 2026 13:15:00 GMT+0530 (India Standard Time)","1560.00","1562.50","1556.50","1561.70","117311.00","-8.23","-6.09","-2.13","1588.92","22.31","1565.89","1582.07","10.05","88.15","89.34","28.90","1583.08"
"Fri Apr 24 2026 13:30:00 GMT+0530 (India Standard Time)","1562.00","1562.00","1558.40","1559.30","67093.00","-8.67","-6.61","-2.06","1588.08","12.68","1566.31","1580.00","3.37","88.02","89.33","27.46","1582.01"
"Fri Apr 24 2026 13:45:00 GMT+0530 (India Standard Time)","1559.30","1561.90","1558.00","1560.90","48052.00","-8.79","-7.04","-1.74","1587.37","44.57","1566.75","1578.00","28.24","88.11","89.32","29.96","1581.31"
"Fri Apr 24 2026 14:00:00 GMT+0530 (India Standard Time)","1560.90","1570.60","1560.30","1568.20","89076.00","-8.20","-7.27","-0.92","1586.88","87.20","1567.24","1575.91","100.00","88.11","89.31","40.10","1580.48"
"Fri Apr 24 2026 14:15:00 GMT+0530 (India Standard Time)","1568.50","1576.90","1567.40","1575.60","104169.00","-7.05","-7.23","0.18","1586.57","95.00","1567.77","1574.86","100.00","88.11","89.30","48.28","1580.04"
"Fri Apr 24 2026 14:30:00 GMT+0530 (India Standard Time)","1575.60","1586.40","1575.60","1583.50","173007.00","-5.44","-6.87","1.43","1586.38","97.83","1568.35","1574.29","100.00","88.11","89.29","55.29","1580.20"
"Fri Apr 24 2026 14:45:00 GMT+0530 (India Standard Time)","1583.70","1586.20","1579.10","1580.20","101111.00","-4.39","-6.38","1.99","1586.08","66.44","1568.92","1573.62","88.77","87.92","89.28","52.11","1580.29"
"Fri Apr 24 2026 15:00:00 GMT+0530 (India Standard Time)","1580.10","1587.30","1576.80","1583.30","128177.00","-3.26","-5.75","2.49","1585.97","79.06","1569.51","1573.13","98.07","87.92","89.27","54.75","1580.42"
"Fri Apr 24 2026 15:15:00 GMT+0530 (India Standard Time)","1583.30","1591.70","1583.30","1590.00","185832.00","-1.80","-4.96","3.16","1586.02","92.03","1570.14","1573.26","100.00","87.92","89.26","59.88","1581.06"
"Mon Apr 27 2026 09:15:00 GMT+0530 (India Standard Time)","1600.00","1628.30","1593.00","1624.00","646949.00","2.07","-3.56","5.62","1586.93","98.91","1570.77","1575.35","100.00","87.92","89.25","75.23","1615.10"
"Mon Apr 27 2026 09:30:00 GMT+0530 (India Standard Time)","1624.80","1638.80","1624.70","1634.90","450990.00","5.95","-1.66","7.60","1588.05","99.30","1571.44","1578.14","100.00","88.51","89.24","78.13","1622.37"
"Mon Apr 27 2026 09:45:00 GMT+0530 (India Standard Time)","1634.50","1641.80","1633.00","1635.30","245254.00","8.95","0.47","8.49","1589.14","99.31","1572.10","1581.20","100.00","88.53","89.24","78.23","1624.99"
"Mon Apr 27 2026 10:00:00 GMT+0530 (India Standard Time)","1635.30","1636.40","1629.10","1629.50","103533.00","10.74","2.52","8.22","1590.14","57.12","1572.74","1583.83","89.79","88.22","89.23","72.99","1625.46"
"Mon Apr 27 2026 10:15:00 GMT+0530 (India Standard Time)","1630.10","1638.00","1630.00","1637.70","88879.00","12.67","4.55","8.12","1591.24","80.52","1573.38","1587.00","94.61","88.66","89.23","75.49","1626.03"
"Mon Apr 27 2026 10:30:00 GMT+0530 (India Standard Time)","1639.40","1642.90","1636.00","1641.50","109645.00","14.35","6.51","7.84","1592.47","87.06","1574.06","1590.48","96.74","88.66","89.22","76.57","1626.97"
"Mon Apr 27 2026 10:45:00 GMT+0530 (India Standard Time)","1641.50","1644.70","1638.00","1643.10","105406.00","15.62","8.33","7.29","1593.62","89.92","1574.76","1593.89","97.52","88.75","89.22","77.03","1627.87"
"Mon Apr 27 2026 11:00:00 GMT+0530 (India Standard Time)","1643.10","1649.00","1642.30","1648.80","121908.00","16.90","10.04","6.85","1594.89","96.08","1575.49","1597.82","100.00","88.75","89.21","78.64","1629.10"
"Mon Apr 27 2026 11:15:00 GMT+0530 (India Standard Time)","1648.40","1649.90","1643.10","1643.20","144473.00","17.26","11.49","5.77","1596.00","43.66","1576.19","1601.51","82.15","88.75","89.21","73.22","1630.26"
"Mon Apr 27 2026 11:30:00 GMT+0530 (India Standard Time)","1643.20","1643.80","1634.40","1635.40","137068.00","16.72","12.53","4.19","1596.77","17.33","1576.82","1604.82","53.71","88.33","89.20","66.36","1630.75"
"Mon Apr 27 2026 11:45:00 GMT+0530 (India Standard Time)","1635.40","1635.40","1628.20","1628.80","105560.00","15.58","13.14","2.44","1597.13","8.57","1577.41","1608.24","34.03","87.97","89.19","61.14","1630.75"
"Mon Apr 27 2026 12:00:00 GMT+0530 (India Standard Time)","1628.80","1629.10","1627.00","1628.30","49401.00","14.47","13.41","1.06","1597.64","7.96","1577.99","1611.57","25.13","87.95","89.18","60.75","1630.69"
"Mon Apr 27 2026 12:15:00 GMT+0530 (India Standard Time)","1628.30","1629.20","1621.10","1622.00","382266.00","12.94","13.32","-0.38","1598.07","2.85","1578.55","1614.71","0","87.95","89.17","55.91","1629.76"
"Mon Apr 27 2026 12:30:00 GMT+0530 (India Standard Time)","1622.40","1629.00","1621.50","1625.30","66360.00","11.85","13.02","-1.17","1598.56","41.91","1579.12","1617.93","8.34","88.13","89.17","57.81","1629.65"
"Mon Apr 27 2026 12:45:00 GMT+0530 (India Standard Time)","1625.30","1629.00","1624.00","1628.90","50255.00","11.15","12.65","-1.50","1599.06","69.05","1579.71","1620.96","17.27","88.32","89.16","59.84","1629.61"
"Mon Apr 27 2026 13:00:00 GMT+0530 (India Standard Time)","1628.90","1629.00","1626.80","1628.90","26796.00","10.47","12.21","-1.74","1599.58","69.05","1580.31","1623.63","17.27","88.32","89.15","59.84","1629.59"
"Mon Apr 27 2026 13:15:00 GMT+0530 (India Standard Time)","1628.90","1629.60","1624.30","1624.90","71723.00","9.51","11.67","-2.17","1599.97","22.44","1580.89","1625.70","1.91","88.32","89.15","56.34","1629.51"
"Mon Apr 27 2026 13:30:00 GMT+0530 (India Standard Time)","1624.80","1627.90","1623.50","1627.20","56065.00","8.82","11.10","-2.28","1600.45","56.34","1581.48","1628.05","8.60","88.45","89.14","57.87","1629.45"
"Mon Apr 27 2026 13:45:00 GMT+0530 (India Standard Time)","1627.30","1629.00","1622.90","1624.20","171047.00","7.95","10.47","-2.52","1600.86","26.33","1582.05","1630.09","0","88.45","89.14","55.17","1629.23"
"Mon Apr 27 2026 14:00:00 GMT+0530 (India Standard Time)","1624.10","1627.30","1624.00","1625.10","73661.00","7.24","9.83","-2.58","1601.38","44.17","1582.63","1631.85","2.84","88.49","89.13","55.83","1629.14"
"Mon Apr 27 2026 14:15:00 GMT+0530 (India Standard Time)","1625.00","1628.70","1623.50","1627.00","99856.00","6.76","9.21","-2.45","1602.01","72.40","1583.22","1632.00","8.99","88.49","89.13","57.27","1629.06"
"Mon Apr 27 2026 14:30:00 GMT+0530 (India Standard Time)","1627.00","1631.10","1624.00","1629.40","128656.00","6.50","8.67","-2.17","1602.72","87.88","1583.82","1631.72","21.76","88.49","89.12","59.09","1629.02"
"Mon Apr 27 2026 14:45:00 GMT+0530 (India Standard Time)","1629.80","1632.70","1628.20","1630.10","74450.00","6.27","8.19","-1.92","1603.30","90.87","1584.43","1631.46","39.92","88.53","89.12","59.63","1629.05"
"Mon Apr 27 2026 15:00:00 GMT+0530 (India Standard Time)","1630.40","1631.90","1627.80","1629.50","74309.00","5.98","7.75","-1.77","1603.88","63.87","1585.01","1631.46","62.78","88.50","89.11","58.92","1629.07"
"Mon Apr 27 2026 15:15:00 GMT+0530 (India Standard Time)","1629.30","1630.00","1626.60","1628.00","197368.00","5.56","7.31","-1.75","1604.24","25.70","1585.61","1630.98","34.06","88.50","89.11","57.07","1629.02"
"Tue Apr 28 2026 09:15:00 GMT+0530 (India Standard Time)","1628.40","1647.10","1624.90","1638.90","350513.00","6.04","7.06","-1.02","1605.08","92.33","1586.21","1630.85","100.00","88.50","89.10","65.53","1636.97"
"Tue Apr 28 2026 09:30:00 GMT+0530 (India Standard Time)","1638.90","1648.00","1635.60","1636.10","169679.00","6.12","6.87","-0.75","1605.91","63.21","1586.76","1630.50","67.31","88.35","89.10","62.14","1637.92"
"Tue Apr 28 2026 09:45:00 GMT+0530 (India Standard Time)","1638.90","1642.30","1636.00","1637.30","62786.00","6.21","6.74","-0.53","1606.78","71.04","1587.32","1629.92","75.82","88.41","89.09","63.02","1637.99"
"Tue Apr 28 2026 10:00:00 GMT+0530 (India Standard Time)","1637.80","1640.50","1634.10","1636.00","72605.00","6.10","6.61","-0.51","1607.64","48.62","1587.86","1629.56","59.72","88.41","89.09","61.36","1637.86"
"Tue Apr 28 2026 10:15:00 GMT+0530 (India Standard Time)","1636.30","1636.50","1630.30","1634.40","61567.00","5.83","6.45","-0.63","1608.58","27.36","1588.40","1629.51","39.65","88.33","89.08","59.28","1637.51"
"Tue Apr 28 2026 10:30:00 GMT+0530 (India Standard Time)","1634.40","1635.50","1629.10","1631.70","36310.00","5.33","6.23","-0.90","1609.57","11.05","1588.90","1629.66","6.46","88.18","89.07","55.84","1637.25"
"Tue Apr 28 2026 10:45:00 GMT+0530 (India Standard Time)","1632.00","1635.00","1631.10","1631.80","37747.00","4.88","5.96","-1.08","1610.62","14.81","1589.41","1629.83","7.45","88.18","89.07","55.94","1637.03"
"Tue Apr 28 2026 11:00:00 GMT+0530 (India Standard Time)","1631.80","1632.20","1627.60","1628.90","44000.00","4.25","5.62","-1.37","1611.72","4.29","1589.90","1630.18","0","88.18","89.06","52.17","1636.64"
"Tue Apr 28 2026 11:15:00 GMT+0530 (India Standard Time)","1628.90","1629.40","1625.30","1625.40","90297.00","3.42","5.18","-1.76","1612.69","1.58","1590.39","1630.18","0","88.18","89.05","47.98","1635.67"
"Tue Apr 28 2026 11:30:00 GMT+0530 (India Standard Time)","1625.40","1629.90","1624.50","1628.80","258080.00","3.01","4.74","-1.74","1613.78","55.81","1590.91","1630.18","23.00","88.18","89.05","52.02","1633.94"
"Tue Apr 28 2026 11:45:00 GMT+0530 (India Standard Time)","1628.80","1633.10","1627.10","1631.70","61062.00","2.88","4.37","-1.49","1614.98","77.22","1591.45","1630.32","41.19","88.34","89.04","55.21","1633.77"
"Tue Apr 28 2026 12:00:00 GMT+0530 (India Standard Time)","1631.60","1633.40","1630.00","1631.60","36158.00","2.74","4.04","-1.31","1616.11","74.72","1592.01","1630.65","40.41","88.33","89.03","55.07","1633.72"
"Tue Apr 28 2026 12:15:00 GMT+0530 (India Standard Time)","1631.40","1632.00","1627.00","1628.30","51769.00","2.33","3.70","-1.37","1617.27","23.84","1592.52","1630.71","15.14","88.33","89.03","50.64","1633.54"
"Tue Apr 28 2026 12:30:00 GMT+0530 (India Standard Time)","1628.30","1630.00","1627.00","1629.80","37828.00","2.11","3.38","-1.27","1618.48","52.96","1593.03","1630.99","25.81","88.41","89.02","52.51","1633.41"
"Tue Apr 28 2026 12:45:00 GMT+0530 (India Standard Time)","1629.80","1629.90","1626.00","1626.30","29603.00","1.63","3.03","-1.40","1619.62","19.02","1593.51","1631.05","0","88.22","89.02","47.94","1633.28"
"Tue Apr 28 2026 13:00:00 GMT+0530 (India Standard Time)","1626.30","1628.20","1626.00","1627.60","37423.00","1.34","2.69","-1.35","1620.97","45.14","1593.96","1631.08","11.61","88.22","89.01","49.69","1633.13"
"Tue Apr 28 2026 13:15:00 GMT+0530 (India Standard Time)","1627.40","1631.60","1627.10","1630.40","31006.00","1.32","2.42","-1.10","1622.34","77.04","1594.40","1631.13","40.19","88.38","89.01","53.33","1633.05"
"Tue Apr 28 2026 13:30:00 GMT+0530 (India Standard Time)","1630.30","1630.30","1626.30","1627.10","49030.00","1.03","2.14","-1.11","1623.70","32.50","1594.80","1630.98","7.99","88.38","89.00","48.85","1632.89"
"Tue Apr 28 2026 13:45:00 GMT+0530 (India Standard Time)","1627.20","1631.30","1626.10","1629.20","78736.00","0.95","1.90","-0.95","1625.06","61.11","1595.17","1630.96","46.19","88.38","89.00","51.63","1632.69"
"Tue Apr 28 2026 14:00:00 GMT+0530 (India Standard Time)","1629.20","1630.70","1626.80","1628.60","79986.00","0.84","1.69","-0.85","1626.27","49.20","1595.57","1630.99","35.54","88.38","88.99","50.78","1632.50"
"Tue Apr 28 2026 14:15:00 GMT+0530 (India Standard Time)","1628.60","1634.80","1627.20","1634.80","100069.00","1.23","1.60","-0.37","1627.45","89.90","1596.00","1630.79","100.00","88.38","88.99","58.42","1632.48"
"Tue Apr 28 2026 14:30:00 GMT+0530 (India Standard Time)","1634.80","1640.10","1634.60","1640.00","279115.00","1.94","1.67","0.27","1628.58","95.69","1596.46","1630.98","100.00","88.38","88.98","63.53","1633.27"
"Tue Apr 28 2026 14:45:00 GMT+0530 (India Standard Time)","1640.00","1643.50","1639.20","1642.50","115194.00","2.67","1.87","0.80","1629.83","97.22","1596.93","1631.24","100.00","88.51","88.98","65.71","1633.71"
"Tue Apr 28 2026 15:00:00 GMT+0530 (India Standard Time)","1642.70","1642.70","1635.00","1637.30","161511.00","2.80","2.06","0.75","1630.91","39.23","1597.37","1631.31","56.30","88.51","88.97","57.94","1634.03"
"Tue Apr 28 2026 15:15:00 GMT+0530 (India Standard Time)","1637.30","1639.80","1636.40","1639.00","148654.00","3.01","2.25","0.76","1631.89","56.28","1597.84","1631.54","65.76","88.60","88.97","59.62","1634.30"
"Wed Apr 29 2026 09:15:00 GMT+0530 (India Standard Time)","1645.00","1659.00","1644.90","1655.00","220270.00","4.41","2.68","1.73","1632.51","93.04","1598.27","1632.70","100.00","88.60","88.97","71.26","1652.97"
"Wed Apr 29 2026 09:30:00 GMT+0530 (India Standard Time)","1654.80","1657.80","1650.10","1650.30","65111.00","5.08","3.16","1.92","1632.82","62.28","1598.70","1633.63","74.47","88.35","88.96","65.30","1652.91"
"Wed Apr 29 2026 09:45:00 GMT+0530 (India Standard Time)","1651.00","1653.60","1646.10","1648.00","56095.00","5.37","3.60","1.77","1633.07","47.05","1599.10","1634.58","62.66","88.23","88.96","62.55","1652.31"
"Wed Apr 29 2026 10:00:00 GMT+0530 (India Standard Time)","1648.00","1650.80","1645.70","1648.90","52933.00","5.60","4.00","1.60","1633.46","55.55","1599.47","1635.76","64.07","88.28","88.95","63.20","1651.79"
"Wed Apr 29 2026 10:15:00 GMT+0530 (India Standard Time)","1649.00","1650.50","1646.60","1648.90","50151.00","5.72","4.35","1.38","1633.68","55.55","1599.84","1636.76","64.07","88.28","88.95","63.20","1651.44"
"Wed Apr 29 2026 10:30:00 GMT+0530 (India Standard Time)","1649.00","1664.00","1647.10","1664.00","152629.00","6.96","4.87","2.09","1634.13","96.23","1600.32","1638.38","100.00","88.28","88.94","72.54","1653.21"
"Wed Apr 29 2026 10:45:00 GMT+0530 (India Standard Time)","1664.00","1672.00","1660.20","1665.70","254087.00","7.98","5.49","2.49","1634.59","96.87","1600.77","1640.08","100.00","88.28","88.94","73.35","1657.02"
"Wed Apr 29 2026 11:00:00 GMT+0530 (India Standard Time)","1665.80","1670.70","1665.00","1668.30","89297.00","8.90","6.17","2.73","1634.98","97.95","1601.27","1642.08","100.00","88.41","88.93","74.60","1658.06"
"Wed Apr 29 2026 11:15:00 GMT+0530 (India Standard Time)","1668.10","1668.30","1663.10","1663.10","164145.00","9.10","6.76","2.34","1635.37","41.28","1601.76","1643.75","58.97","88.41","88.93","67.77","1659.07"
"Wed Apr 29 2026 11:30:00 GMT+0530 (India Standard Time)","1663.40","1669.50","1662.80","1667.50","90873.00","9.51","7.31","2.20","1636.02","70.33","1602.30","1645.81","73.88","88.65","88.93","70.25","1659.64"
"Wed Apr 29 2026 11:45:00 GMT+0530 (India Standard Time)","1668.00","1668.50","1661.10","1662.90","40442.00","9.35","7.72","1.63","1636.70","34.57","1602.82","1647.57","40.22","88.40","88.92","64.64","1659.79"
"Wed Apr 29 2026 12:00:00 GMT+0530 (India Standard Time)","1662.40","1667.00","1662.00","1665.00","61436.00","9.29","8.03","1.26","1637.43","55.31","1603.35","1649.30","48.23","88.40","88.92","65.98","1660.02"
"Wed Apr 29 2026 12:15:00 GMT+0530 (India Standard Time)","1665.00","1668.50","1664.90","1667.00","37971.00","9.29","8.28","1.01","1638.33","72.14","1603.87","1651.30","50.90","88.51","88.92","67.25","1660.21"
"Wed Apr 29 2026 12:30:00 GMT+0530 (India Standard Time)","1667.00","1667.00","1664.30","1665.10","24288.00","9.04","8.44","0.61","1639.13","42.05","1604.40","1653.09","18.46","88.41","88.91","64.78","1660.31"
"Wed Apr 29 2026 12:45:00 GMT+0530 (India Standard Time)","1665.10","1668.00","1664.30","1664.70","40322.00","8.71","8.49","0.22","1639.84","35.77","1604.92","1654.90","14.02","88.41","88.91","64.24","1660.46"
"Wed Apr 29 2026 13:00:00 GMT+0530 (India Standard Time)","1664.70","1666.00","1663.00","1663.80","29692.00","8.27","8.45","-0.17","1640.54","21.39","1605.44","1656.35","3.56","88.36","88.90","62.98","1660.54"
"Wed Apr 29 2026 13:15:00 GMT+0530 (India Standard Time)","1663.80","1664.40","1661.60","1662.60","38869.00","7.75","8.31","-0.56","1641.30","10.33","1605.94","1657.48","0","88.36","88.90","61.25","1660.60"
"Wed Apr 29 2026 13:30:00 GMT+0530 (India Standard Time)","1663.00","1664.40","1657.30","1657.80","56408.00","6.86","8.02","-1.16","1641.91","2.01","1606.40","1658.24","0","88.36","88.90","54.78","1660.57"
"Wed Apr 29 2026 13:45:00 GMT+0530 (India Standard Time)","1657.80","1659.90","1653.60","1658.10","70450.00","6.11","7.64","-1.52","1642.59","10.97","1606.86","1659.28","1.61","88.36","88.89","55.10","1660.42"
"Wed Apr 29 2026 14:00:00 GMT+0530 (India Standard Time)","1657.80","1660.50","1654.50","1660.20","61249.00","5.62","7.23","-1.61","1643.29","60.96","1607.30","1660.34","13.06","88.47","88.89","57.37","1660.35"
"Wed Apr 29 2026 14:15:00 GMT+0530 (India Standard Time)","1660.20","1661.20","1657.10","1659.30","44302.00","5.11","6.81","-1.70","1643.93","41.15","1607.73","1660.56","6.46","88.42","88.88","56.06","1660.32"
"Wed Apr 29 2026 14:30:00 GMT+0530 (India Standard Time)","1659.30","1661.30","1655.70","1661.30","115875.00","4.80","6.41","-1.61","1644.57","75.92","1608.17","1661.11","22.96","88.42","88.88","58.34","1660.26"
"Wed Apr 29 2026 14:45:00 GMT+0530 (India Standard Time)","1661.40","1668.30","1659.70","1663.80","115944.00","4.71","6.07","-1.36","1645.25","90.28","1608.62","1661.90","40.50","88.42","88.88","61.05","1660.48"
"Wed Apr 29 2026 15:00:00 GMT+0530 (India Standard Time)","1664.30","1667.40","1660.60","1660.60","173555.00","4.32","5.72","-1.39","1645.87","35.73","1609.05","1662.48","9.93","88.42","88.87","56.02","1660.68"
"Wed Apr 29 2026 15:15:00 GMT+0530 (India Standard Time)","1660.60","1661.20","1650.60","1655.00","231581.00","3.53","5.28","-1.75","1646.41","11.47","1609.47","1662.79","0","88.42","88.87","48.50","1660.18"
"Thu Apr 30 2026 09:15:00 GMT+0530 (India Standard Time)","1650.00","1650.00","1612.20","1636.70","453884.00","1.40","4.51","-3.10","1646.36","2.11","1609.73","1661.42","0","88.42","88.87","32.93","1632.97"
"Thu Apr 30 2026 09:30:00 GMT+0530 (India Standard Time)","1635.00","1637.00","1623.50","1626.00","251332.00","-1.13","3.38","-4.51","1646.16","1.08","1609.98","1659.44","0","87.85","88.86","27.40","1631.49"
"Thu Apr 30 2026 09:45:00 GMT+0530 (India Standard Time)","1626.00","1627.90","1616.00","1616.10","281971.00","-3.89","1.92","-5.81","1645.74","0.57","1610.18","1656.83","0","87.85","88.85","23.46","1628.21"
"Thu Apr 30 2026 10:00:00 GMT+0530 (India Standard Time)","1616.00","1617.90","1607.40","1613.20","315724.00","-6.24","0.29","-6.53","1645.28","0.44","1610.33","1654.33","0","87.85","88.84","22.45","1624.48"
"Thu Apr 30 2026 10:15:00 GMT+0530 (India Standard Time)","1613.20","1618.70","1611.70","1616.90","109420.00","-7.72","-1.31","-6.41","1644.93","35.99","1610.48","1651.80","11.22","88.05","88.84","26.80","1623.81"
"Thu Apr 30 2026 10:30:00 GMT+0530 (India Standard Time)","1616.50","1630.70","1616.00","1630.30","189263.00","-7.72","-2.59","-5.12","1644.90","82.15","1610.70","1650.17","45.35","88.05","88.83","39.96","1624.03"
"Thu Apr 30 2026 10:45:00 GMT+0530 (India Standard Time)","1630.30","1633.30","1627.20","1628.20","79741.00","-7.79","-3.63","-4.16","1644.83","67.00","1610.87","1648.33","42.31","87.93","88.82","38.78","1624.29"
"Thu Apr 30 2026 11:00:00 GMT+0530 (India Standard Time)","1627.90","1630.00","1626.40","1629.30","61537.00","-7.68","-4.44","-3.24","1644.84","72.34","1611.07","1646.45","44.90","87.99","88.82","39.78","1624.44"
"Thu Apr 30 2026 11:15:00 GMT+0530 (India Standard Time)","1629.30","1633.90","1628.10","1633.50","70778.00","-7.17","-4.99","-2.18","1645.00","87.63","1611.29","1644.87","54.72","87.99","88.81","43.57","1624.73"
"Thu Apr 30 2026 11:30:00 GMT+0530 (India Standard Time)","1634.00","1638.90","1633.10","1634.20","90279.00","-6.63","-5.31","-1.31","1645.11","89.56","1611.51","1643.34","56.35","87.99","88.80","44.20","1625.24"
"Thu Apr 30 2026 11:45:00 GMT+0530 (India Standard Time)","1634.30","1637.00","1627.30","1629.70","101605.00","-6.49","-5.55","-0.94","1645.07","29.85","1611.72","1641.64","48.13","87.99","88.80","41.03","1625.55"
"Thu Apr 30 2026 12:00:00 GMT+0530 (India Standard Time)","1629.70","1635.00","1629.20","1633.80","121787.00","-5.98","-5.64","-0.34","1645.11","68.33","1611.94","1640.20","66.89","87.99","88.79","44.91","1625.95"
"Thu Apr 30 2026 12:15:00 GMT+0530 (India Standard Time)","1633.80","1637.40","1630.80","1631.30","137918.00","-5.71","-5.65","-0.06","1645.17","40.94","1612.13","1638.87","79.07","87.99","88.79","43.05","1626.39"
"Thu Apr 30 2026 12:30:00 GMT+0530 (India Standard Time)","1631.60","1631.90","1628.00","1630.90","41885.00","-5.47","-5.61","0.15","1645.20","36.29","1612.32","1637.51","90.36","87.97","88.78","42.74","1626.46"
"Thu Apr 30 2026 12:45:00 GMT+0530 (India Standard Time)","1631.00","1635.40","1630.50","1633.70","40136.00","-4.99","-5.49","0.50","1645.34","75.41","1612.51","1636.19","100.00","88.12","88.77","45.64","1626.58"
"Thu Apr 30 2026 13:00:00 GMT+0530 (India Standard Time)","1633.30","1634.20","1627.00","1628.00","68360.00","-5.02","-5.39","0.38","1645.35","21.54","1612.66","1634.62","80.32","88.12","88.77","41.08","1626.67"
"Thu Apr 30 2026 13:15:00 GMT+0530 (India Standard Time)","1628.00","1629.50","1627.00","1627.30","51601.00","-5.03","-5.32","0.29","1645.29","18.33","1612.87","1632.92","78.00","88.09","88.76","40.54","1626.69"
"Thu Apr 30 2026 13:30:00 GMT+0530 (India Standard Time)","1627.30","1637.00","1627.10","1634.10","92587.00","-4.45","-5.15","0.70","1645.43","79.06","1613.10","1631.44","100.00","88.09","88.76","47.69","1626.91"
"Thu Apr 30 2026 13:45:00 GMT+0530 (India Standard Time)","1634.10","1647.00","1627.50","1637.90","307803.00","-3.64","-4.85","1.21","1645.60","88.56","1613.35","1630.30","100.00","88.09","88.75","51.22","1628.04"
"Thu Apr 30 2026 14:00:00 GMT+0530 (India Standard Time)","1637.90","1638.00","1596.80","1600.00","695268.00","-5.98","-5.07","-0.91","1645.03","8.81","1613.42","1627.55","0","88.09","88.75","29.70","1624.84"
"Thu Apr 30 2026 14:15:00 GMT+0530 (India Standard Time)","1600.90","1615.80","1600.90","1614.70","229298.00","-6.58","-5.37","-1.20","1644.63","46.31","1613.56","1626.45","48.77","88.89","88.75","40.19","1623.97"
"Thu Apr 30 2026 14:30:00 GMT+0530 (India Standard Time)","1615.50","1632.90","1613.20","1630.30","238617.00","-5.73","-5.44","-0.28","1644.44","71.33","1613.78","1626.67","89.28","88.89","88.75","48.91","1624.06"
"Thu Apr 30 2026 14:45:00 GMT+0530 (India Standard Time)","1630.30","1631.00","1618.20","1622.80","220956.00","-5.59","-5.47","-0.12","1644.04","49.26","1613.97","1627.00","73.33","88.49","88.75","45.48","1624.05"
"Thu Apr 30 2026 15:00:00 GMT+0530 (India Standard Time)","1623.40","1665.10","1621.40","1661.80","1021259.00","-2.31","-4.84","2.53","1644.53","87.97","1614.38","1629.43","100.00","88.49","88.75","60.86","1628.97"
"Thu Apr 30 2026 15:15:00 GMT+0530 (India Standard Time)","1661.80","1677.00","1659.30","1675.50","1016261.00","1.38","-3.60","4.98","1645.26","92.17","1614.90","1632.36","100.00","89.22","88.75","64.63","1635.70"
"Mon May 04 2026 09:15:00 GMT+0530 (India Standard Time)","1702.00","1723.00","1687.30","1699.30","1127693.00","6.15","-1.65","7.80","1646.15","96.46","1615.41","1635.81","100.00","89.22","88.75","70.04","1703.20"
"Mon May 04 2026 09:30:00 GMT+0530 (India Standard Time)","1699.30","1708.70","1689.30","1695.00","382735.00","9.48","0.58","8.90","1647.04","80.52","1615.93","1639.15","94.99","88.99","88.75","68.02","1701.80"
"Mon May 04 2026 09:45:00 GMT+0530 (India Standard Time)","1694.80","1705.80","1692.00","1705.60","182479.00","12.82","3.03","9.80","1648.19","89.26","1616.46","1642.97","100.00","89.55","88.76","70.29","1701.73"
"Mon May 04 2026 10:00:00 GMT+0530 (India Standard Time)","1705.70","1711.50","1700.00","1708.80","263975.00","15.55","5.53","10.02","1649.39","91.55","1617.01","1646.73","100.00","89.55","88.77","70.96","1702.41"
"Mon May 04 2026 10:15:00 GMT+0530 (India Standard Time)","1708.80","1709.90","1701.20","1706.40","111094.00","17.32","7.89","9.43","1650.54","69.36","1617.53","1650.34","96.91","89.42","88.77","69.69","1702.59"
"Mon May 04 2026 10:30:00 GMT+0530 (India Standard Time)","1706.40","1712.80","1704.10","1709.30","127315.00","18.74","10.06","8.68","1651.45","80.68","1618.04","1654.32","98.59","89.42","88.78","70.38","1702.95"
"Mon May 04 2026 10:45:00 GMT+0530 (India Standard Time)","1708.40","1716.80","1705.40","1714.10","185908.00","20.02","12.05","7.97","1652.42","91.31","1618.56","1658.34","100.00","89.42","88.78","71.54","1703.66"
"Mon May 04 2026 11:00:00 GMT+0530 (India Standard Time)","1714.10","1740.00","1713.00","1735.30","643679.00","22.49","14.14","8.35","1653.76","98.52","1619.20","1663.54","100.00","89.42","88.79","76.00","1709.15"
"Mon May 04 2026 11:15:00 GMT+0530 (India Standard Time)","1735.80","1742.00","1728.60","1738.00","337525.00","24.38","16.19","8.19","1655.25","98.78","1619.87","1668.89","100.00","89.56","88.79","76.51","1711.86"
"Mon May 04 2026 11:30:00 GMT+0530 (India Standard Time)","1738.00","1748.60","1736.00","1744.60","309740.00","26.11","18.17","7.94","1656.80","99.34","1620.59","1674.44","100.00","89.90","88.80","77.74","1714.49"
"Mon May 04 2026 11:45:00 GMT+0530 (India Standard Time)","1744.80","1746.20","1728.00","1732.90","388416.00","26.24","19.79","6.45","1658.20","37.75","1621.26","1679.68","78.05","89.90","88.81","70.66","1716.52"
"Mon May 04 2026 12:00:00 GMT+0530 (India Standard Time)","1732.40","1737.00","1722.90","1723.20","362406.00","25.26","20.88","4.38","1659.36","18.61","1621.83","1684.48","26.57","89.40","88.82","65.34","1717.44"
"Mon May 04 2026 12:15:00 GMT+0530 (India Standard Time)","1723.20","1724.20","1720.00","1722.90","178752.00","24.19","21.54","2.65","1660.48","18.05","1622.39","1688.92","4.18","89.38","88.82","65.18","1717.63"
"Mon May 04 2026 12:30:00 GMT+0530 (India Standard Time)","1722.50","1729.40","1718.90","1727.40","176215.00","23.43","21.92","1.51","1661.72","57.14","1622.99","1693.39","10.76","89.61","88.83","66.53","1717.91"
"Mon May 04 2026 12:45:00 GMT+0530 (India Standard Time)","1727.00","1730.00","1724.90","1729.50","164291.00","22.74","22.08","0.65","1663.02","70.34","1623.63","1699.87","15.85","89.72","88.83","67.17","1718.25"
"Mon May 04 2026 13:00:00 GMT+0530 (India Standard Time)","1729.50","1738.10","1727.40","1736.60","179206.00","22.50","22.17","0.33","1664.48","90.38","1624.31","1705.96","32.87","89.72","88.84","69.31","1718.80"
"Mon May 04 2026 13:15:00 GMT+0530 (India Standard Time)","1736.80","1737.50","1726.00","1726.40","175146.00","21.24","21.98","-0.74","1665.75","30.73","1624.94","1710.77","0","89.20","88.84","62.97","1719.17"
"Mon May 04 2026 13:30:00 GMT+0530 (India Standard Time)","1724.20","1736.00","1723.30","1734.90","141801.00","20.70","21.72","-1.03","1667.29","67.01","1625.62","1716.37","19.02","89.64","88.85","65.78","1719.49"
"Mon May 04 2026 13:45:00 GMT+0530 (India Standard Time)","1734.80","1736.00","1726.10","1728.50","112525.00","19.52","21.28","-1.76","1668.70","37.46","1626.26","1719.71","0","89.30","88.85","61.96","1719.71"
"Mon May 04 2026 14:00:00 GMT+0530 (India Standard Time)","1728.50","1730.40","1726.10","1727.70","140760.00","18.31","20.69","-2.38","1670.05","33.74","1626.92","1722.32","0","89.30","88.86","61.48","1719.91"
"Mon May 04 2026 14:15:00 GMT+0530 (India Standard Time)","1727.40","1736.00","1727.40","1735.70","85293.00","17.80","20.11","-2.31","1671.58","77.81","1627.61","1724.14","18.24","89.72","88.86","64.45","1720.11"
"Mon May 04 2026 14:30:00 GMT+0530 (India Standard Time)","1736.20","1742.10","1726.00","1729.50","237265.00","16.69","19.43","-2.73","1672.94","38.31","1628.29","1725.86","0","89.72","88.87","60.56","1720.60"
"Mon May 04 2026 14:45:00 GMT+0530 (India Standard Time)","1729.50","1735.90","1726.20","1735.30","229887.00","16.10","18.76","-2.66","1674.37","68.36","1628.99","1727.35","13.16","90.02","88.88","62.82","1721.03"
"Mon May 04 2026 15:00:00 GMT+0530 (India Standard Time)","1735.50","1746.70","1733.80","1742.90","363927.00","16.06","18.22","-2.16","1676.02","86.10","1629.72","1729.05","49.94","90.02","88.89","65.60","1722.14"
"Mon May 04 2026 15:15:00 GMT+0530 (India Standard Time)","1742.90","1747.90","1738.00","1746.80","471078.00","16.16","17.81","-1.65","1677.86","91.18","1630.47","1731.07","73.25","90.02","88.90","66.97","1723.61"
"Tue May 05 2026 09:15:00 GMT+0530 (India Standard Time)","1749.80","1757.40","1719.00","1723.30","734680.00","14.18","17.08","-2.91","1679.59","16.88","1631.15","1731.77","0","90.02","88.90","53.25","1733.23"
"Tue May 05 2026 09:30:00 GMT+0530 (India Standard Time)","1723.50","1751.90","1722.90","1751.60","390359.00","14.72","16.61","-1.89","1682.10","71.94","1631.97","1733.65","61.11","91.50","88.93","63.06","1736.32"
"Tue May 05 2026 09:45:00 GMT+0530 (India Standard Time)","1751.60","1751.60","1736.30","1739.70","336872.00","14.03","16.09","-2.07","1684.57","46.20","1632.75","1733.87","27.03","90.88","88.94","57.59","1737.75"
"Tue May 05 2026 10:00:00 GMT+0530 (India Standard Time)","1739.50","1741.10","1734.30","1740.90","258649.00","13.42","15.56","-2.14","1687.13","49.82","1633.53","1734.01","29.49","90.94","88.96","57.98","1737.91"
"Tue May 05 2026 10:15:00 GMT+0530 (India Standard Time)","1741.30","1750.70","1738.20","1740.20","267029.00","12.74","14.99","-2.26","1689.59","46.20","1634.28","1733.79","32.06","90.94","88.97","57.64","1738.59"
"Tue May 05 2026 10:30:00 GMT+0530 (India Standard Time)","1740.20","1740.70","1723.90","1725.10","329643.00","10.85","14.17","-3.32","1691.49","11.16","1634.94","1733.40","0","90.94","88.99","50.76","1737.36"
"Tue May 05 2026 10:45:00 GMT+0530 (India Standard Time)","1725.50","1726.30","1721.50","1723.50","88772.00","9.12","13.16","-4.03","1693.39","9.61","1635.61","1733.42","0","90.85","89.00","50.08","1736.86"
"Tue May 05 2026 11:00:00 GMT+0530 (India Standard Time)","1723.50","1725.90","1721.60","1725.00","167600.00","7.78","12.08","-4.30","1695.31","28.24","1636.27","1733.52","3.96","90.85","89.02","50.75","1736.03"
"Tue May 05 2026 11:15:00 GMT+0530 (India Standard Time)","1725.00","1732.40","1725.00","1731.70","76035.00","7.18","11.10","-3.92","1697.27","74.75","1636.95","1733.74","21.60","91.21","89.03","53.73","1735.85"
"Tue May 05 2026 11:30:00 GMT+0530 (India Standard Time)","1731.70","1732.00","1726.50","1728.60","48770.00","6.38","10.16","-3.78","1699.16","46.73","1637.63","1733.69","12.29","91.04","89.05","52.16","1735.72"
"Tue May 05 2026 11:45:00 GMT+0530 (India Standard Time)","1728.60","1729.00","1725.10","1725.80","39384.00","5.46","9.22","-3.76","1701.08","27.86","1638.28","1733.15","3.74","90.90","89.06","50.71","1735.59"
"Tue May 05 2026 12:00:00 GMT+0530 (India Standard Time)","1725.80","1732.00","1725.10","1731.60","52071.00","5.13","8.40","-3.27","1703.04","73.01","1638.96","1733.41","20.71","90.90","89.08","53.58","1735.48"
"Tue May 05 2026 12:15:00 GMT+0530 (India Standard Time)","1731.70","1734.50","1727.00","1730.80","69113.00","4.76","7.67","-2.92","1705.03","62.26","1639.65","1733.21","17.99","90.90","89.09","53.12","1735.37"
"Tue May 05 2026 12:30:00 GMT+0530 (India Standard Time)","1730.80","1735.00","1727.50","1734.60","78322.00","4.71","7.08","-2.37","1707.10","84.27","1640.37","1733.51","38.56","90.90","89.11","55.09","1735.29"
"Tue May 05 2026 12:45:00 GMT+0530 (India Standard Time)","1734.60","1738.00","1733.40","1735.00","66486.00","4.65","6.59","-1.94","1709.13","85.99","1641.07","1733.88","40.20","90.92","89.12","55.30","1735.29"
"Tue May 05 2026 13:00:00 GMT+0530 (India Standard Time)","1735.00","1738.40","1733.80","1735.90","79250.00","4.63","6.20","-1.57","1711.29","90.61","1641.78","1733.89","72.47","90.92","89.13","55.81","1735.31"
"Tue May 05 2026 13:15:00 GMT+0530 (India Standard Time)","1735.90","1736.00","1732.60","1734.40","57971.00","4.43","5.85","-1.41","1713.43","43.16","1642.49","1734.13","58.37","90.84","89.15","54.69","1735.29"
"Tue May 05 2026 13:30:00 GMT+0530 (India Standard Time)","1734.30","1741.90","1732.00","1735.00","242332.00","4.28","5.53","-1.25","1715.45","59.94","1643.16","1734.12","66.09","90.84","89.16","55.08","1735.36"
"Tue May 05 2026 13:45:00 GMT+0530 (India Standard Time)","1735.80","1739.80","1732.20","1735.00","111280.00","4.11","5.25","-1.14","1717.39","59.94","1643.86","1733.72","87.30","90.84","89.17","55.08","1735.37"
"Tue May 05 2026 14:00:00 GMT+0530 (India Standard Time)","1735.00","1736.00","1732.00","1732.50","74549.00","3.73","4.95","-1.21","1720.04","10.12","1644.55","1733.01","49.25","90.71","89.19","52.90","1735.34"
"Tue May 05 2026 14:15:00 GMT+0530 (India Standard Time)","1733.00","1735.70","1732.30","1735.70","56014.00","3.65","4.69","-1.04","1722.46","71.26","1645.28","1733.63","90.76","90.88","89.20","55.34","1735.32"
"Tue May 05 2026 14:30:00 GMT+0530 (India Standard Time)","1735.70","1735.90","1734.10","1734.50","61177.00","3.44","4.44","-0.99","1724.54","47.19","1645.99","1732.77","68.54","90.88","89.21","54.21","1735.32"
"Tue May 05 2026 14:45:00 GMT+0530 (India Standard Time)","1734.60","1735.00","1732.00","1732.90","87549.00","3.12","4.17","-1.06","1726.74","24.82","1646.67","1732.43","38.18","90.88","89.22","52.66","1735.27"
"Tue May 05 2026 15:00:00 GMT+0530 (India Standard Time)","1731.70","1731.70","1725.00","1726.00","233288.00","2.28","3.79","-1.52","1728.03","4.88","1647.36","1731.69","0","90.88","89.24","46.50","1734.82"
"Tue May 05 2026 15:15:00 GMT+0530 (India Standard Time)","1726.00","1727.50","1718.70","1726.80","323463.00","1.66","3.37","-1.71","1729.05","19.82","1648.06","1731.02","8.27","90.88","89.25","47.27","1734.04"
"Wed May 06 2026 09:15:00 GMT+0530 (India Standard Time)","1750.00","1751.00","1734.40","1737.00","290639.00","1.96","3.09","-1.12","1729.81","83.98","1648.85","1731.61","100.00","91.41","89.27","55.97","1740.80"
"Wed May 06 2026 09:30:00 GMT+0530 (India Standard Time)","1737.00","1743.50","1736.70","1737.80","114972.00","2.25","2.92","-0.67","1730.66","85.77","1649.64","1732.33","100.00","91.45","89.28","56.58","1740.38"
"Wed May 06 2026 09:45:00 GMT+0530 (India Standard Time)","1738.30","1742.20","1736.00","1736.00","109332.00","2.30","2.79","-0.50","1731.27","57.11","1650.42","1732.88","81.90","91.36","89.30","54.75","1739.89"
"Wed May 06 2026 10:00:00 GMT+0530 (India Standard Time)","1736.50","1736.50","1730.10","1732.80","61976.00","2.06","2.65","-0.59","1731.75","26.10","1651.19","1732.93","50.32","91.19","89.32","51.57","1739.17"
"Wed May 06 2026 10:15:00 GMT+0530 (India Standard Time)","1732.80","1734.60","1731.00","1732.00","35533.00","1.78","2.47","-0.69","1732.26","20.53","1651.93","1733.10","42.43","91.15","89.33","50.78","1738.78"
"Wed May 06 2026 10:30:00 GMT+0530 (India Standard Time)","1731.90","1735.00","1728.40","1733.80","43660.00","1.69","2.32","-0.63","1732.75","59.47","1652.70","1733.50","60.01","91.15","89.34","52.55","1738.36"
"Wed May 06 2026 10:45:00 GMT+0530 (India Standard Time)","1733.80","1733.80","1728.20","1729.00","41854.00","1.22","2.10","-0.88","1733.05","16.46","1653.42","1733.37","11.16","90.90","89.36","47.62","1737.88"
"Wed May 06 2026 11:00:00 GMT+0530 (India Standard Time)","1729.00","1730.40","1728.00","1730.00","27298.00","0.91","1.86","-0.95","1732.95","35.80","1654.14","1733.33","21.86","90.95","89.37","48.70","1737.56"
"Wed May 06 2026 11:15:00 GMT+0530 (India Standard Time)","1730.00","1733.90","1729.00","1733.90","88927.00","0.97","1.68","-0.71","1732.86","77.12","1654.87","1733.30","62.37","90.95","89.38","52.79","1736.98"
"Wed May 06 2026 11:30:00 GMT+0530 (India Standard Time)","1734.50","1738.00","1731.30","1732.60","161591.00","0.90","1.53","-0.62","1732.62","53.97","1655.55","1733.18","47.82","90.95","89.39","51.32","1736.48"
"Wed May 06 2026 11:45:00 GMT+0530 (India Standard Time)","1732.60","1732.60","1729.30","1729.50","58334.00","0.59","1.34","-0.75","1732.56","22.19","1656.15","1732.86","13.92","90.79","89.40","47.90","1736.14"
"Wed May 06 2026 12:00:00 GMT+0530 (India Standard Time)","1730.00","1732.00","1728.80","1729.50","43848.00","0.34","1.14","-0.80","1732.68","22.19","1656.78","1732.61","13.92","90.79","89.41","47.90","1735.90"
"Wed May 06 2026 12:15:00 GMT+0530 (India Standard Time)","1729.70","1730.20","1725.70","1727.40","48970.00","-0.02","0.91","-0.93","1732.77","8.55","1657.41","1732.23","0","90.79","89.43","45.52","1735.54"
"Wed May 06 2026 12:30:00 GMT+0530 (India Standard Time)","1727.70","1729.00","1718.60","1722.00","122422.00","-0.74","0.58","-1.32","1732.66","2.05","1658.02","1731.58","0","90.79","89.44","40.01","1734.33"
"Wed May 06 2026 12:45:00 GMT+0530 (India Standard Time)","1722.30","1727.00","1721.50","1727.00","50451.00","-0.90","0.28","-1.18","1732.61","59.31","1658.63","1731.31","38.99","91.05","89.45","46.47","1733.98"
"Wed May 06 2026 13:00:00 GMT+0530 (India Standard Time)","1726.60","1730.00","1726.00","1728.00","40351.00","-0.93","0.04","-0.97","1732.44","67.02","1659.26","1730.92","52.04","91.10","89.46","47.68","1733.80"
"Wed May 06 2026 13:15:00 GMT+0530 (India Standard Time)","1728.50","1732.00","1728.00","1729.50","177080.00","-0.82","-0.13","-0.69","1732.50","78.97","1659.88","1730.67","74.53","91.10","89.47","49.53","1733.34"
"Wed May 06 2026 13:30:00 GMT+0530 (India Standard Time)","1729.50","1735.90","1729.00","1735.00","123724.00","-0.29","-0.16","-0.13","1732.51","94.25","1660.54","1730.78","100.00","91.39","89.49","55.71","1733.33"
"Wed May 06 2026 13:45:00 GMT+0530 (India Standard Time)","1734.20","1743.00","1733.60","1742.50","91385.00","0.72","0.01","0.71","1732.79","98.07","1661.23","1731.60","100.00","91.79","89.51","62.46","1733.67"
"Wed May 06 2026 14:00:00 GMT+0530 (India Standard Time)","1742.70","1749.60","1737.80","1745.70","206927.00","1.77","0.36","1.40","1733.15","98.77","1661.97","1732.55","100.00","91.79","89.53","64.91","1734.81"
"Wed May 06 2026 14:15:00 GMT+0530 (India Standard Time)","1746.00","1762.40","1742.50","1757.20","315467.00","3.48","0.99","2.50","1733.58","99.66","1662.77","1733.56","100.00","91.79","89.54","72.00","1737.50"
"Wed May 06 2026 14:30:00 GMT+0530 (India Standard Time)","1757.00","1759.10","1754.80","1758.50","183822.00","4.89","1.77","3.12","1734.16","99.71","1663.60","1734.59","100.00","91.86","89.56","72.67","1739.00"
"Wed May 06 2026 14:45:00 GMT+0530 (India Standard Time)","1758.00","1758.60","1747.10","1750.10","163644.00","5.27","2.47","2.80","1734.45","35.43","1664.34","1735.30","68.15","91.42","89.58","62.27","1739.82"
"Wed May 06 2026 15:00:00 GMT+0530 (India Standard Time)","1749.70","1751.60","1745.70","1747.40","188654.00","5.29","3.03","2.26","1734.54","25.05","1665.08","1736.03","59.15","91.42","89.59","59.33","1740.39"
"Wed May 06 2026 15:15:00 GMT+0530 (India Standard Time)","1747.40","1749.40","1742.00","1742.20","199614.00","4.83","3.39","1.44","1734.45","11.77","1665.74","1736.54","42.95","91.42","89.60","54.04","1740.66"
"Thu May 07 2026 09:15:00 GMT+0530 (India Standard Time)","1748.30","1755.90","1728.00","1729.20","278680.00","3.38","3.39","-0.01","1734.57","3.22","1666.40","1736.31","10.91","91.42","89.62","43.58","1737.70"
"Thu May 07 2026 09:30:00 GMT+0530 (India Standard Time)","1729.30","1733.60","1728.00","1730.70","137969.00","2.32","3.18","-0.85","1734.15","17.11","1667.08","1736.39","14.97","91.50","89.63","44.90","1735.40"
"Thu May 07 2026 09:45:00 GMT+0530 (India Standard Time)","1729.10","1730.20","1719.00","1719.60","172459.00","0.58","2.66","-2.08","1733.75","5.48","1667.71","1735.87","0","91.50","89.65","37.82","1731.75"
"Thu May 07 2026 10:00:00 GMT+0530 (India Standard Time)","1719.50","1719.50","1708.00","1718.30","281075.00","-0.89","1.95","-2.84","1733.30","4.73","1668.34","1735.09","0","91.50","89.66","37.08","1726.43"
"Thu May 07 2026 10:15:00 GMT+0530 (India Standard Time)","1718.00","1720.50","1715.00","1719.20","173911.00","-1.96","1.17","-3.13","1732.88","19.95","1668.99","1734.42","2.53","91.54","89.68","37.99","1725.06"
"Thu May 07 2026 10:30:00 GMT+0530 (India Standard Time)","1719.10","1732.00","1719.10","1730.50","130920.00","-1.88","0.56","-2.44","1732.98","84.03","1669.74","1734.47","30.82","92.15","89.70","48.05","1725.30"
"Thu May 07 2026 10:45:00 GMT+0530 (India Standard Time)","1730.90","1731.00","1728.00","1729.80","68395.00","-1.85","0.08","-1.92","1733.11","76.45","1670.49","1734.49","29.37","92.11","89.71","47.54","1725.54"
"Thu May 07 2026 11:00:00 GMT+0530 (India Standard Time)","1729.70","1731.80","1727.00","1727.30","64076.00","-2.00","-0.34","-1.66","1733.16","46.49","1671.26","1734.48","24.09","91.98","89.73","45.66","1725.69"
"Thu May 07 2026 11:15:00 GMT+0530 (India Standard Time)","1727.10","1731.50","1725.10","1727.30","58859.00","-2.10","-0.69","-1.41","1733.07","46.49","1672.01","1734.75","24.09","91.98","89.75","45.66","1725.79"
"Thu May 07 2026 11:30:00 GMT+0530 (India Standard Time)","1726.90","1733.90","1724.00","1724.00","65741.00","-2.42","-1.04","-1.38","1732.98","15.15","1672.76","1734.60","16.76","91.98","89.77","43.05","1725.86"
"Thu May 07 2026 11:45:00 GMT+0530 (India Standard Time)","1724.10","1729.80","1723.00","1728.70","54751.00","-2.26","-1.28","-0.98","1733.03","70.94","1673.54","1734.63","41.89","92.23","89.79","47.64","1725.91"
"Thu May 07 2026 12:00:00 GMT+0530 (India Standard Time)","1728.80","1733.40","1728.00","1732.60","70749.00","-1.80","-1.39","-0.42","1733.05","86.11","1674.33","1734.79","63.24","92.23","89.81","51.15","1726.15"
"Thu May 07 2026 12:15:00 GMT+0530 (India Standard Time)","1732.60","1737.00","1731.20","1731.90","70955.00","-1.48","-1.40","-0.07","1733.08","72.52","1675.14","1734.63","79.10","92.23","89.82","50.50","1726.47"
"Thu May 07 2026 12:30:00 GMT+0530 (India Standard Time)","1731.70","1741.80","1728.90","1735.80","176893.00","-0.90","-1.30","0.41","1733.10","90.04","1675.97","1734.30","100.00","92.23","89.84","54.03","1727.35"
"Thu May 07 2026 12:45:00 GMT+0530 (India Standard Time)","1735.70","1740.50","1733.50","1737.50","89333.00","-0.30","-1.10","0.81","1733.15","93.60","1676.81","1733.89","100.00","92.32","89.86","55.52","1727.82"
"Thu May 07 2026 13:00:00 GMT+0530 (India Standard Time)","1737.50","1739.30","1734.30","1735.50","47209.00","0.02","-0.88","0.90","1733.14","50.85","1677.69","1732.80","88.12","92.21","89.88","53.33","1728.02"
"Thu May 07 2026 13:15:00 GMT+0530 (India Standard Time)","1735.00","1736.00","1730.20","1732.90","53620.00","0.06","-0.69","0.75","1733.11","23.25","1678.54","1731.52","72.97","92.21","89.90","50.54","1728.16"
"Thu May 07 2026 13:30:00 GMT+0530 (India Standard Time)","1732.80","1733.90","1730.30","1731.50","100560.00","-0.02","-0.56","0.53","1733.04","14.67","1679.40","1730.59","63.09","92.21","89.92","49.05","1728.34"
"Thu May 07 2026 13:45:00 GMT+0530 (India Standard Time)","1731.50","1735.50","1731.50","1735.40","92245.00","0.22","-0.40","0.62","1733.05","72.07","1680.28","1729.99","81.29","92.42","89.94","53.19","1728.58"
"Thu May 07 2026 14:00:00 GMT+0530 (India Standard Time)","1735.50","1736.00","1732.10","1734.00","96780.00","0.30","-0.26","0.56","1733.08","48.60","1681.10","1729.58","68.30","92.42","89.96","51.57","1728.81"
"Thu May 07 2026 14:15:00 GMT+0530 (India Standard Time)","1734.00","1734.30","1728.90","1730.60","82021.00","0.09","-0.19","0.28","1732.98","18.82","1681.88","1729.65","37.82","92.24","89.97","47.77","1728.90"
"Thu May 07 2026 14:30:00 GMT+0530 (India Standard Time)","1731.10","1732.80","1730.10","1730.10","78357.00","-0.12","-0.18","0.06","1732.89","15.95","1682.61","1729.62","33.40","92.21","89.99","47.21","1728.97"
"Thu May 07 2026 14:45:00 GMT+0530 (India Standard Time)","1730.40","1732.70","1728.20","1730.90","152604.00","-0.21","-0.18","-0.03","1732.85","43.54","1683.37","1730.19","41.65","92.21","90.01","48.24","1729.06"
"Thu May 07 2026 15:00:00 GMT+0530 (India Standard Time)","1731.80","1735.00","1730.40","1731.30","277305.00","-0.26","-0.20","-0.06","1732.96","57.49","1684.11","1730.84","18.87","92.21","90.03","48.78","1729.37"
"Thu May 07 2026 15:15:00 GMT+0530 (India Standard Time)","1731.30","1735.90","1730.80","1735.60","387553.00","0.06","-0.15","0.20","1733.13","93.27","1684.83","1731.66","85.08","92.21","90.04","54.28","1729.93"
"Fri May 08 2026 09:15:00 GMT+0530 (India Standard Time)","1740.40","1753.10","1727.70","1751.60","739727.00","1.58","0.20","1.38","1733.42","99.07","1685.47","1732.71","100.00","92.21","90.06","68.04","1744.13"
"Fri May 08 2026 09:30:00 GMT+0530 (India Standard Time)","1751.80","1762.80","1751.10","1761.10","1204591.00","3.51","0.86","2.65","1733.89","99.54","1686.10","1734.28","100.00","92.21","90.08","73.19","1752.93"
"Fri May 08 2026 09:45:00 GMT+0530 (India Standard Time)","1761.20","1765.00","1759.40","1764.00","261058.00","5.22","1.73","3.48","1734.45","99.65","1686.75","1736.11","100.00","92.36","90.09","74.54","1754.10"
"Fri May 08 2026 10:00:00 GMT+0530 (India Standard Time)","1764.00","1773.00","1762.50","1771.20","220231.00","7.07","2.80","4.27","1735.22","99.84","1687.46","1738.31","100.00","92.74","90.12","77.57","1755.44"
"Fri May 08 2026 10:15:00 GMT+0530 (India Standard Time)","1772.00","1783.30","1771.80","1782.00","278713.00","9.30","4.10","5.20","1736.22","99.94","1688.18","1741.21","100.00","92.74","90.14","81.18","1757.87"
"Fri May 08 2026 10:30:00 GMT+0530 (India Standard Time)","1782.00","1792.00","1780.10","1781.10","322656.00","10.87","5.45","5.41","1737.16","90.60","1688.87","1743.83","96.60","92.74","90.16","80.02","1760.70"
"Fri May 08 2026 10:45:00 GMT+0530 (India Standard Time)","1781.10","1785.90","1771.10","1771.10","218498.00","11.18","6.60","4.58","1738.01","29.46","1689.51","1745.75","62.31","92.22","90.17","68.38","1761.73"
"Fri May 08 2026 11:00:00 GMT+0530 (India Standard Time)","1771.10","1773.00","1765.20","1768.00","137452.00","11.04","7.49","3.56","1738.77","20.77","1690.11","1747.56","52.98","92.06","90.19","65.21","1762.02"
"Fri May 08 2026 11:15:00 GMT+0530 (India Standard Time)","1768.00","1771.20","1765.20","1768.30","77109.00","10.84","8.16","2.68","1739.45","25.05","1690.74","1749.18","53.47","92.07","90.20","65.37","1762.16"
"Fri May 08 2026 11:30:00 GMT+0530 (India Standard Time)","1768.40","1768.50","1763.60","1766.00","49791.00","10.37","8.60","1.77","1740.12","13.70","1691.39","1750.61","46.13","91.95","90.22","62.88","1762.21"
"Fri May 08 2026 11:45:00 GMT+0530 (India Standard Time)","1765.80","1765.80","1755.30","1757.10","205281.00","9.17","8.71","0.46","1740.67","3.04","1692.03","1751.69","18.25","91.95","90.23","54.25","1762.06"
"Fri May 08 2026 12:00:00 GMT+0530 (India Standard Time)","1757.10","1757.80","1750.00","1753.80","175101.00","7.87","8.54","-0.68","1741.16","1.93","1692.66","1752.73","8.19","91.78","90.24","51.43","1761.69"
"Fri May 08 2026 12:15:00 GMT+0530 (India Standard Time)","1753.80","1760.90","1750.20","1758.40","179423.00","7.12","8.26","-1.14","1741.78","51.45","1693.34","1754.08","11.81","91.78","90.25","54.95","1761.46"
"Fri May 08 2026 12:30:00 GMT+0530 (India Standard Time)","1758.60","1759.30","1755.20","1755.20","64538.00","6.20","7.85","-1.64","1742.44","30.22","1693.99","1755.07","2.31","91.61","90.26","52.12","1761.38"
"Fri May 08 2026 12:45:00 GMT+0530 (India Standard Time)","1755.70","1758.40","1752.90","1756.80","63162.00","5.54","7.39","-1.85","1743.04","50.60","1694.63","1756.21","6.65","91.70","90.27","53.41","1761.30"
"Fri May 08 2026 13:00:00 GMT+0530 (India Standard Time)","1756.70","1760.50","1755.80","1757.80","52012.00","5.04","6.92","-1.88","1743.64","63.82","1695.27","1757.57","9.44","91.75","90.29","54.24","1761.26"
"Fri May 08 2026 13:15:00 GMT+0530 (India Standard Time)","1757.80","1762.80","1757.20","1761.30","38155.00","4.86","6.51","-1.64","1744.27","87.40","1695.96","1759.13","19.12","91.93","90.30","57.12","1761.25"
"Fri May 08 2026 13:30:00 GMT+0530 (India Standard Time)","1761.30","1764.10","1759.30","1762.00","34977.00","4.73","6.15","-1.42","1744.81","90.01","1696.63","1760.68","21.04","91.97","90.31","57.69","1761.26"
"Fri May 08 2026 13:45:00 GMT+0530 (India Standard Time)","1762.00","1763.50","1759.70","1760.40","25931.00","4.44","5.81","-1.37","1745.17","46.27","1697.31","1762.14","15.47","91.88","90.32","55.86","1761.26"
"Fri May 08 2026 14:00:00 GMT+0530 (India Standard Time)","1759.50","1763.00","1759.50","1761.60","27843.00","4.26","5.50","-1.24","1745.49","68.92","1697.99","1763.44","32.63","91.88","90.34","56.96","1761.26"
"Fri May 08 2026 14:15:00 GMT+0530 (India Standard Time)","1762.00","1762.70","1759.60","1761.90","34619.00","4.10","5.22","-1.12","1745.58","74.33","1698.67","1763.95","41.73","91.88","90.35","57.25","1761.26"
"Fri May 08 2026 14:30:00 GMT+0530 (India Standard Time)","1761.90","1765.80","1761.70","1764.60","63932.00","4.14","5.00","-0.87","1745.70","93.79","1699.34","1764.13","60.44","91.88","90.36","59.86","1761.30"
"Fri May 08 2026 14:45:00 GMT+0530 (India Standard Time)","1764.60","1766.10","1762.40","1762.60","60699.00","3.96","4.79","-0.83","1745.95","44.18","1700.01","1764.06","49.34","91.78","90.37","57.08","1761.33"
"Fri May 08 2026 15:00:00 GMT+0530 (India Standard Time)","1762.70","1763.00","1758.50","1760.20","164060.00","3.59","4.55","-0.97","1746.21","19.46","1700.66","1763.51","28.67","91.78","90.38","53.85","1761.31"
"Fri May 08 2026 15:15:00 GMT+0530 (India Standard Time)","1760.60","1761.70","1758.00","1760.00","269171.00","3.24","4.29","-1.05","1746.57","17.80","1701.32","1762.41","25.44","91.78","90.39","53.58","1761.23"
"Mon May 11 2026 09:15:00 GMT+0530 (India Standard Time)","1757.10","1757.30","1733.10","1743.60","491021.00","1.62","3.75","-2.14","1746.85","1.19","1701.84","1760.53","0","91.78","90.40","37.04","1744.67"
"Mon May 11 2026 09:30:00 GMT+0530 (India Standard Time)","1743.60","1760.90","1743.60","1758.90","850372.00","1.55","3.31","-1.76","1747.42","63.95","1702.46","1759.92","65.30","91.78","90.42","51.94","1750.88"
"Mon May 11 2026 09:45:00 GMT+0530 (India Standard Time)","1759.90","1763.00","1755.00","1755.00","328287.00","1.17","2.88","-1.72","1748.13","48.31","1703.05","1759.27","51.41","91.58","90.42","48.77","1752.21"
"Mon May 11 2026 10:00:00 GMT+0530 (India Standard Time)","1755.00","1770.00","1755.00","1769.00","135977.00","1.97","2.70","-0.73","1749.14","81.25","1703.71","1759.31","94.26","92.31","90.44","58.55","1753.15"
"Mon May 11 2026 10:15:00 GMT+0530 (India Standard Time)","1769.00","1770.50","1760.60","1761.60","67573.00","1.99","2.56","-0.57","1749.99","48.55","1704.35","1759.09","69.11","91.92","90.45","52.81","1753.55"
"Mon May 11 2026 10:30:00 GMT+0530 (India Standard Time)","1761.60","1761.70","1747.40","1751.10","131833.00","1.14","2.28","-1.13","1750.40","22.66","1704.94","1758.79","38.97","91.92","90.46","45.94","1753.54"
"Mon May 11 2026 10:45:00 GMT+0530 (India Standard Time)","1750.60","1751.20","1739.50","1739.50","364916.00","-0.46","1.73","-2.19","1750.59","10.40","1705.48","1758.07","11.96","91.92","90.47","39.77","1751.98"
"Mon May 11 2026 11:00:00 GMT+0530 (India Standard Time)","1739.90","1744.70","1739.00","1743.10","110026.00","-1.42","1.10","-2.52","1750.91","32.92","1706.05","1757.31","23.29","92.11","90.49","42.36","1751.55"
"Mon May 11 2026 11:15:00 GMT+0530 (India Standard Time)","1743.60","1749.80","1742.90","1749.70","77957.00","-1.63","0.55","-2.18","1751.36","65.09","1706.67","1757.03","43.02","92.46","90.50","46.86","1751.42"
"Mon May 11 2026 11:30:00 GMT+0530 (India Standard Time)","1751.10","1760.50","1746.50","1759.40","100400.00","-1.00","0.24","-1.25","1752.07","85.51","1707.33","1757.16","68.65","92.46","90.52","52.71","1751.58"
"Mon May 11 2026 11:45:00 GMT+0530 (India Standard Time)","1759.40","1762.90","1755.80","1759.30","75275.00","-0.51","0.09","-0.60","1752.68","84.49","1707.97","1757.24","72.53","92.45","90.53","52.64","1751.79"
"Mon May 11 2026 12:00:00 GMT+0530 (India Standard Time)","1759.30","1759.40","1756.10","1757.80","29738.00","-0.24","0.03","-0.26","1753.18","62.24","1708.60","1757.06","67.80","92.38","90.55","51.62","1751.86"
"Mon May 11 2026 12:15:00 GMT+0530 (India Standard Time)","1757.80","1758.70","1755.00","1755.00","26357.00","-0.24","-0.03","-0.21","1753.64","31.38","1709.23","1756.71","58.82","92.23","90.56","49.69","1751.90"
"Mon May 11 2026 12:30:00 GMT+0530 (India Standard Time)","1754.20","1761.00","1752.00","1760.60","47283.00","0.20","0.02","0.18","1754.14","77.00","1709.88","1756.72","76.26","92.23","90.57","53.44","1752.00"
"Mon May 11 2026 12:45:00 GMT+0530 (India Standard Time)","1760.80","1763.30","1760.00","1762.00","32405.00","0.66","0.15","0.51","1754.63","82.74","1710.56","1756.74","77.69","92.30","90.59","54.36","1752.11"
"Mon May 11 2026 13:00:00 GMT+0530 (India Standard Time)","1762.00","1764.80","1760.50","1764.40","44138.00","1.20","0.36","0.84","1755.21","90.70","1711.25","1756.87","86.21","92.30","90.60","55.96","1752.27"
"Mon May 11 2026 13:15:00 GMT+0530 (India Standard Time)","1764.20","1771.20","1763.00","1770.00","99563.00","2.06","0.70","1.36","1755.95","97.05","1711.94","1757.14","100.00","92.30","90.61","59.52","1752.80"
"Mon May 11 2026 13:30:00 GMT+0530 (India Standard Time)","1770.30","1784.00","1769.10","1782.00","267196.00","3.67","1.29","2.37","1756.96","99.25","1712.72","1758.11","100.00","92.30","90.63","65.90","1754.88"
"Mon May 11 2026 13:45:00 GMT+0530 (India Standard Time)","1782.40","1785.60","1775.00","1778.00","148065.00","4.56","1.95","2.62","1757.81","66.30","1713.46","1759.00","86.51","92.09","90.64","62.37","1755.94"
"Mon May 11 2026 14:00:00 GMT+0530 (India Standard Time)","1778.20","1782.40","1777.80","1780.50","92572.00","5.41","2.64","2.77","1758.74","76.19","1714.22","1760.02","91.51","92.22","90.65","63.68","1756.58"
"Mon May 11 2026 14:15:00 GMT+0530 (India Standard Time)","1780.50","1780.80","1770.40","1773.60","100071.00","5.47","3.21","2.26","1759.60","29.09","1714.92","1761.52","65.26","92.22","90.66","57.72","1757.09"
"Mon May 11 2026 14:30:00 GMT+0530 (India Standard Time)","1773.20","1779.60","1772.50","1773.00","90193.00","5.40","3.65","1.76","1760.46","26.27","1715.58","1762.23","54.41","92.19","90.67","57.22","1757.53"
"Mon May 11 2026 14:45:00 GMT+0530 (India Standard Time)","1773.00","1774.30","1767.20","1771.90","79880.00","5.20","3.96","1.24","1761.28","19.37","1716.23","1763.07","40.47","92.14","90.69","56.25","1757.81"
"Mon May 11 2026 15:00:00 GMT+0530 (India Standard Time)","1771.90","1772.80","1765.10","1765.70","160209.00","4.49","4.06","0.42","1761.97","4.89","1716.87","1762.91","8.23","92.14","90.70","51.03","1758.22"
"Mon May 11 2026 15:15:00 GMT+0530 (India Standard Time)","1765.70","1768.40","1763.00","1766.50","143728.00","3.94","4.04","-0.10","1762.59","20.27","1717.51","1763.15","12.08","92.18","90.71","51.65","1758.49"
"Tue May 12 2026 09:15:00 GMT+0530 (India Standard Time)","1752.00","1765.90","1733.60","1737.00","283865.00","1.12","3.45","-2.34","1762.29","1.57","1717.92","1762.45","0","92.18","90.72","34.30","1745.50"
"Tue May 12 2026 09:30:00 GMT+0530 (India Standard Time)","1736.60","1737.90","1729.10","1733.40","129330.00","-1.40","2.48","-3.88","1761.74","1.28","1718.33","1762.14","0","91.99","90.73","32.85","1741.73"
"Tue May 12 2026 09:45:00 GMT+0530 (India Standard Time)","1732.40","1739.80","1730.00","1730.00","196643.00","-3.62","1.26","-4.88","1761.06","0.95","1718.74","1761.49","0","91.99","90.74","31.49","1739.00"
"Tue May 12 2026 10:00:00 GMT+0530 (India Standard Time)","1730.10","1732.70","1726.50","1730.80","113444.00","-5.26","-0.04","-5.22","1760.25","11.66","1719.15","1760.54","2.06","92.03","90.75","32.20","1737.59"
"Tue May 12 2026 10:15:00 GMT+0530 (India Standard Time)","1731.30","1736.70","1730.60","1735.70","98745.00","-6.09","-1.25","-4.84","1759.33","62.00","1719.59","1759.36","14.64","92.29","90.76","36.53","1737.20"
"Tue May 12 2026 10:30:00 GMT+0530 (India Standard Time)","1735.30","1736.70","1731.90","1734.50","88433.00","-6.77","-2.36","-4.42","1758.39","48.47","1719.94","1758.12","12.88","92.23","90.77","35.93","1736.92"
"Tue May 12 2026 10:45:00 GMT+0530 (India Standard Time)","1734.00","1734.40","1723.00","1726.30","83896.00","-7.88","-3.46","-4.42","1757.50","12.17","1720.24","1756.54","1.65","91.79","90.78","32.02","1736.16"
"Tue May 12 2026 11:00:00 GMT+0530 (India Standard Time)","1725.80","1726.10","1719.20","1720.20","68781.00","-9.15","-4.60","-4.55","1756.54","5.76","1720.50","1754.80","0","91.47","90.79","29.46","1735.24"
"Tue May 12 2026 11:15:00 GMT+0530 (India Standard Time)","1720.20","1722.40","1717.30","1721.00","68619.00","-9.97","-5.67","-4.30","1755.60","17.20","1720.79","1752.82","2.79","91.51","90.79","30.25","1734.33"
"Tue May 12 2026 11:30:00 GMT+0530 (India Standard Time)","1721.00","1726.70","1719.10","1724.40","40926.00","-10.23","-6.58","-3.65","1754.76","59.26","1721.08","1750.94","15.08","91.69","90.80","33.64","1733.95"
"Tue May 12 2026 11:45:00 GMT+0530 (India Standard Time)","1724.40","1725.10","1719.10","1721.10","26471.00","-10.58","-7.38","-3.20","1754.04","29.84","1721.37","1748.78","9.54","91.51","90.80","32.01","1733.68"
"Tue May 12 2026 12:00:00 GMT+0530 (India Standard Time)","1721.10","1721.80","1715.00","1715.90","54176.00","-11.15","-8.14","-3.01","1753.29","11.63","1721.62","1746.07","0.56","91.51","90.81","29.58","1732.98"
"Tue May 12 2026 12:15:00 GMT+0530 (India Standard Time)","1715.90","1719.20","1715.10","1715.10","51781.00","-11.53","-8.81","-2.72","1752.42","9.80","1721.86","1742.73","0","91.47","90.82","29.22","1732.32"
"Tue May 12 2026 12:30:00 GMT+0530 (India Standard Time)","1715.10","1715.90","1709.50","1713.80","71401.00","-11.80","-9.41","-2.39","1751.59","6.47","1722.11","1739.52","0","91.47","90.82","28.59","1731.33"
"Tue May 12 2026 12:45:00 GMT+0530 (India Standard Time)","1713.80","1715.90","1711.80","1713.10","44298.00","-11.94","-9.92","-2.02","1750.72","4.74","1722.35","1736.15","0","91.43","90.83","28.25","1730.77"
"Tue May 12 2026 13:00:00 GMT+0530 (India Standard Time)","1713.80","1716.00","1710.80","1713.30","32456.00","-11.89","-10.31","-1.58","1749.83","17.38","1722.60","1733.13","3.24","91.44","90.83","28.51","1730.38"
"Tue May 12 2026 13:15:00 GMT+0530 (India Standard Time)","1714.00","1714.60","1707.00","1707.00","58408.00","-12.22","-10.69","-1.53","1748.74","1.86","1722.82","1729.83","0","91.44","90.84","25.31","1729.58"
"Tue May 12 2026 13:30:00 GMT+0530 (India Standard Time)","1707.40","1710.00","1705.20","1707.50","62209.00","-12.30","-11.02","-1.29","1747.65","14.04","1723.07","1726.61","6.34","91.44","90.84","26.02","1728.71"
"Tue May 12 2026 13:45:00 GMT+0530 (India Standard Time)","1707.10","1709.90","1691.30","1691.60","297827.00","-13.49","-11.51","-1.98","1746.28","1.58","1723.23","1722.91","0","91.44","90.84","19.62","1723.76"
"Tue May 12 2026 14:00:00 GMT+0530 (India Standard Time)","1691.60","1697.70","1687.70","1696.90","216123.00","-13.85","-11.98","-1.87","1744.98","38.17","1723.42","1719.43","46.49","91.73","90.85","26.14","1720.69"
"Tue May 12 2026 14:15:00 GMT+0530 (India Standard Time)","1696.70","1700.70","1693.90","1697.00","211803.00","-13.96","-12.37","-1.59","1743.68","39.02","1723.61","1717.43","47.36","91.74","90.86","26.26","1718.53"
"Tue May 12 2026 14:30:00 GMT+0530 (India Standard Time)","1696.80","1699.20","1691.00","1698.50","201856.00","-13.77","-12.65","-1.12","1742.36","56.91","1723.79","1715.68","60.98","91.82","90.87","28.17","1716.73"
"Tue May 12 2026 14:45:00 GMT+0530 (India Standard Time)","1698.50","1699.50","1688.70","1690.00","201084.00","-14.14","-12.95","-1.19","1740.91","13.16","1723.92","1713.68","33.57","91.36","90.87","24.33","1714.94"
"Tue May 12 2026 15:00:00 GMT+0530 (India Standard Time)","1689.90","1689.90","1683.20","1684.90","363405.00","-14.68","-13.30","-1.38","1739.40","6.85","1724.04","1711.39","22.08","91.36","90.87","22.36","1711.51"
"Tue May 12 2026 15:15:00 GMT+0530 (India Standard Time)","1683.90","1696.00","1683.80","1691.00","368171.00","-14.45","-13.53","-0.92","1738.02","56.63","1724.22","1709.15","100.00","91.36","90.88","29.69","1709.23"
"Wed May 13 2026 09:15:00 GMT+0530 (India Standard Time)","1688.20","1719.00","1688.00","1712.10","322715.00","-12.42","-13.31","0.89","1737.39","90.77","1724.60","1708.03","100.00","92.50","90.89","48.00","1706.37"
"Wed May 13 2026 09:30:00 GMT+0530 (India Standard Time)","1712.10","1714.80","1703.00","1711.70","195877.00","-10.72","-12.79","2.07","1736.45","88.14","1725.03","1707.30","99.11","92.48","90.90","47.75","1707.68"
"Wed May 13 2026 09:45:00 GMT+0530 (India Standard Time)","1711.70","1726.90","1709.30","1724.40","233136.00","-8.25","-11.88","3.63","1735.84","95.82","1725.57","1707.51","100.00","92.48","90.91","55.75","1711.56"
"Wed May 13 2026 10:00:00 GMT+0530 (India Standard Time)","1724.40","1728.00","1718.20","1723.90","137431.00","-6.26","-10.76","4.49","1734.94","91.17","1726.12","1707.66","99.00","92.45","90.93","55.39","1713.39"
"Wed May 13 2026 10:15:00 GMT+0530 (India Standard Time)","1723.90","1731.70","1723.90","1725.40","95148.00","-4.51","-9.51","4.99","1734.21","93.16","1726.67","1707.71","100.00","92.53","90.94","56.30","1714.70"
"Wed May 13 2026 10:30:00 GMT+0530 (India Standard Time)","1725.20","1727.10","1722.50","1725.90","61751.00","-3.05","-8.22","5.16","1733.71","94.06","1727.14","1707.95","100.00","92.56","90.95","56.62","1715.32"
"Wed May 13 2026 10:45:00 GMT+0530 (India Standard Time)","1725.90","1729.70","1715.70","1716.40","102688.00","-2.63","-7.10","4.47","1733.25","15.76","1727.59","1707.97","80.17","92.56","90.96","49.28","1715.79"
"Wed May 13 2026 11:00:00 GMT+0530 (India Standard Time)","1715.90","1718.20","1713.20","1716.50","96625.00","-2.26","-6.13","3.87","1732.71","17.21","1728.02","1708.04","78.81","92.56","90.98","49.36","1715.80"
"Wed May 13 2026 11:15:00 GMT+0530 (India Standard Time)","1715.70","1720.60","1714.50","1717.20","42040.00","-1.89","-5.29","3.39","1732.06","33.30","1728.44","1708.21","80.42","92.60","90.99","49.91","1715.86"
"Wed May 13 2026 11:30:00 GMT+0530 (India Standard Time)","1717.20","1728.40","1716.70","1726.60","85750.00","-0.83","-4.39","3.56","1731.41","89.27","1728.90","1708.89","100.00","92.60","91.00","56.75","1716.36"
"Wed May 13 2026 11:45:00 GMT+0530 (India Standard Time)","1726.60","1729.30","1722.10","1728.30","80046.00","0.14","-3.49","3.63","1730.79","91.77","1729.40","1709.64","100.00","92.69","91.02","57.87","1716.92"
"Wed May 13 2026 12:00:00 GMT+0530 (India Standard Time)","1728.20","1741.60","1727.80","1738.90","158381.00","1.75","-2.44","4.19","1730.41","97.89","1729.92","1711.23","100.00","92.69","91.03","64.11","1718.81"
"Wed May 13 2026 12:15:00 GMT+0530 (India Standard Time)","1739.80","1740.60","1732.60","1734.30","52459.00","2.63","-1.43","4.05","1730.00","59.49","1730.44","1712.57","87.94","92.45","91.04","59.96","1719.34"
"Wed May 13 2026 12:30:00 GMT+0530 (India Standard Time)","1734.90","1743.80","1730.50","1733.40","96285.00","3.21","-0.50","3.71","1729.45","51.57","1730.95","1714.66","69.70","92.45","91.05","59.15","1720.25"
"Wed May 13 2026 12:45:00 GMT+0530 (India Standard Time)","1733.40","1751.00","1731.60","1750.80","84440.00","5.02","0.60","4.41","1729.23","92.12","1731.53","1717.36","100.00","93.37","91.07","68.10","1721.36"
"Wed May 13 2026 13:00:00 GMT+0530 (India Standard Time)","1750.80","1752.30","1743.50","1746.00","107497.00","5.99","1.68","4.31","1728.86","63.01","1732.12","1719.81","77.90","93.37","91.09","63.94","1722.78"
"Wed May 13 2026 13:15:00 GMT+0530 (India Standard Time)","1746.40","1746.40","1737.20","1740.00","50636.00","6.21","2.59","3.62","1728.26","35.20","1732.69","1721.88","52.08","93.05","91.10","59.08","1723.25"
"Wed May 13 2026 13:30:00 GMT+0530 (India Standard Time)","1740.00","1749.90","1740.00","1744.00","64853.00","6.63","3.40","3.23","1727.50","59.21","1733.24","1724.58","63.33","93.05","91.12","61.20","1723.92"
"Wed May 13 2026 13:45:00 GMT+0530 (India Standard Time)","1744.10","1748.50","1737.40","1738.50","71336.00","6.45","4.01","2.44","1726.71","29.33","1733.74","1727.26","40.19","93.05","91.13","56.84","1724.51"
"Wed May 13 2026 14:00:00 GMT+0530 (India Standard Time)","1738.40","1743.00","1736.30","1742.60","48089.00","6.55","4.52","2.04","1725.95","59.67","1734.45","1729.84","52.59","93.27","91.15","59.17","1724.86"
"Wed May 13 2026 14:15:00 GMT+0530 (India Standard Time)","1742.60","1745.30","1739.30","1742.20","56882.00","6.53","4.92","1.61","1725.32","55.06","1735.09","1731.35","50.62","93.27","91.17","58.84","1725.30"
"Wed May 13 2026 14:30:00 GMT+0530 (India Standard Time)","1742.80","1746.50","1741.50","1742.30","70455.00","6.45","5.23","1.22","1724.71","56.73","1735.65","1732.88","49.45","93.27","91.18","58.90","1725.85"
"Wed May 13 2026 14:45:00 GMT+0530 (India Standard Time)","1742.30","1744.00","1740.60","1741.20","68438.00","6.22","5.42","0.80","1724.10","31.19","1736.24","1733.72","9.82","93.21","91.20","57.86","1726.32"
"Wed May 13 2026 15:00:00 GMT+0530 (India Standard Time)","1741.60","1741.60","1737.30","1740.00","281085.00","5.88","5.52","0.36","1723.58","15.74","1736.63","1734.52","0","93.21","91.21","56.69","1727.72"
"Wed May 13 2026 15:15:00 GMT+0530 (India Standard Time)","1739.90","1742.00","1731.30","1737.20","338598.00","5.32","5.48","-0.16","1723.00","4.75","1736.94","1735.11","0","93.21","91.23","53.93","1728.75"
"Thu May 14 2026 09:15:00 GMT+0530 (India Standard Time)","1761.00","1778.10","1755.60","1771.00","435851.00","7.51","5.88","1.63","1723.68","94.67","1737.30","1737.37","100.00","93.21","91.24","71.76","1768.23"
"Thu May 14 2026 09:30:00 GMT+0530 (India Standard Time)","1771.00","1775.00","1753.30","1754.50","238119.00","7.83","6.27","1.56","1724.10","49.26","1737.60","1739.27","31.95","92.34","91.25","59.63","1765.65"
"Thu May 14 2026 09:45:00 GMT+0530 (India Standard Time)","1754.00","1758.90","1748.10","1749.80","175896.00","7.62","6.54","1.08","1724.49","38.69","1737.82","1740.94","15.46","92.10","91.26","56.69","1762.88"
"Thu May 14 2026 10:00:00 GMT+0530 (India Standard Time)","1749.80","1759.50","1745.40","1758.80","102350.00","8.08","6.85","1.23","1725.05","66.35","1738.07","1743.02","37.88","92.57","91.27","60.69","1761.99"
"Thu May 14 2026 10:15:00 GMT+0530 (India Standard Time)","1758.80","1765.70","1754.60","1758.20","125892.00","8.31","7.14","1.16","1725.50","62.58","1738.33","1744.60","35.64","92.57","91.28","60.29","1761.70"
"Thu May 14 2026 10:30:00 GMT+0530 (India Standard Time)","1758.10","1763.30","1754.00","1757.00","151361.00","8.29","7.37","0.92","1725.95","51.01","1738.57","1746.03","30.91","92.57","91.29","59.45","1761.26"
"Thu May 14 2026 10:45:00 GMT+0530 (India Standard Time)","1757.30","1760.00","1749.20","1751.30","90544.00","7.73","7.44","0.29","1726.45","18.50","1738.75","1746.65","8.66","92.27","91.30","55.48","1760.72"
"Thu May 14 2026 11:00:00 GMT+0530 (India Standard Time)","1751.90","1755.80","1750.90","1755.00","73132.00","7.50","7.45","0.04","1727.15","55.40","1738.85","1747.69","19.79","92.47","91.31","57.46","1760.37"
"Thu May 14 2026 11:15:00 GMT+0530 (India Standard Time)","1755.00","1760.00","1750.00","1752.00","100817.00","6.99","7.36","-0.37","1727.77","31.95","1738.92","1748.62","7.72","92.47","91.32","55.31","1759.94"
"Thu May 14 2026 11:30:00 GMT+0530 (India Standard Time)","1752.00","1758.00","1749.50","1758.00","179004.00","6.99","7.29","-0.30","1728.44","74.73","1738.99","1748.98","26.43","92.47","91.33","58.65","1759.43"
"Thu May 14 2026 11:45:00 GMT+0530 (India Standard Time)","1758.00","1768.70","1757.40","1766.20","171204.00","7.57","7.34","0.22","1729.34","90.71","1739.15","1749.99","49.39","92.90","91.34","62.74","1759.86"
"Thu May 14 2026 12:00:00 GMT+0530 (India Standard Time)","1766.80","1767.80","1763.30","1767.50","81518.00","8.04","7.48","0.55","1730.38","92.26","1739.38","1751.36","52.87","92.97","91.35","63.36","1760.13"
"Thu May 14 2026 12:15:00 GMT+0530 (India Standard Time)","1767.50","1773.00","1767.50","1767.70","97665.00","8.33","7.65","0.68","1731.43","92.64","1739.60","1752.55","53.43","92.97","91.36","63.46","1760.58"
"Thu May 14 2026 12:30:00 GMT+0530 (India Standard Time)","1767.70","1772.00","1766.00","1771.70","47629.00","8.78","7.88","0.90","1732.59","97.51","1739.82","1754.21","61.94","93.18","91.38","65.50","1760.79"
"Thu May 14 2026 12:45:00 GMT+0530 (India Standard Time)","1771.70","1772.90","1768.20","1769.30","63840.00","8.84","8.07","0.77","1733.71","54.36","1740.02","1755.54","77.61","93.18","91.39","63.22","1761.07"
"Thu May 14 2026 13:00:00 GMT+0530 (India Standard Time)","1769.20","1772.80","1766.10","1769.00","48745.00","8.77","8.21","0.56","1734.82","48.94","1740.18","1756.88","74.72","93.16","91.41","62.93","1761.25"
"Thu May 14 2026 13:15:00 GMT+0530 (India Standard Time)","1769.20","1769.90","1759.20","1759.90","90166.00","7.88","8.14","-0.26","1735.88","6.95","1740.35","1757.76","0","93.16","91.42","54.60","1761.32"
"Thu May 14 2026 13:30:00 GMT+0530 (India Standard Time)","1759.50","1772.50","1758.90","1771.90","66210.00","8.06","8.13","-0.07","1737.17","71.48","1740.53","1759.30","65.87","93.80","91.44","61.78","1761.50"
"Thu May 14 2026 13:45:00 GMT+0530 (India Standard Time)","1772.00","1774.70","1768.50","1769.80","67121.00","7.93","8.09","-0.15","1738.73","57.52","1740.74","1760.79","49.46","93.80","91.46","59.99","1761.77"
"Thu May 14 2026 14:00:00 GMT+0530 (India Standard Time)","1769.80","1772.50","1767.20","1770.90","48077.00","7.83","8.04","-0.20","1740.21","64.74","1740.96","1762.47","55.36","93.85","91.47","60.64","1761.93"
"Thu May 14 2026 14:15:00 GMT+0530 (India Standard Time)","1771.00","1773.90","1767.90","1773.50","60129.00","7.88","8.00","-0.13","1741.74","80.44","1741.15","1762.60","69.54","93.85","91.49","62.18","1762.17"
"Thu May 14 2026 14:30:00 GMT+0530 (India Standard Time)","1773.50","1777.00","1767.60","1769.30","102043.00","7.48","7.90","-0.42","1743.16","32.98","1741.35","1763.34","33.05","93.85","91.51","58.20","1762.53"
"Thu May 14 2026 14:45:00 GMT+0530 (India Standard Time)","1769.30","1770.90","1765.60","1768.70","63127.00","7.04","7.73","-0.69","1744.73","28.23","1741.51","1764.28","27.85","93.82","91.53","57.64","1762.66"
"Thu May 14 2026 15:00:00 GMT+0530 (India Standard Time)","1768.70","1773.70","1767.10","1771.60","129697.00","6.85","7.55","-0.71","1746.47","70.02","1741.66","1764.92","46.61","93.82","91.55","59.68","1763.04"
"Thu May 14 2026 15:15:00 GMT+0530 (India Standard Time)","1771.60","1782.50","1769.00","1781.00","225385.00","7.37","7.52","-0.15","1748.27","93.72","1741.83","1766.06","99.95","93.82","91.57","65.50","1764.11"
"Fri May 15 2026 09:15:00 GMT+0530 (India Standard Time)","1796.80","1816.20","1766.20","1781.40","866833.00","7.72","7.56","0.17","1749.65","94.12","1742.12","1767.28","100.00","93.82","91.58","65.72","1787.93"
"Fri May 15 2026 09:30:00 GMT+0530 (India Standard Time)","1781.80","1781.80","1768.40","1779.80","216874.00","7.78","7.60","0.18","1751.02","62.56","1742.26","1768.71","83.75","93.74","91.60","63.92","1785.68"
"Fri May 15 2026 09:45:00 GMT+0530 (India Standard Time)","1779.80","1808.00","1778.90","1804.90","347405.00","9.75","8.03","1.72","1752.63","96.75","1742.58","1771.20","100.00","93.74","91.62","75.36","1788.49"
"Fri May 15 2026 10:00:00 GMT+0530 (India Standard Time)","1805.60","1809.70","1797.00","1809.20","139539.00","11.52","8.73","2.79","1754.33","97.52","1742.93","1774.06","100.00","93.96","91.63","76.73","1789.98"
"Fri May 15 2026 10:15:00 GMT+0530 (India Standard Time)","1809.20","1811.90","1803.00","1810.60","147256.00","12.88","9.56","3.32","1756.04","97.86","1743.28","1776.69","100.00","93.96","91.65","77.17","1791.57"
"Fri May 15 2026 10:30:00 GMT+0530 (India Standard Time)","1810.40","1817.00","1803.00","1808.50","386320.00","13.64","10.37","3.26","1757.69","69.75","1743.69","1778.81","88.22","93.96","91.67","74.87","1794.86"
"Fri May 15 2026 10:45:00 GMT+0530 (India Standard Time)","1808.50","1822.00","1807.40","1821.00","188822.00","15.07","11.31","3.76","1759.78","93.16","1744.18","1781.48","100.00","94.61","91.69","78.90","1796.67"
"Fri May 15 2026 11:00:00 GMT+0530 (India Standard Time)","1821.00","1823.90","1808.30","1811.60","220557.00","15.28","12.11","3.17","1761.68","43.05","1744.62","1783.68","57.34","94.61","91.72","69.83","1798.24"
"Fri May 15 2026 11:15:00 GMT+0530 (India Standard Time)","1811.60","1814.50","1809.00","1811.00","78173.00","15.21","12.73","2.48","1763.56","40.29","1745.01","1785.64","54.76","94.58","91.74","69.28","1798.64"
"Fri May 15 2026 11:30:00 GMT+0530 (India Standard Time)","1811.20","1811.20","1799.50","1804.20","175472.00","14.45","13.07","1.38","1765.11","16.40","1745.39","1787.39","26.30","94.58","91.76","63.23","1799.04"
"Fri May 15 2026 11:45:00 GMT+0530 (India Standard Time)","1804.20","1807.80","1800.00","1803.30","114224.00","13.61","13.18","0.43","1766.61","14.18","1745.78","1789.10","22.64","94.53","91.78","62.45","1799.23"
"Fri May 15 2026 12:00:00 GMT+0530 (India Standard Time)","1804.00","1814.60","1802.10","1813.60","84136.00","13.62","13.27","0.35","1768.10","79.09","1746.19","1791.79","40.12","95.07","91.81","67.39","1799.54"
"Fri May 15 2026 12:15:00 GMT+0530 (India Standard Time)","1812.90","1815.00","1804.40","1808.60","112402.00","13.08","13.23","-0.15","1769.59","45.60","1746.58","1793.62","3.67","95.07","91.83","63.05","1799.89"
"Fri May 15 2026 12:30:00 GMT+0530 (India Standard Time)","1808.60","1816.80","1807.80","1815.60","69373.00","13.06","13.20","-0.14","1771.23","75.11","1746.98","1795.91","23.54","95.44","91.86","66.32","1800.19"
"Fri May 15 2026 12:45:00 GMT+0530 (India Standard Time)","1816.50","1821.00","1815.60","1818.00","110141.00","13.09","13.17","-0.09","1772.58","81.86","1747.40","1798.27","30.02","95.44","91.89","67.39","1800.80"
"Fri May 15 2026 13:00:00 GMT+0530 (India Standard Time)","1818.00","1819.80","1816.00","1818.20","122811.00","12.98","13.13","-0.16","1774.02","82.64","1747.81","1800.50","30.58","95.44","91.92","67.48","1801.43"
"Fri May 15 2026 13:15:00 GMT+0530 (India Standard Time)","1818.20","1819.10","1810.70","1812.20","151162.00","12.26","12.96","-0.70","1775.47","22.99","1748.20","1802.65","0","95.44","91.95","61.83","1801.96"
"Fri May 15 2026 13:30:00 GMT+0530 (India Standard Time)","1812.00","1813.60","1800.30","1803.00","208204.00","10.83","12.53","-1.70","1776.65","7.16","1748.54","1804.36","0","95.44","91.97","54.31","1802.17"
"Fri May 15 2026 13:45:00 GMT+0530 (India Standard Time)","1803.00","1805.40","1797.00","1799.00","234292.00","9.27","11.88","-2.61","1777.86","4.48","1748.86","1805.73","0","95.44","92.00","51.39","1802.07"
"Fri May 15 2026 14:00:00 GMT+0530 (India Standard Time)","1799.00","1805.90","1797.00","1805.70","155875.00","8.47","11.20","-2.73","1779.12","57.64","1749.22","1806.97","15.64","95.79","92.03","55.69","1802.10"
"Fri May 15 2026 14:15:00 GMT+0530 (India Standard Time)","1805.70","1806.60","1799.80","1801.10","185243.00","7.38","10.44","-3.05","1780.30","32.67","1749.55","1807.95","4.78","95.79","92.06","52.27","1802.12"
"Fri May 15 2026 14:30:00 GMT+0530 (India Standard Time)","1801.10","1804.80","1798.00","1799.40","226826.00","6.31","9.61","-3.30","1781.44","24.75","1749.87","1808.93","0","95.79","92.09","51.02","1802.05"
"Fri May 15 2026 14:45:00 GMT+0530 (India Standard Time)","1799.40","1801.20","1786.60","1797.00","318234.00","5.21","8.73","-3.52","1782.55","14.69","1750.19","1808.54","0","95.79","92.12","49.24","1801.58"
"Fri May 15 2026 15:00:00 GMT+0530 (India Standard Time)","1797.00","1799.60","1794.80","1798.00","259284.00","4.36","7.86","-3.49","1783.71","36.27","1750.55","1807.98","4.30","95.85","92.15","50.02","1801.37"
"Fri May 15 2026 15:15:00 GMT+0530 (India Standard Time)","1798.00","1798.90","1788.70","1791.00","462866.00","3.09","6.90","-3.81","1784.79","7.99","1750.88","1807.00","0","95.85","92.18","44.80","1800.67"
"Mon May 18 2026 09:15:00 GMT+0530 (India Standard Time)","1785.50","1785.50","1758.00","1760.50","246168.00","-0.37","5.45","-5.82","1784.58","1.02","1750.99","1804.60","0","94.22","92.19","30.06","1768.00"
"Mon May 18 2026 09:30:00 GMT+0530 (India Standard Time)","1761.60","1767.40","1752.00","1754.90","134208.00","-3.53","3.65","-7.18","1784.59","0.78","1751.08","1801.29","0","93.92","92.20","28.23","1764.51"
"Mon May 18 2026 09:45:00 GMT+0530 (India Standard Time)","1754.00","1756.50","1745.00","1752.00","78075.00","-6.19","1.69","-7.87","1784.63","0.62","1751.16","1798.31","0","93.76","92.22","27.30","1762.24"
"Mon May 18 2026 10:00:00 GMT+0530 (India Standard Time)","1752.60","1757.20","1751.80","1753.90","50447.00","-8.05","-0.26","-7.79","1784.53","21.32","1751.26","1795.46","4.11","93.86","92.23","28.95","1761.45"
"Mon May 18 2026 10:15:00 GMT+0530 (India Standard Time)","1753.80","1757.90","1752.10","1754.20","35191.00","-9.40","-2.09","-7.31","1784.45","26.17","1751.38","1792.96","5.57","93.88","92.24","29.22","1761.01"
"Mon May 18 2026 10:30:00 GMT+0530 (India Standard Time)","1754.10","1757.00","1749.20","1754.70","41319.00","-10.31","-3.73","-6.57","1784.41","38.77","1751.48","1790.53","8.49","93.88","92.26","29.71","1760.49"
"Mon May 18 2026 10:45:00 GMT+0530 (India Standard Time)","1754.00","1757.70","1749.10","1757.60","33039.00","-10.67","-5.12","-5.55","1784.53","79.44","1751.62","1787.73","18.65","94.03","92.27","32.59","1760.19"
"Mon May 18 2026 11:00:00 GMT+0530 (India Standard Time)","1757.60","1764.60","1756.70","1759.80","64815.00","-10.65","-6.23","-4.43","1784.63","89.76","1751.77","1785.29","26.36","94.03","92.28","34.78","1760.21"
"Mon May 18 2026 11:15:00 GMT+0530 (India Standard Time)","1759.70","1767.90","1759.40","1766.70","50812.00","-9.97","-6.98","-3.00","1784.92","97.53","1751.94","1782.84","55.78","94.40","92.30","41.23","1760.51"
"Mon May 18 2026 11:30:00 GMT+0530 (India Standard Time)","1766.40","1774.70","1766.00","1773.60","92353.00","-8.77","-7.34","-1.44","1785.24","99.02","1752.14","1780.62","82.54","94.40","92.32","46.88","1761.73"
"Mon May 18 2026 11:45:00 GMT+0530 (India Standard Time)","1773.80","1774.70","1768.10","1770.30","58622.00","-8.00","-7.47","-0.53","1785.32","62.80","1752.34","1778.23","76.44","94.23","92.33","44.67","1762.35"
"Mon May 18 2026 12:00:00 GMT+0530 (India Standard Time)","1770.30","1770.30","1763.60","1766.10","70859.00","-7.63","-7.50","-0.13","1785.29","32.52","1752.53","1775.92","64.49","94.23","92.35","41.95","1762.67"
"Mon May 18 2026 12:15:00 GMT+0530 (India Standard Time)","1766.10","1775.60","1764.50","1774.50","103895.00","-6.59","-7.32","0.73","1785.43","76.96","1752.76","1774.50","100.00","94.23","92.36","48.67","1763.54"
"Mon May 18 2026 12:30:00 GMT+0530 (India Standard Time)","1774.50","1780.00","1774.50","1776.30","99901.00","-5.56","-6.97","1.41","1785.52","82.03","1753.03","1773.36","100.00","94.32","92.38","50.01","1764.69"
"Mon May 18 2026 12:45:00 GMT+0530 (India Standard Time)","1776.30","1778.50","1772.00","1778.00","89592.00","-4.55","-6.48","1.94","1785.69","87.31","1753.29","1771.98","100.00","94.41","92.39","51.29","1765.52"
"Mon May 18 2026 13:00:00 GMT+0530 (India Standard Time)","1778.00","1780.30","1770.20","1770.80","96247.00","-4.28","-6.04","1.76","1785.73","25.03","1753.50","1770.46","77.51","94.41","92.41","45.90","1766.11"
"Mon May 18 2026 13:15:00 GMT+0530 (India Standard Time)","1770.80","1775.80","1770.00","1774.20","86341.00","-3.75","-5.58","1.84","1786.01","55.21","1753.73","1769.20","88.15","94.59","92.42","48.65","1766.54"
"Mon May 18 2026 13:30:00 GMT+0530 (India Standard Time)","1774.20","1779.30","1773.20","1776.90","81306.00","-3.07","-5.08","2.01","1786.11","72.68","1753.94","1768.20","97.68","94.74","92.44","50.78","1767.08"
"Mon May 18 2026 13:45:00 GMT+0530 (India Standard Time)","1776.60","1784.20","1775.00","1782.80","84698.00","-2.04","-4.47","2.43","1786.37","89.90","1754.14","1767.44","100.00","94.74","92.46","55.17","1767.80"
"Mon May 18 2026 14:00:00 GMT+0530 (India Standard Time)","1782.80","1784.30","1779.10","1783.70","93203.00","-1.13","-3.80","2.67","1786.63","91.53","1754.33","1767.07","100.00","94.74","92.48","55.82","1768.60"
"Mon May 18 2026 14:15:00 GMT+0530 (India Standard Time)","1783.70","1783.70","1777.60","1782.50","91224.00","-0.51","-3.14","2.64","1786.81","64.00","1754.45","1768.17","94.61","94.67","92.50","54.69","1769.25"
"Mon May 18 2026 14:30:00 GMT+0530 (India Standard Time)","1782.70","1784.30","1778.70","1783.30","92812.00","0.05","-2.51","2.56","1787.09","74.30","1754.58","1769.59","96.69","94.67","92.51","55.34","1769.88"
"Mon May 18 2026 14:45:00 GMT+0530 (India Standard Time)","1783.50","1783.50","1777.00","1778.50","120557.00","0.11","-1.98","2.09","1787.29","16.76","1754.72","1770.92","62.60","94.67","92.53","50.63","1770.47"
"Mon May 18 2026 15:00:00 GMT+0530 (India Standard Time)","1778.50","1793.00","1778.50","1788.10","251659.00","0.92","-1.40","2.32","1787.62","79.69","1754.92","1772.63","100.00","94.67","92.55","58.27","1772.27"
"Mon May 18 2026 15:15:00 GMT+0530 (India Standard Time)","1786.50","1789.20","1776.00","1784.00","308652.00","1.21","-0.88","2.09","1787.68","48.42","1755.13","1774.12","76.28","94.67","92.56","54.40","1773.58"
"Tue May 19 2026 09:15:00 GMT+0530 (India Standard Time)","1790.80","1802.50","1785.00","1790.50","352344.00","1.95","-0.31","2.26","1787.86","77.02","1755.44","1775.91","100.00","94.67","92.58","59.05","1792.67"
"Tue May 19 2026 09:30:00 GMT+0530 (India Standard Time)","1790.50","1795.50","1785.30","1792.90","161811.00","2.69","0.29","2.41","1788.12","83.69","1755.75","1777.67","100.00","94.80","92.60","60.64","1792.22"
"Tue May 19 2026 09:45:00 GMT+0530 (India Standard Time)","1793.00","1795.80","1788.00","1788.00","98001.00","2.86","0.80","2.06","1787.78","38.28","1756.09","1779.08","67.57","94.54","92.61","55.86","1791.96"
"Tue May 19 2026 10:00:00 GMT+0530 (India Standard Time)","1788.20","1805.00","1788.20","1804.00","144417.00","4.23","1.49","2.74","1787.68","86.42","1756.52","1780.95","100.00","94.54","92.63","65.44","1793.31"
"Tue May 19 2026 10:15:00 GMT+0530 (India Standard Time)","1804.50","1805.00","1790.20","1790.90","146774.00","4.21","2.03","2.18","1787.28","37.95","1756.88","1781.81","37.40","94.54","92.64","54.93","1793.65"
"Tue May 19 2026 10:30:00 GMT+0530 (India Standard Time)","1790.90","1791.70","1783.20","1787.50","91887.00","3.88","2.40","1.48","1786.86","29.39","1757.16","1782.67","13.05","94.36","92.66","52.57","1793.08"
"Tue May 19 2026 10:45:00 GMT+0530 (India Standard Time)","1788.80","1789.00","1783.00","1785.80","156184.00","3.43","2.61","0.83","1786.16","23.99","1757.44","1783.66","5.03","94.36","92.67","51.38","1792.11"
"Tue May 19 2026 11:00:00 GMT+0530 (India Standard Time)","1785.80","1787.00","1776.70","1777.20","62527.00","2.36","2.56","-0.19","1785.47","8.38","1757.69","1783.79","0","93.91","92.68","45.74","1791.50"
"Tue May 19 2026 11:15:00 GMT+0530 (India Standard Time)","1777.20","1782.00","1773.50","1781.90","57446.00","1.87","2.42","-0.55","1784.89","46.46","1757.97","1784.07","16.70","94.16","92.69","49.03","1790.94"
"Tue May 19 2026 11:30:00 GMT+0530 (India Standard Time)","1781.90","1786.00","1781.10","1784.40","29868.00","1.67","2.27","-0.60","1784.49","62.87","1758.27","1784.39","25.39","94.29","92.70","50.74","1790.78"
"Tue May 19 2026 11:45:00 GMT+0530 (India Standard Time)","1785.00","1785.50","1782.40","1784.00","14669.00","1.45","2.11","-0.65","1784.11","57.25","1758.55","1785.05","23.91","94.27","92.71","50.45","1790.70"
"Tue May 19 2026 12:00:00 GMT+0530 (India Standard Time)","1784.00","1785.00","1782.40","1784.40","13681.00","1.30","1.95","-0.64","1783.52","63.73","1758.80","1785.56","25.46","94.29","92.73","50.76","1790.63"
"Tue May 19 2026 12:15:00 GMT+0530 (India Standard Time)","1784.40","1786.30","1784.10","1785.60","14219.00","1.26","1.81","-0.55","1783.06","81.01","1759.07","1786.00","30.33","94.29","92.74","51.72","1790.58"
"Tue May 19 2026 12:30:00 GMT+0530 (India Standard Time)","1785.30","1787.10","1784.10","1786.70","19022.00","1.31","1.71","-0.40","1782.49","89.86","1759.33","1786.19","34.96","94.29","92.75","52.63","1790.51"
"Tue May 19 2026 12:45:00 GMT+0530 (India Standard Time)","1786.80","1787.40","1784.50","1784.60","21046.00","1.16","1.60","-0.44","1781.82","32.33","1759.56","1786.24","24.97","94.29","92.76","50.66","1790.44"
"Tue May 19 2026 13:00:00 GMT+0530 (India Standard Time)","1784.60","1786.70","1780.50","1780.50","21869.00","0.70","1.42","-0.72","1781.06","9.24","1759.79","1786.14","6.24","94.29","92.78","46.97","1790.31"
"Tue May 19 2026 13:15:00 GMT+0530 (India Standard Time)","1781.10","1787.20","1780.00","1781.10","45084.00","0.39","1.21","-0.83","1780.44","24.93","1760.03","1786.03","9.29","94.29","92.79","47.57","1790.08"
"Tue May 19 2026 13:30:00 GMT+0530 (India Standard Time)","1781.60","1781.60","1775.10","1778.90","50456.00","-0.04","0.96","-1.00","1779.96","10.99","1760.27","1786.05","0","94.29","92.80","45.53","1789.69"
"Tue May 19 2026 13:45:00 GMT+0530 (India Standard Time)","1778.90","1779.90","1776.90","1777.50","57841.00","-0.49","0.67","-1.16","1779.53","6.42","1760.48","1785.52","0","94.29","92.81","44.23","1789.26"
"Tue May 19 2026 14:00:00 GMT+0530 (India Standard Time)","1777.90","1784.30","1777.40","1780.90","62065.00","-0.56","0.42","-0.99","1779.03","69.01","1760.71","1785.36","46.16","94.29","92.82","48.11","1788.94"
"Tue May 19 2026 14:15:00 GMT+0530 (India Standard Time)","1780.90","1781.00","1775.80","1777.50","150518.00","-0.89","0.16","-1.05","1778.56","29.52","1760.95","1784.71","6.27","94.29","92.83","44.76","1788.02"
"Tue May 19 2026 14:30:00 GMT+0530 (India Standard Time)","1777.50","1777.50","1767.50","1768.20","75988.00","-1.87","-0.24","-1.63","1777.94","7.15","1761.14","1783.48","0","93.80","92.84","37.14","1787.32"
"Tue May 19 2026 14:45:00 GMT+0530 (India Standard Time)","1768.80","1771.80","1767.10","1768.60","52183.00","-2.59","-0.71","-1.88","1777.37","12.83","1761.32","1782.51","3.17","93.82","92.85","37.63","1786.82"
"Tue May 19 2026 15:00:00 GMT+0530 (India Standard Time)","1768.60","1770.30","1762.00","1763.10","167349.00","-3.56","-1.28","-2.28","1776.67","4.78","1761.48","1780.46","0","93.82","92.86","33.72","1785.07"
"Tue May 19 2026 15:15:00 GMT+0530 (India Standard Time)","1763.10","1764.80","1758.80","1764.00","193013.00","-4.21","-1.87","-2.34","1776.13","21.00","1761.63","1779.12","6.30","93.82","92.86","34.91","1783.14"
"Wed May 20 2026 09:15:00 GMT+0530 (India Standard Time)","1749.00","1761.00","1744.30","1756.00","143601.00","-5.31","-2.56","-2.75","1776.04","5.21","1761.65","1777.54","0","93.39","92.87","29.79","1753.77"
"Wed May 20 2026 09:30:00 GMT+0530 (India Standard Time)","1756.20","1762.80","1756.20","1759.80","61058.00","-5.81","-3.21","-2.60","1776.14","44.70","1761.64","1776.24","21.47","93.59","92.87","34.69","1755.51"
"Wed May 20 2026 09:45:00 GMT+0530 (India Standard Time)","1760.50","1770.70","1759.20","1766.00","102434.00","-5.63","-3.69","-1.94","1776.42","76.56","1761.65","1775.68","57.68","93.59","92.88","41.83","1758.77"
"Wed May 20 2026 10:00:00 GMT+0530 (India Standard Time)","1765.90","1769.50","1762.70","1764.50","35766.00","-5.56","-4.06","-1.49","1776.63","59.87","1761.62","1774.81","59.41","93.51","92.88","40.67","1759.48"
"Wed May 20 2026 10:15:00 GMT+0530 (India Standard Time)","1764.50","1766.50","1760.50","1765.50","26306.00","-5.35","-4.32","-1.03","1776.86","68.91","1761.54","1773.87","65.72","93.57","92.89","41.83","1759.82"
"Wed May 20 2026 10:30:00 GMT+0530 (India Standard Time)","1765.50","1774.60","1764.00","1764.00","64169.00","-5.25","-4.51","-0.74","1777.04","41.12","1761.45","1772.87","58.75","93.57","92.89","40.55","1760.96"
"Wed May 20 2026 10:45:00 GMT+0530 (India Standard Time)","1764.00","1764.30","1758.80","1762.20","42302.00","-5.25","-4.66","-0.60","1777.14","20.90","1761.41","1771.76","50.35","93.47","92.90","39.01","1761.03"
"Wed May 20 2026 11:00:00 GMT+0530 (India Standard Time)","1762.20","1764.40","1761.00","1761.00","19906.00","-5.29","-4.78","-0.51","1777.16","12.62","1761.37","1770.53","44.70","93.41","92.90","37.98","1761.07"
"Wed May 20 2026 11:15:00 GMT+0530 (India Standard Time)","1761.10","1769.60","1760.40","1763.30","40840.00","-5.08","-4.84","-0.24","1777.09","65.30","1761.35","1769.36","76.21","93.41","92.91","41.20","1761.33"
"Wed May 20 2026 11:30:00 GMT+0530 (India Standard Time)","1763.40","1765.10","1761.70","1763.60","22262.00","-4.83","-4.84","0.01","1776.89","70.02","1761.33","1768.31","98.28","93.42","92.91","41.62","1761.42"
"Wed May 20 2026 11:45:00 GMT+0530 (India Standard Time)","1763.60","1769.80","1763.60","1765.20","36512.00","-4.45","-4.76","0.31","1776.79","87.76","1761.37","1767.54","100.00","93.42","92.91","43.95","1761.71"
"Wed May 20 2026 12:00:00 GMT+0530 (India Standard Time)","1765.20","1768.00","1763.60","1767.60","26616.00","-3.91","-4.59","0.68","1776.82","95.59","1761.44","1766.87","100.00","93.55","92.92","47.35","1761.91"
"Wed May 20 2026 12:15:00 GMT+0530 (India Standard Time)","1767.60","1771.90","1766.50","1769.40","37456.00","-3.30","-4.34","1.03","1776.72","97.75","1761.50","1766.39","100.00","93.55","92.92","49.80","1762.33"
"Wed May 20 2026 12:30:00 GMT+0530 (India Standard Time)","1768.90","1769.80","1766.00","1767.00","13617.00","-2.98","-4.06","1.08","1776.53","42.39","1761.56","1765.87","84.38","93.42","92.93","46.68","1762.43"
"Wed May 20 2026 12:45:00 GMT+0530 (India Standard Time)","1767.00","1768.50","1764.10","1765.60","31181.00","-2.80","-3.81","1.01","1776.28","25.53","1761.60","1765.10","67.60","93.42","92.93","44.91","1762.60"
"Wed May 20 2026 13:00:00 GMT+0530 (India Standard Time)","1765.80","1766.30","1761.10","1764.60","23732.00","-2.71","-3.59","0.88","1776.16","16.28","1761.63","1764.46","47.83","93.37","92.94","43.63","1762.64"
"Wed May 20 2026 13:15:00 GMT+0530 (India Standard Time)","1764.60","1764.60","1757.00","1757.20","72529.00","-3.20","-3.51","0.31","1775.82","2.56","1761.61","1763.91","0","93.37","92.94","35.59","1762.37"
"Wed May 20 2026 13:30:00 GMT+0530 (India Standard Time)","1757.80","1764.00","1757.80","1761.10","38395.00","-3.24","-3.46","0.22","1775.50","48.40","1761.61","1763.53","42.92","93.58","92.94","41.69","1762.30"
"Wed May 20 2026 13:45:00 GMT+0530 (India Standard Time)","1761.20","1765.10","1760.30","1765.10","30205.00","-2.91","-3.35","0.44","1775.15","73.74","1761.63","1763.63","81.77","93.79","92.95","47.21","1762.34"
"Wed May 20 2026 14:00:00 GMT+0530 (India Standard Time)","1765.80","1769.90","1764.50","1769.60","52084.00","-2.26","-3.13","0.87","1774.87","87.53","1761.67","1763.91","100.00","93.79","92.96","52.64","1762.66"
"Wed May 20 2026 14:15:00 GMT+0530 (India Standard Time)","1769.50","1769.60","1767.20","1768.90","32885.00","-1.78","-2.86","1.08","1774.60","75.24","1761.71","1764.56","94.77","93.75","92.96","51.75","1762.87"
"Wed May 20 2026 14:30:00 GMT+0530 (India Standard Time)","1769.40","1776.60","1769.40","1771.60","80281.00","-1.17","-2.52","1.35","1774.36","88.11","1761.74","1765.15","100.00","93.75","92.97","54.93","1763.62"
"Wed May 20 2026 14:45:00 GMT+0530 (India Standard Time)","1771.60","1774.60","1770.60","1773.80","53144.00","-0.50","-2.12","1.62","1774.27","93.56","1761.80","1765.54","100.00","93.87","92.98","57.39","1764.08"
"Wed May 20 2026 15:00:00 GMT+0530 (India Standard Time)","1773.00","1776.80","1767.30","1774.00","90933.00","0.04","-1.69","1.73","1773.99","94.06","1761.87","1766.01","100.00","93.87","92.98","57.61","1764.74"
"Wed May 20 2026 15:15:00 GMT+0530 (India Standard Time)","1773.90","1777.80","1770.00","1770.00","101115.00","0.15","-1.32","1.47","1773.71","23.06","1761.92","1766.24","73.13","93.87","92.99","51.70","1765.36"
"Thu May 21 2026 09:15:00 GMT+0530 (India Standard Time)","1781.40","1792.10","1780.60","1783.80","126603.00","1.33","-0.79","2.12","1773.57","87.61","1762.12","1767.23","100.00","93.87","93.00","65.04","1785.50"
"Thu May 21 2026 09:30:00 GMT+0530 (India Standard Time)","1783.80","1793.40","1776.80","1789.50","165320.00","2.70","-0.09","2.79","1773.50","92.68","1762.27","1768.59","100.00","93.87","93.00","68.86","1786.10"
"Thu May 21 2026 09:45:00 GMT+0530 (India Standard Time)","1790.00","1796.00","1786.70","1788.60","112118.00","3.67","0.66","3.01","1773.52","82.07","1762.44","1769.97","96.22","93.82","93.01","67.60","1787.31"
"Thu May 21 2026 10:00:00 GMT+0530 (India Standard Time)","1789.10","1792.00","1787.10","1789.10","69358.00","4.42","1.41","3.01","1773.22","84.09","1762.54","1771.26","97.27","93.85","93.02","67.95","1787.61"
"Thu May 21 2026 10:15:00 GMT+0530 (India Standard Time)","1789.60","1790.00","1785.50","1788.50","39497.00","4.92","2.11","2.80","1773.17","66.17","1762.68","1772.51","94.46","93.82","93.02","67.02","1787.64"
"Thu May 21 2026 10:30:00 GMT+0530 (India Standard Time)","1789.00","1789.40","1784.10","1788.80","26761.00","5.27","2.74","2.53","1773.20","72.12","1762.86","1773.69","94.11","93.83","93.03","67.26","1787.63"
"Thu May 21 2026 10:45:00 GMT+0530 (India Standard Time)","1788.80","1789.00","1784.30","1785.70","28608.00","5.24","3.24","2.00","1773.19","15.57","1763.09","1774.59","69.08","93.83","93.04","62.17","1787.57"
"Thu May 21 2026 11:00:00 GMT+0530 (India Standard Time)","1786.00","1792.00","1784.50","1789.00","33745.00","5.42","3.68","1.74","1773.43","68.37","1763.32","1775.57","78.61","93.83","93.04","65.19","1787.62"
"Thu May 21 2026 11:15:00 GMT+0530 (India Standard Time)","1788.60","1791.00","1783.00","1788.20","39300.00","5.44","4.03","1.41","1773.56","52.46","1763.52","1776.63","70.85","93.83","93.05","63.86","1787.61"
"Thu May 21 2026 11:30:00 GMT+0530 (India Standard Time)","1789.00","1790.70","1786.20","1787.50","53301.00","5.33","4.29","1.04","1773.62","37.28","1763.66","1777.73","63.82","93.83","93.05","62.65","1787.65"
"Thu May 21 2026 11:45:00 GMT+0530 (India Standard Time)","1787.50","1794.00","1786.90","1788.90","78399.00","5.30","4.49","0.81","1773.72","70.93","1763.81","1778.94","72.33","93.83","93.06","64.11","1787.88"
"Thu May 21 2026 12:00:00 GMT+0530 (India Standard Time)","1788.90","1793.50","1788.10","1789.20","28774.00","5.24","4.64","0.60","1773.81","76.36","1763.96","1780.54","74.20","93.85","93.07","64.43","1787.96"
"Thu May 21 2026 12:15:00 GMT+0530 (India Standard Time)","1789.20","1790.70","1784.40","1787.20","46689.00","4.97","4.71","0.26","1773.84","21.87","1764.12","1781.85","51.56","93.85","93.07","60.55","1787.93"
"Thu May 21 2026 12:30:00 GMT+0530 (India Standard Time)","1787.20","1791.80","1781.60","1785.80","54916.00","4.60","4.69","-0.09","1773.83","10.94","1764.25","1782.88","0","93.85","93.08","57.91","1787.84"
"Thu May 21 2026 12:45:00 GMT+0530 (India Standard Time)","1785.10","1790.20","1783.70","1788.40","45213.00","4.46","4.64","-0.19","1773.90","68.82","1764.38","1783.82","30.76","93.99","93.09","61.28","1787.82"
"Thu May 21 2026 13:00:00 GMT+0530 (India Standard Time)","1788.50","1791.00","1786.00","1788.80","26884.00","4.33","4.58","-0.25","1774.07","74.02","1764.50","1784.82","38.59","94.01","93.09","61.79","1787.84"
"Thu May 21 2026 13:15:00 GMT+0530 (India Standard Time)","1788.80","1790.50","1787.70","1789.30","26178.00","4.22","4.51","-0.29","1774.23","81.66","1764.60","1785.70","45.17","94.03","93.10","62.45","1787.88"
"Thu May 21 2026 13:30:00 GMT+0530 (India Standard Time)","1788.80","1800.80","1788.00","1797.10","139758.00","4.70","4.54","0.16","1774.60","98.20","1764.68","1786.87","100.00","94.03","93.11","70.91","1788.79"
"Thu May 21 2026 13:45:00 GMT+0530 (India Standard Time)","1797.10","1798.70","1793.30","1795.50","48585.00","4.90","4.62","0.29","1774.96","71.68","1764.76","1787.94","74.13","93.95","93.11","67.55","1789.07"
"Thu May 21 2026 14:00:00 GMT+0530 (India Standard Time)","1795.10","1797.50","1793.90","1795.50","62507.00","5.00","4.69","0.31","1775.25","71.68","1764.84","1789.22","74.13","93.95","93.12","67.55","1789.40"
"Thu May 21 2026 14:15:00 GMT+0530 (India Standard Time)","1795.50","1798.20","1791.30","1791.50","49404.00","4.71","4.70","0.01","1775.53","19.37","1764.93","1789.60","11.32","93.74","93.13","59.38","1789.56"
"Thu May 21 2026 14:30:00 GMT+0530 (India Standard Time)","1791.50","1797.00","1791.50","1793.60","26115.00","4.59","4.68","-0.09","1776.04","54.35","1765.03","1789.81","31.31","93.85","93.13","61.98","1789.65"
"Thu May 21 2026 14:45:00 GMT+0530 (India Standard Time)","1793.90","1796.50","1792.20","1793.00","47246.00","4.40","4.62","-0.22","1776.52","43.55","1765.14","1790.03","22.11","93.85","93.14","60.79","1789.80"
"Thu May 21 2026 15:00:00 GMT+0530 (India Standard Time)","1793.10","1796.60","1792.50","1796.00","99788.00","4.43","4.58","-0.15","1777.18","81.10","1765.29","1790.37","50.51","93.85","93.14","64.48","1790.15"
"Thu May 21 2026 15:15:00 GMT+0530 (India Standard Time)","1796.00","1796.30","1786.40","1790.00","146430.00","3.93","4.45","-0.52","1777.70","22.15","1765.40","1790.45","0","93.85","93.15","53.61","1790.22"
"Fri May 22 2026 09:15:00 GMT+0530 (India Standard Time)","1793.30","1802.30","1791.40","1792.10","191583.00","3.67","4.30","-0.63","1778.42","48.40","1765.68","1790.61","16.02","93.85","93.15","56.38","1795.27"
"Fri May 22 2026 09:30:00 GMT+0530 (India Standard Time)","1792.70","1797.90","1792.30","1796.90","93159.00","3.80","4.20","-0.40","1779.17","79.70","1766.00","1791.17","48.35","94.10","93.16","61.97","1795.41"
"Fri May 22 2026 09:45:00 GMT+0530 (India Standard Time)","1797.00","1797.30","1793.20","1795.00","53048.00","3.70","4.10","-0.39","1779.75","53.84","1766.32","1791.47","29.78","94.00","93.17","58.76","1795.37"
"Fri May 22 2026 10:00:00 GMT+0530 (India Standard Time)","1795.30","1796.00","1790.30","1790.60","55835.00","3.24","3.93","-0.69","1780.27","21.52","1766.62","1791.59","0","94.00","93.17","52.04","1794.93"
"Fri May 22 2026 10:15:00 GMT+0530 (India Standard Time)","1790.80","1792.00","1788.50","1790.50","59912.00","2.83","3.71","-0.88","1780.77","20.94","1766.90","1791.74","0","94.00","93.18","51.89","1794.33"
"Fri May 22 2026 10:30:00 GMT+0530 (India Standard Time)","1790.50","1795.70","1790.40","1795.60","38543.00","2.88","3.54","-0.66","1781.40","78.69","1767.20","1792.08","33.65","94.27","93.19","58.29","1794.29"
"Fri May 22 2026 10:45:00 GMT+0530 (India Standard Time)","1795.60","1795.60","1785.00","1786.60","45777.00","2.17","3.27","-1.09","1781.89","21.99","1767.50","1791.95","0","94.27","93.20","46.53","1793.85"
"Fri May 22 2026 11:00:00 GMT+0530 (India Standard Time)","1786.10","1790.00","1784.30","1784.90","43481.00","1.46","2.91","-1.45","1782.37","17.29","1767.83","1791.83","0","94.18","93.21","44.69","1793.29"
"Fri May 22 2026 11:15:00 GMT+0530 (India Standard Time)","1784.90","1791.90","1784.90","1789.20","81765.00","1.22","2.57","-1.35","1782.88","60.28","1768.17","1792.00","27.11","94.18","93.21","50.06","1792.72"
"Fri May 22 2026 11:30:00 GMT+0530 (India Standard Time)","1789.20","1793.00","1787.50","1791.80","58895.00","1.23","2.30","-1.07","1783.45","75.61","1768.50","1792.17","42.11","94.32","93.22","53.02","1792.56"
"Fri May 22 2026 11:45:00 GMT+0530 (India Standard Time)","1792.80","1796.40","1791.50","1793.70","57516.00","1.38","2.12","-0.74","1784.02","84.41","1768.87","1792.42","52.71","94.42","93.23","55.12","1792.66"
"Fri May 22 2026 12:00:00 GMT+0530 (India Standard Time)","1793.70","1795.00","1791.20","1792.40","27550.00","1.37","1.97","-0.60","1784.51","56.51","1769.25","1792.57","43.84","94.35","93.24","53.37","1792.67"
"Fri May 22 2026 12:15:00 GMT+0530 (India Standard Time)","1792.40","1793.10","1791.00","1791.50","44506.00","1.28","1.83","-0.55","1784.96","38.77","1769.63","1792.29","43.02","94.35","93.25","52.13","1792.62"
"Fri May 22 2026 12:30:00 GMT+0530 (India Standard Time)","1791.80","1794.50","1790.80","1794.30","43937.00","1.42","1.75","-0.33","1785.50","79.27","1770.03","1792.23","63.01","94.50","93.26","55.58","1792.65"
"Fri May 22 2026 12:45:00 GMT+0530 (India Standard Time)","1794.30","1796.10","1793.10","1794.90","35537.00","1.56","1.71","-0.15","1786.09","83.85","1770.44","1792.20","67.22","94.53","93.27","56.31","1792.73"
"Fri May 22 2026 13:00:00 GMT+0530 (India Standard Time)","1795.00","1795.30","1792.10","1792.20","29783.00","1.43","1.65","-0.22","1786.64","28.06","1770.84","1792.24","53.14","94.38","93.28","52.17","1792.74"
"Fri May 22 2026 13:15:00 GMT+0530 (India Standard Time)","1792.20","1793.60","1791.00","1792.00","36750.00","1.30","1.58","-0.28","1787.34","25.55","1771.26","1792.16","52.74","94.38","93.29","51.86","1792.72"
"Fri May 22 2026 13:30:00 GMT+0530 (India Standard Time)","1792.10","1794.50","1788.50","1789.20","39191.00","0.96","1.46","-0.50","1787.90","7.27","1771.67","1791.97","21.92","94.38","93.29","47.67","1792.65"
"Fri May 22 2026 13:45:00 GMT+0530 (India Standard Time)","1789.20","1790.00","1785.80","1786.80","22700.00","0.49","1.27","-0.77","1788.33","3.27","1772.15","1791.51","0","94.26","93.30","44.37","1792.54"
"Fri May 22 2026 14:00:00 GMT+0530 (India Standard Time)","1786.80","1789.00","1783.80","1787.80","66086.00","0.20","1.05","-0.85","1788.70","33.70","1772.60","1791.40","14.07","94.26","93.31","46.05","1792.21"
"Fri May 22 2026 14:15:00 GMT+0530 (India Standard Time)","1787.70","1789.50","1785.20","1788.20","31210.00","0","0.84","-0.84","1789.08","47.03","1773.06","1791.20","19.87","94.28","93.32","46.74","1792.08"
"Fri May 22 2026 14:30:00 GMT+0530 (India Standard Time)","1788.20","1790.00","1781.30","1781.70","29647.00","-0.67","0.54","-1.21","1789.28","6.24","1773.47","1790.44","0","93.94","93.32","38.16","1791.89"
"Fri May 22 2026 14:45:00 GMT+0530 (India Standard Time)","1781.70","1785.40","1780.50","1782.70","44413.00","-1.12","0.21","-1.32","1789.46","25.99","1773.94","1789.83","10.06","93.94","93.33","39.99","1791.56"
"Fri May 22 2026 15:00:00 GMT+0530 (India Standard Time)","1782.70","1788.50","1781.50","1787.10","119402.00","-1.10","-0.05","-1.05","1789.72","74.07","1774.45","1789.65","50.62","93.94","93.33","47.35","1791.05"
"Fri May 22 2026 15:15:00 GMT+0530 (India Standard Time)","1787.20","1790.00","1785.40","1788.10","133120.00","-0.99","-0.24","-0.75","1790.09","79.98","1774.93","1789.53","59.08","93.94","93.34","48.88","1790.76"
"Mon May 25 2026 09:15:00 GMT+0530 (India Standard Time)","1809.00","1813.30","1795.90","1799.90","272225.00","0.04","-0.18","0.23","1790.41","96.86","1775.37","1789.75","100.00","93.94","93.34","62.70","1803.03"
"Mon May 25 2026 09:30:00 GMT+0530 (India Standard Time)","1800.00","1803.30","1795.00","1795.60","86847.00","0.51","-0.04","0.56","1790.53","59.99","1775.79","1790.20","75.50","93.71","93.34","56.69","1801.81"
"Mon May 25 2026 09:45:00 GMT+0530 (India Standard Time)","1796.00","1801.60","1793.00","1800.00","62503.00","1.22","0.21","1.01","1790.76","77.51","1776.17","1790.95","92.37","93.94","93.35","60.83","1801.27"
"Mon May 25 2026 10:00:00 GMT+0530 (India Standard Time)","1799.90","1802.30","1798.20","1799.80","24619.00","1.75","0.52","1.23","1790.97","74.54","1776.55","1791.48","91.21","93.93","93.35","60.54","1801.21"
"Mon May 25 2026 10:15:00 GMT+0530 (India Standard Time)","1799.80","1802.00","1798.40","1799.40","27562.00","2.11","0.84","1.28","1791.19","64.64","1776.92","1791.86","88.76","93.93","93.36","59.94","1801.13"
"Mon May 25 2026 10:30:00 GMT+0530 (India Standard Time)","1799.40","1801.00","1797.20","1798.20","25711.00","2.28","1.13","1.15","1791.38","35.98","1777.28","1792.09","81.17","93.87","93.36","58.08","1801.01"
"Mon May 25 2026 10:45:00 GMT+0530 (India Standard Time)","1798.20","1807.20","1797.40","1806.00","100423.00","3.00","1.50","1.50","1791.78","90.54","1777.73","1792.77","100.00","93.87","93.37","65.57","1801.44"
"Mon May 25 2026 11:00:00 GMT+0530 (India Standard Time)","1806.00","1806.50","1801.20","1801.30","49127.00","3.16","1.83","1.33","1792.03","44.67","1778.15","1793.26","75.14","93.62","93.37","58.76","1801.55"
"Mon May 25 2026 11:15:00 GMT+0530 (India Standard Time)","1801.60","1804.30","1800.00","1800.00","46696.00","3.14","2.09","1.05","1792.27","34.89","1778.57","1793.54","68.70","93.56","93.37","56.99","1801.55"
"Mon May 25 2026 11:30:00 GMT+0530 (India Standard Time)","1800.80","1803.50","1800.00","1802.40","24514.00","3.29","2.33","0.95","1792.56","63.99","1778.95","1793.92","77.54","93.68","93.37","59.41","1801.56"
"Mon May 25 2026 11:45:00 GMT+0530 (India Standard Time)","1802.40","1803.00","1796.60","1797.40","23852.00","2.96","2.46","0.50","1792.73","22.36","1779.29","1794.18","49.88","93.42","93.37","52.75","1801.48"
"Mon May 25 2026 12:00:00 GMT+0530 (India Standard Time)","1797.40","1800.70","1797.00","1798.70","35044.00","2.78","2.52","0.26","1792.92","41.98","1779.59","1794.51","37.53","93.42","93.37","54.19","1801.36"
"Mon May 25 2026 12:15:00 GMT+0530 (India Standard Time)","1798.70","1801.00","1796.20","1797.90","29113.00","2.54","2.53","0.01","1793.14","32.02","1779.91","1794.95","25.36","93.38","93.37","53.12","1801.25"
"Mon May 25 2026 12:30:00 GMT+0530 (India Standard Time)","1797.90","1800.80","1797.20","1799.00","27860.00","2.41","2.50","-0.09","1793.40","58.87","1780.24","1795.56","13.27","93.44","93.37","54.45","1801.18"
"Mon May 25 2026 12:45:00 GMT+0530 (India Standard Time)","1799.80","1800.00","1796.50","1799.50","14999.00","2.32","2.47","-0.14","1793.62","69.73","1780.48","1796.14","18.15","93.46","93.37","55.08","1801.13"
"Mon May 25 2026 13:00:00 GMT+0530 (India Standard Time)","1799.50","1807.00","1798.50","1806.20","100206.00","2.76","2.53","0.24","1793.97","96.25","1780.78","1797.04","76.14","93.46","93.37","62.51","1801.42"
"Mon May 25 2026 13:15:00 GMT+0530 (India Standard Time)","1806.80","1809.90","1803.20","1803.40","99306.00","2.85","2.59","0.26","1794.25","55.56","1781.10","1798.13","42.34","93.32","93.37","58.18","1801.81"
"Mon May 25 2026 13:30:00 GMT+0530 (India Standard Time)","1803.80","1804.80","1801.60","1802.10","20169.00","2.78","2.63","0.15","1794.35","39.90","1781.39","1799.10","27.14","93.25","93.37","56.23","1801.83"
"Mon May 25 2026 13:45:00 GMT+0530 (India Standard Time)","1802.00","1805.00","1800.90","1802.50","40164.00","2.73","2.65","0.08","1794.49","48.78","1781.71","1799.87","30.89","93.25","93.37","56.71","1801.86"
"Mon May 25 2026 14:00:00 GMT+0530 (India Standard Time)","1802.80","1808.00","1802.50","1804.90","48084.00","2.85","2.69","0.16","1794.68","81.54","1782.02","1800.71","53.26","93.25","93.37","59.58","1802.00"
"Mon May 25 2026 14:15:00 GMT+0530 (India Standard Time)","1805.60","1805.90","1801.00","1801.70","44723.00","2.66","2.68","-0.03","1794.89","30.14","1782.32","1800.80","16.94","93.09","93.37","54.40","1802.03"
"Mon May 25 2026 14:30:00 GMT+0530 (India Standard Time)","1802.20","1803.00","1798.00","1803.00","48210.00","2.58","2.66","-0.08","1795.07","53.80","1782.62","1801.17","34.04","93.09","93.37","56.07","1802.00"
"Mon May 25 2026 14:45:00 GMT+0530 (India Standard Time)","1803.00","1804.30","1800.00","1801.20","45651.00","2.34","2.60","-0.25","1795.24","27.76","1782.92","1801.23","4.31","92.99","93.36","53.17","1802.00"
"Mon May 25 2026 15:00:00 GMT+0530 (India Standard Time)","1801.20","1802.50","1798.00","1801.50","64889.00","2.16","2.51","-0.35","1795.35","37.80","1783.23","1801.31","8.73","92.99","93.36","53.60","1801.93"
"Mon May 25 2026 15:15:00 GMT+0530 (India Standard Time)","1801.50","1808.00","1799.90","1805.00","143075.00","2.27","2.46","-0.20","1795.65","85.33","1783.57","1801.59","56.36","92.99","93.36","58.41","1802.16"
"Tue May 26 2026 09:15:00 GMT+0530 (India Standard Time)","1805.00","1811.00","1800.00","1808.00","131926.00","2.56","2.48","0.08","1795.97","93.65","1783.75","1802.08","95.01","93.15","93.36","62.04","1806.33"
"Tue May 26 2026 09:30:00 GMT+0530 (India Standard Time)","1808.00","1810.10","1804.20","1809.00","58027.00","2.85","2.56","0.29","1796.21","95.39","1784.03","1802.23","100.00","93.20","93.35","63.20","1806.77"
"Tue May 26 2026 09:45:00 GMT+0530 (India Standard Time)","1809.00","1814.40","1805.40","1807.50","98864.00","2.92","2.63","0.29","1796.46","52.33","1784.31","1802.54","70.50","93.20","93.35","60.24","1807.57"
"Tue May 26 2026 10:00:00 GMT+0530 (India Standard Time)","1807.50","1818.60","1805.50","1817.00","144269.00","3.70","2.84","0.86","1796.99","92.90","1784.60","1803.39","100.00","93.20","93.35","69.86","1809.61"
"Tue May 26 2026 10:15:00 GMT+0530 (India Standard Time)","1817.40","1817.80","1812.00","1812.50","76373.00","3.91","3.06","0.85","1797.43","51.43","1784.88","1803.90","54.01","92.97","93.35","62.18","1810.28"
"Tue May 26 2026 10:30:00 GMT+0530 (India Standard Time)","1812.80","1817.00","1811.10","1815.10","102623.00","4.24","3.29","0.94","1797.82","67.96","1785.17","1804.78","68.51","92.97","93.35","64.60","1810.97"
"Tue May 26 2026 10:45:00 GMT+0530 (India Standard Time)","1815.00","1817.00","1811.50","1814.40","55225.00","4.39","3.51","0.88","1798.37","57.44","1785.48","1805.57","61.46","92.93","93.34","63.43","1811.25"
"Tue May 26 2026 11:00:00 GMT+0530 (India Standard Time)","1814.70","1820.50","1813.00","1813.70","96220.00","4.40","3.69","0.71","1798.95","43.85","1785.78","1806.36","54.15","92.93","93.34","62.21","1811.81"
"Tue May 26 2026 11:15:00 GMT+0530 (India Standard Time)","1813.70","1814.00","1808.30","1810.00","102837.00","4.07","3.77","0.30","1799.36","12.53","1786.07","1806.91","17.36","92.93","93.34","56.07","1811.69"
"Tue May 26 2026 11:30:00 GMT+0530 (India Standard Time)","1810.00","1814.30","1808.30","1812.00","42155.00","3.92","3.80","0.12","1799.77","50.64","1786.34","1807.53","31.66","93.04","93.33","58.45","1811.68"
"Tue May 26 2026 11:45:00 GMT+0530 (India Standard Time)","1812.00","1814.30","1810.10","1810.20","34488.00","3.61","3.76","-0.15","1800.10","28.38","1786.56","1807.73","14.14","92.94","93.33","55.53","1811.68"
"Tue May 26 2026 12:00:00 GMT+0530 (India Standard Time)","1810.20","1811.90","1808.00","1809.40","49479.00","3.27","3.66","-0.39","1800.44","20.41","1786.77","1808.03","3.88","92.94","93.33","54.23","1811.58"
"Tue May 26 2026 12:15:00 GMT+0530 (India Standard Time)","1810.00","1811.10","1808.60","1809.40","32787.00","2.96","3.52","-0.56","1800.80","20.41","1786.97","1808.40","0","92.94","93.33","54.23","1811.52"
"Tue May 26 2026 12:30:00 GMT+0530 (India Standard Time)","1809.40","1811.90","1809.20","1810.00","25881.00","2.74","3.36","-0.63","1801.11","56.81","1787.17","1808.77","5.84","92.97","93.32","55.14","1811.49"
"Tue May 26 2026 12:45:00 GMT+0530 (India Standard Time)","1809.50","1810.00","1805.70","1806.90","45688.00","2.28","3.15","-0.87","1801.35","9.92","1787.35","1808.87","0","92.97","93.32","49.64","1811.33"
"Tue May 26 2026 13:00:00 GMT+0530 (India Standard Time)","1807.20","1809.40","1803.40","1804.00","55028.00","1.67","2.85","-1.19","1801.59","3.90","1787.53","1808.99","0","92.97","93.32","45.10","1811.05"
"Tue May 26 2026 13:15:00 GMT+0530 (India Standard Time)","1804.00","1806.00","1803.30","1805.60","30551.00","1.29","2.54","-1.25","1801.86","42.45","1787.76","1809.12","11.42","93.06","93.31","47.93","1810.90"
"Tue May 26 2026 13:30:00 GMT+0530 (India Standard Time)","1806.00","1806.20","1804.00","1806.00","91951.00","1.02","2.24","-1.22","1802.19","52.06","1787.93","1809.36","18.15","93.06","93.31","48.64","1810.50"
"Tue May 26 2026 13:45:00 GMT+0530 (India Standard Time)","1806.00","1809.00","1803.70","1809.00","151033.00","1.03","1.99","-0.96","1802.64","86.33","1788.12","1809.73","44.35","93.06","93.31","53.75","1810.15"
"Tue May 26 2026 14:00:00 GMT+0530 (India Standard Time)","1809.00","1809.80","1805.30","1806.10","51371.00","0.80","1.76","-0.96","1803.00","36.24","1788.30","1809.79","19.67","92.91","93.31","48.71","1810.05"
"Tue May 26 2026 14:15:00 GMT+0530 (India Standard Time)","1806.10","1810.00","1806.10","1808.30","55793.00","0.78","1.56","-0.78","1803.41","66.09","1788.47","1809.80","42.43","92.91","93.30","52.36","1809.98"
"Tue May 26 2026 14:30:00 GMT+0530 (India Standard Time)","1808.30","1812.70","1807.80","1807.90","68152.00","0.73","1.39","-0.67","1803.93","56.48","1788.67","1809.75","48.96","92.91","93.30","51.64","1809.96"
"Tue May 26 2026 14:45:00 GMT+0530 (India Standard Time)","1807.80","1812.00","1807.40","1812.00","69668.00","1.00","1.32","-0.31","1804.52","89.07","1788.88","1809.97","96.69","92.91","93.30","58.01","1809.98"
"Tue May 26 2026 15:00:00 GMT+0530 (India Standard Time)","1812.00","1812.00","1810.00","1810.70","173245.00","1.11","1.27","-0.17","1804.99","60.39","1789.08","1809.66","80.65","92.91","93.30","55.51","1810.06"
"Tue May 26 2026 15:15:00 GMT+0530 (India Standard Time)","1810.70","1813.70","1805.00","1809.90","256793.00","1.11","1.24","-0.13","1805.42","43.25","1789.22","1809.53","68.72","92.91","93.29","53.97","1810.00"
"Wed May 27 2026 09:15:00 GMT+0530 (India Standard Time)","1810.00","1840.00","1809.90","1829.10","354661.00","2.63","1.52","1.11","1806.01","96.12","1789.46","1810.23","100.00","92.91","93.29","73.20","1826.33"
"Wed May 27 2026 09:30:00 GMT+0530 (India Standard Time)","1829.50","1831.00","1817.10","1817.90","162624.00","2.90","1.80","1.10","1806.45","46.06","1789.65","1810.40","45.85","92.34","93.28","57.98","1824.97"
"Wed May 27 2026 09:45:00 GMT+0530 (India Standard Time)","1817.90","1818.70","1812.00","1814.90","67156.00","2.84","2.00","0.83","1806.75","36.01","1789.70","1810.46","34.18","92.19","93.27","54.70","1823.85"
"Wed May 27 2026 10:00:00 GMT+0530 (India Standard Time)","1814.90","1826.00","1813.80","1823.50","83544.00","3.44","2.29","1.15","1807.23","71.57","1789.77","1811.14","58.15","92.19","93.26","61.44","1823.50"
"Wed May 27 2026 10:15:00 GMT+0530 (India Standard Time)","1823.90","1830.00","1823.00","1829.60","50979.00","4.36","2.71","1.66","1807.83","84.10","1789.87","1812.02","69.03","92.49","93.26","65.37","1823.79"
"Wed May 27 2026 10:30:00 GMT+0530 (India Standard Time)","1829.00","1835.00","1826.40","1832.20","125111.00","5.24","3.21","2.03","1808.51","88.44","1789.99","1813.12","74.43","92.49","93.25","66.92","1824.89"
"Wed May 27 2026 10:45:00 GMT+0530 (India Standard Time)","1832.20","1842.80","1830.90","1837.00","180479.00","6.26","3.82","2.43","1809.13","94.25","1790.07","1814.50","85.39","92.49","93.25","69.62","1827.00"
"Wed May 27 2026 11:00:00 GMT+0530 (India Standard Time)","1837.00","1837.60","1829.00","1829.90","71691.00","6.41","4.34","2.07","1809.70","37.92","1790.16","1815.52","52.68","92.14","93.24","61.61","1827.34"
"Wed May 27 2026 11:15:00 GMT+0530 (India Standard Time)","1829.90","1831.00","1826.50","1829.70","32683.00","6.44","4.76","1.68","1810.30","36.68","1790.25","1816.51","45.25","92.13","93.23","61.39","1827.39"
"Wed May 27 2026 11:30:00 GMT+0530 (India Standard Time)","1828.00","1832.80","1827.40","1828.00","45377.00","6.26","5.06","1.20","1810.81","23.61","1790.37","1817.56","36.46","92.13","93.22","59.50","1827.47"
"Wed May 27 2026 11:45:00 GMT+0530 (India Standard Time)","1828.00","1829.70","1825.20","1826.90","42496.00","5.96","5.24","0.72","1811.40","16.16","1790.49","1818.71","22.22","92.07","93.21","58.25","1827.46"
"Wed May 27 2026 12:00:00 GMT+0530 (India Standard Time)","1828.00","1828.90","1825.00","1825.90","47082.00","5.57","5.31","0.27","1811.94","10.27","1790.55","1819.72","16.10","92.07","93.20","57.07","1827.43"
"Wed May 27 2026 12:15:00 GMT+0530 (India Standard Time)","1825.90","1829.30","1824.50","1826.20","39361.00","5.23","5.29","-0.06","1812.51","26.37","1790.64","1820.73","17.55","92.09","93.19","57.35","1827.41"
"Wed May 27 2026 12:30:00 GMT+0530 (India Standard Time)","1826.20","1828.80","1824.40","1827.90","19452.00","5.04","5.24","-0.20","1813.09","75.74","1790.70","1821.68","23.07","92.17","93.19","58.97","1827.40"
"Wed May 27 2026 12:45:00 GMT+0530 (India Standard Time)","1827.90","1829.50","1824.50","1825.00","32233.00","4.60","5.11","-0.51","1813.60","23.04","1790.73","1822.62","2.77","92.17","93.18","55.12","1827.38"
"Wed May 27 2026 13:00:00 GMT+0530 (India Standard Time)","1825.00","1827.00","1823.50","1825.90","34541.00","4.28","4.95","-0.67","1813.99","46.25","1790.77","1823.50","9.20","92.17","93.17","56.08","1827.33"
"Wed May 27 2026 13:15:00 GMT+0530 (India Standard Time)","1825.90","1826.60","1823.00","1824.10","23223.00","3.83","4.72","-0.89","1814.40","20.96","1790.83","1824.31","0","92.08","93.16","53.61","1827.28"
"Wed May 27 2026 13:30:00 GMT+0530 (India Standard Time)","1823.20","1838.80","1822.50","1835.80","117179.00","4.37","4.65","-0.28","1815.08","90.25","1791.00","1825.50","68.24","92.08","93.15","64.53","1827.67"
"Wed May 27 2026 13:45:00 GMT+0530 (India Standard Time)","1835.80","1836.00","1831.30","1833.00","28769.00","4.52","4.63","-0.11","1815.69","63.58","1791.17","1826.62","45.17","91.94","93.14","60.84","1827.78"
"Wed May 27 2026 14:00:00 GMT+0530 (India Standard Time)","1833.00","1835.00","1832.10","1834.30","28706.00","4.69","4.64","0.05","1816.28","71.42","1791.31","1827.84","51.98","92.01","93.14","61.93","1827.89"
"Wed May 27 2026 14:15:00 GMT+0530 (India Standard Time)","1833.30","1834.20","1827.00","1829.80","31035.00","4.41","4.59","-0.18","1816.84","28.67","1791.45","1827.87","22.92","92.01","93.13","56.11","1827.93"
"Wed May 27 2026 14:30:00 GMT+0530 (India Standard Time)","1829.80","1831.90","1827.10","1830.70","59971.00","4.21","4.52","-0.30","1817.39","42.45","1791.61","1828.51","30.88","92.01","93.12","56.98","1828.01"
"Wed May 27 2026 14:45:00 GMT+0530 (India Standard Time)","1830.70","1834.10","1828.00","1830.20","66791.00","3.97","4.41","-0.44","1817.97","34.95","1791.78","1829.28","24.77","92.01","93.11","56.31","1828.11"
"Wed May 27 2026 15:00:00 GMT+0530 (India Standard Time)","1829.60","1830.70","1822.20","1823.10","138451.00","3.17","4.16","-0.99","1818.40","5.81","1791.90","1829.26","0","92.01","93.10","47.75","1827.91"
"Wed May 27 2026 15:15:00 GMT+0530 (India Standard Time)","1823.10","1825.80","1820.20","1823.00","205701.00","2.50","3.83","-1.33","1818.76","5.67","1792.06","1828.93","0","92.01","93.09","47.64","1827.42"
"Fri May 29 2026 09:15:00 GMT+0530 (India Standard Time)","1836.40","1840.70","1804.00","1808.50","327742.00","0.79","3.22","-2.43","1818.77","0.74","1792.30","1827.74","0","92.01","93.08","35.05","1817.73"
"Fri May 29 2026 09:30:00 GMT+0530 (India Standard Time)","1807.90","1818.90","1807.50","1808.70","195380.00","-0.55","2.47","-3.01","1818.77","3.07","1792.57","1826.33","0.86","92.02","93.07","35.30","1815.48"
"Fri May 29 2026 09:45:00 GMT+0530 (India Standard Time)","1808.70","1817.90","1806.10","1808.50","157618.00","-1.60","1.65","-3.26","1818.79","2.93","1792.85","1825.26","0.36","92.01","93.07","35.15","1814.40"
"Fri May 29 2026 10:00:00 GMT+0530 (India Standard Time)","1808.50","1812.00","1807.40","1809.90","80048.00","-2.30","0.86","-3.16","1818.65","40.32","1793.13","1824.27","7.10","92.08","93.06","37.14","1813.92"
"Fri May 29 2026 10:15:00 GMT+0530 (India Standard Time)","1809.30","1810.30","1805.00","1805.30","99730.00","-3.19","0.05","-3.24","1818.50","11.42","1793.39","1823.13","0","92.08","93.05","33.51","1813.10"
"Fri May 29 2026 10:30:00 GMT+0530 (India Standard Time)","1805.30","1806.00","1801.00","1801.00","65322.00","-4.19","-0.80","-3.39","1818.22","4.88","1793.62","1821.84","0","91.86","93.04","30.50","1812.36"
"Fri May 29 2026 10:45:00 GMT+0530 (India Standard Time)","1799.60","1807.20","1798.20","1804.90","96144.00","-4.61","-1.56","-3.05","1818.03","53.34","1793.86","1820.79","17.81","91.86","93.03","36.10","1811.52"
"Fri May 29 2026 11:00:00 GMT+0530 (India Standard Time)","1804.90","1816.00","1804.70","1815.80","107709.00","-4.03","-2.05","-1.97","1818.07","87.88","1794.14","1820.27","57.48","91.86","93.02","48.57","1811.58"
"Fri May 29 2026 11:15:00 GMT+0530 (India Standard Time)","1815.50","1818.50","1812.10","1814.40","97170.00","-3.63","-2.37","-1.26","1818.16","73.84","1794.37","1819.59","63.40","91.79","93.01","47.29","1811.85"
"Fri May 29 2026 11:30:00 GMT+0530 (India Standard Time)","1814.30","1817.60","1811.90","1815.00","67007.00","-3.23","-2.54","-0.69","1818.22","76.99","1794.58","1819.09","65.78","91.82","93.00","47.92","1812.01"
"Fri May 29 2026 11:45:00 GMT+0530 (India Standard Time)","1815.00","1817.50","1814.50","1815.30","39858.00","-2.86","-2.60","-0.25","1818.32","79.46","1794.81","1818.56","68.78","91.83","93.00","48.25","1812.12"
"Fri May 29 2026 12:00:00 GMT+0530 (India Standard Time)","1815.30","1817.60","1808.70","1810.50","62627.00","-2.92","-2.67","-0.25","1818.34","17.90","1795.03","1817.88","71.71","91.83","92.99","43.45","1812.13"
"Fri May 29 2026 12:15:00 GMT+0530 (India Standard Time)","1810.30","1815.20","1808.80","1813.30","33962.00","-2.70","-2.67","-0.03","1818.42","56.88","1795.22","1816.76","90.12","91.97","92.98","46.78","1812.14"
"Fri May 29 2026 12:30:00 GMT+0530 (India Standard Time)","1813.20","1817.70","1810.40","1817.10","38607.00","-2.20","-2.58","0.38","1818.56","81.16","1795.43","1815.96","100.00","91.97","92.97","50.99","1812.21"
"Fri May 29 2026 12:45:00 GMT+0530 (India Standard Time)","1817.10","1819.80","1813.80","1816.70","57033.00","-1.82","-2.43","0.61","1818.76","72.56","1795.62","1815.08","97.79","91.97","92.96","50.54","1812.38"
"Fri May 29 2026 13:00:00 GMT+0530 (India Standard Time)","1816.70","1816.80","1807.10","1807.40","48708.00","-2.24","-2.39","0.15","1818.83","12.24","1795.80","1813.96","52.87","91.50","92.95","41.34","1812.32"
"Fri May 29 2026 13:15:00 GMT+0530 (India Standard Time)","1807.40","1810.60","1805.40","1807.40","66364.00","-2.54","-2.42","-0.12","1818.86","12.24","1795.97","1812.80","52.87","91.50","92.94","41.34","1812.14"
"Fri May 29 2026 13:30:00 GMT+0530 (India Standard Time)","1807.30","1811.20","1805.00","1807.10","53389.00","-2.78","-2.49","-0.28","1818.89","11.05","1796.12","1811.64","51.50","91.49","92.93","41.06","1812.00"
"Fri May 29 2026 13:45:00 GMT+0530 (India Standard Time)","1807.60","1808.80","1804.00","1807.60","62360.00","-2.89","-2.57","-0.32","1818.86","32.77","1796.24","1810.87","54.96","91.49","92.92","41.76","1811.82"
"Fri May 29 2026 14:00:00 GMT+0530 (India Standard Time)","1807.70","1807.80","1802.60","1804.10","49315.00","-3.22","-2.70","-0.52","1818.82","7.42","1796.35","1809.92","14.77","91.31","92.90","38.30","1811.63"
"Fri May 29 2026 14:15:00 GMT+0530 (India Standard Time)","1804.10","1804.70","1800.80","1802.40","65184.00","-3.58","-2.88","-0.70","1818.70","4.23","1796.45","1809.62","0","91.31","92.89","36.71","1811.31"
"Fri May 29 2026 14:30:00 GMT+0530 (India Standard Time)","1802.40","1809.00","1802.40","1807.50","51457.00","-3.41","-2.98","-0.43","1818.69","73.21","1796.57","1809.56","52.47","91.57","92.88","44.20","1811.18"
"Fri May 29 2026 14:45:00 GMT+0530 (India Standard Time)","1807.50","1808.00","1800.50","1803.20","61564.00","-3.59","-3.10","-0.48","1818.52","33.06","1796.69","1809.29","22.43","91.57","92.87","39.91","1810.95"
"Fri May 29 2026 15:00:00 GMT+0530 (India Standard Time)","1803.10","1807.60","1796.40","1802.90","805561.00","-3.71","-3.23","-0.48","1818.36","30.71","1796.76","1808.95","20.41","91.57","92.86","39.62","1808.45"
"Fri May 29 2026 15:15:00 GMT+0530 (India Standard Time)","1803.40","1814.00","1801.20","1809.20","723701.00","-3.26","-3.23","-0.03","1818.35","82.61","1796.89","1809.14","79.89","91.89","92.85","48.12","1808.39"